# Original Runaway Chimps regeneration kit. Metres; Y up; +Z front.
mtllib RegenerationLab.mtl
v -0.340000004 0.284999996 -0.208499998
v -0.340000004 0.307000011 -0.208499998
v -0.340000004 0.307000011 -0.213499993
v -0.340000004 0.284999996 -0.213499993
v 0.340000004 0.284999996 -0.213499993
v 0.340000004 0.307000011 -0.213499993
v 0.340000004 0.307000011 -0.208499998
v 0.340000004 0.284999996 -0.208499998
v -0.335999995 0.280999988 -0.213499993
v 0.335999995 0.280999988 -0.213499993
v 0.335999995 0.280999988 -0.208499998
v -0.335999995 0.280999988 -0.208499998
v -0.335999995 0.31099999 -0.208499998
v 0.335999995 0.31099999 -0.208499998
v 0.335999995 0.31099999 -0.213499993
v -0.335999995 0.31099999 -0.213499993
v -0.335999995 0.307000011 -0.217500001
v 0.335999995 0.307000011 -0.217500001
v 0.335999995 0.284999996 -0.217500001
v -0.335999995 0.284999996 -0.217500001
v -0.335999995 0.284999996 -0.204500005
v 0.335999995 0.284999996 -0.204500005
v 0.335999995 0.307000011 -0.204500005
v -0.335999995 0.307000011 -0.204500005
v -0.335999995 0.284999996 -0.217500001
v 0.335999995 0.284999996 -0.217500001
v 0.335999995 0.280999988 -0.213499993
v -0.335999995 0.280999988 -0.213499993
v -0.335999995 0.280999988 -0.208499998
v 0.335999995 0.280999988 -0.208499998
v 0.335999995 0.284999996 -0.204500005
v -0.335999995 0.284999996 -0.204500005
v -0.335999995 0.31099999 -0.213499993
v 0.335999995 0.31099999 -0.213499993
v 0.335999995 0.307000011 -0.217500001
v -0.335999995 0.307000011 -0.217500001
v -0.335999995 0.307000011 -0.204500005
v 0.335999995 0.307000011 -0.204500005
v 0.335999995 0.31099999 -0.208499998
v -0.335999995 0.31099999 -0.208499998
v -0.340000004 0.284999996 -0.213499993
v -0.340000004 0.307000011 -0.213499993
v -0.335999995 0.307000011 -0.217500001
v -0.335999995 0.284999996 -0.217500001
v -0.335999995 0.284999996 -0.204500005
v -0.335999995 0.307000011 -0.204500005
v -0.340000004 0.307000011 -0.208499998
v -0.340000004 0.284999996 -0.208499998
v 0.335999995 0.284999996 -0.217500001
v 0.335999995 0.307000011 -0.217500001
v 0.340000004 0.307000011 -0.213499993
v 0.340000004 0.284999996 -0.213499993
v 0.340000004 0.284999996 -0.208499998
v 0.340000004 0.307000011 -0.208499998
v 0.335999995 0.307000011 -0.204500005
v 0.335999995 0.284999996 -0.204500005
v -0.335999995 0.280999988 -0.213499993
v -0.335999995 0.280999988 -0.208499998
v -0.340000004 0.284999996 -0.208499998
v -0.340000004 0.284999996 -0.213499993
v -0.340000004 0.307000011 -0.213499993
v -0.340000004 0.307000011 -0.208499998
v -0.335999995 0.31099999 -0.208499998
v -0.335999995 0.31099999 -0.213499993
v 0.340000004 0.284999996 -0.213499993
v 0.340000004 0.284999996 -0.208499998
v 0.335999995 0.280999988 -0.208499998
v 0.335999995 0.280999988 -0.213499993
v 0.335999995 0.31099999 -0.213499993
v 0.335999995 0.31099999 -0.208499998
v 0.340000004 0.307000011 -0.208499998
v 0.340000004 0.307000011 -0.213499993
v -0.335999995 0.284999996 -0.217500001
v -0.335999995 0.280999988 -0.213499993
v -0.340000004 0.284999996 -0.213499993
v -0.340000004 0.284999996 -0.208499998
v -0.335999995 0.280999988 -0.208499998
v -0.335999995 0.284999996 -0.204500005
v -0.340000004 0.307000011 -0.213499993
v -0.335999995 0.31099999 -0.213499993
v -0.335999995 0.307000011 -0.217500001
v -0.335999995 0.307000011 -0.204500005
v -0.335999995 0.31099999 -0.208499998
v -0.340000004 0.307000011 -0.208499998
v 0.340000004 0.284999996 -0.213499993
v 0.335999995 0.280999988 -0.213499993
v 0.335999995 0.284999996 -0.217500001
v 0.335999995 0.284999996 -0.204500005
v 0.335999995 0.280999988 -0.208499998
v 0.340000004 0.284999996 -0.208499998
v 0.335999995 0.307000011 -0.217500001
v 0.335999995 0.31099999 -0.213499993
v 0.340000004 0.307000011 -0.213499993
v 0.340000004 0.307000011 -0.208499998
v 0.335999995 0.31099999 -0.208499998
v 0.335999995 0.307000011 -0.204500005
v -0.340000004 0.284999996 0.213499993
v -0.340000004 0.307000011 0.213499993
v -0.340000004 0.307000011 0.208499998
v -0.340000004 0.284999996 0.208499998
v 0.340000004 0.284999996 0.208499998
v 0.340000004 0.307000011 0.208499998
v 0.340000004 0.307000011 0.213499993
v 0.340000004 0.284999996 0.213499993
v -0.335999995 0.280999988 0.208499998
v 0.335999995 0.280999988 0.208499998
v 0.335999995 0.280999988 0.213499993
v -0.335999995 0.280999988 0.213499993
v -0.335999995 0.31099999 0.213499993
v 0.335999995 0.31099999 0.213499993
v 0.335999995 0.31099999 0.208499998
v -0.335999995 0.31099999 0.208499998
v -0.335999995 0.307000011 0.204500005
v 0.335999995 0.307000011 0.204500005
v 0.335999995 0.284999996 0.204500005
v -0.335999995 0.284999996 0.204500005
v -0.335999995 0.284999996 0.217500001
v 0.335999995 0.284999996 0.217500001
v 0.335999995 0.307000011 0.217500001
v -0.335999995 0.307000011 0.217500001
v -0.335999995 0.284999996 0.204500005
v 0.335999995 0.284999996 0.204500005
v 0.335999995 0.280999988 0.208499998
v -0.335999995 0.280999988 0.208499998
v -0.335999995 0.280999988 0.213499993
v 0.335999995 0.280999988 0.213499993
v 0.335999995 0.284999996 0.217500001
v -0.335999995 0.284999996 0.217500001
v -0.335999995 0.31099999 0.208499998
v 0.335999995 0.31099999 0.208499998
v 0.335999995 0.307000011 0.204500005
v -0.335999995 0.307000011 0.204500005
v -0.335999995 0.307000011 0.217500001
v 0.335999995 0.307000011 0.217500001
v 0.335999995 0.31099999 0.213499993
v -0.335999995 0.31099999 0.213499993
v -0.340000004 0.284999996 0.208499998
v -0.340000004 0.307000011 0.208499998
v -0.335999995 0.307000011 0.204500005
v -0.335999995 0.284999996 0.204500005
v -0.335999995 0.284999996 0.217500001
v -0.335999995 0.307000011 0.217500001
v -0.340000004 0.307000011 0.213499993
v -0.340000004 0.284999996 0.213499993
v 0.335999995 0.284999996 0.204500005
v 0.335999995 0.307000011 0.204500005
v 0.340000004 0.307000011 0.208499998
v 0.340000004 0.284999996 0.208499998
v 0.340000004 0.284999996 0.213499993
v 0.340000004 0.307000011 0.213499993
v 0.335999995 0.307000011 0.217500001
v 0.335999995 0.284999996 0.217500001
v -0.335999995 0.280999988 0.208499998
v -0.335999995 0.280999988 0.213499993
v -0.340000004 0.284999996 0.213499993
v -0.340000004 0.284999996 0.208499998
v -0.340000004 0.307000011 0.208499998
v -0.340000004 0.307000011 0.213499993
v -0.335999995 0.31099999 0.213499993
v -0.335999995 0.31099999 0.208499998
v 0.340000004 0.284999996 0.208499998
v 0.340000004 0.284999996 0.213499993
v 0.335999995 0.280999988 0.213499993
v 0.335999995 0.280999988 0.208499998
v 0.335999995 0.31099999 0.208499998
v 0.335999995 0.31099999 0.213499993
v 0.340000004 0.307000011 0.213499993
v 0.340000004 0.307000011 0.208499998
v -0.335999995 0.284999996 0.204500005
v -0.335999995 0.280999988 0.208499998
v -0.340000004 0.284999996 0.208499998
v -0.340000004 0.284999996 0.213499993
v -0.335999995 0.280999988 0.213499993
v -0.335999995 0.284999996 0.217500001
v -0.340000004 0.307000011 0.208499998
v -0.335999995 0.31099999 0.208499998
v -0.335999995 0.307000011 0.204500005
v -0.335999995 0.307000011 0.217500001
v -0.335999995 0.31099999 0.213499993
v -0.340000004 0.307000011 0.213499993
v 0.340000004 0.284999996 0.208499998
v 0.335999995 0.280999988 0.208499998
v 0.335999995 0.284999996 0.204500005
v 0.335999995 0.284999996 0.217500001
v 0.335999995 0.280999988 0.213499993
v 0.340000004 0.284999996 0.213499993
v 0.335999995 0.307000011 0.204500005
v 0.335999995 0.31099999 0.208499998
v 0.340000004 0.307000011 0.208499998
v 0.340000004 0.307000011 0.213499993
v 0.335999995 0.31099999 0.213499993
v 0.335999995 0.307000011 0.217500001
v -0.341500014 0.284999996 0.201000005
v -0.341500014 0.307000011 0.201000005
v -0.341500014 0.307000011 -0.201000005
v -0.341500014 0.284999996 -0.201000005
v -0.328500003 0.284999996 -0.201000005
v -0.328500003 0.307000011 -0.201000005
v -0.328500003 0.307000011 0.201000005
v -0.328500003 0.284999996 0.201000005
v -0.337500006 0.280999988 -0.201000005
v -0.332500011 0.280999988 -0.201000005
v -0.332500011 0.280999988 0.201000005
v -0.337500006 0.280999988 0.201000005
v -0.337500006 0.31099999 0.201000005
v -0.332500011 0.31099999 0.201000005
v -0.332500011 0.31099999 -0.201000005
v -0.337500006 0.31099999 -0.201000005
v -0.337500006 0.307000011 -0.204999998
v -0.332500011 0.307000011 -0.204999998
v -0.332500011 0.284999996 -0.204999998
v -0.337500006 0.284999996 -0.204999998
v -0.337500006 0.284999996 0.204999998
v -0.332500011 0.284999996 0.204999998
v -0.332500011 0.307000011 0.204999998
v -0.337500006 0.307000011 0.204999998
v -0.337500006 0.284999996 -0.204999998
v -0.332500011 0.284999996 -0.204999998
v -0.332500011 0.280999988 -0.201000005
v -0.337500006 0.280999988 -0.201000005
v -0.337500006 0.280999988 0.201000005
v -0.332500011 0.280999988 0.201000005
v -0.332500011 0.284999996 0.204999998
v -0.337500006 0.284999996 0.204999998
v -0.337500006 0.31099999 -0.201000005
v -0.332500011 0.31099999 -0.201000005
v -0.332500011 0.307000011 -0.204999998
v -0.337500006 0.307000011 -0.204999998
v -0.337500006 0.307000011 0.204999998
v -0.332500011 0.307000011 0.204999998
v -0.332500011 0.31099999 0.201000005
v -0.337500006 0.31099999 0.201000005
v -0.341500014 0.284999996 -0.201000005
v -0.341500014 0.307000011 -0.201000005
v -0.337500006 0.307000011 -0.204999998
v -0.337500006 0.284999996 -0.204999998
v -0.337500006 0.284999996 0.204999998
v -0.337500006 0.307000011 0.204999998
v -0.341500014 0.307000011 0.201000005
v -0.341500014 0.284999996 0.201000005
v -0.332500011 0.284999996 -0.204999998
v -0.332500011 0.307000011 -0.204999998
v -0.328500003 0.307000011 -0.201000005
v -0.328500003 0.284999996 -0.201000005
v -0.328500003 0.284999996 0.201000005
v -0.328500003 0.307000011 0.201000005
v -0.332500011 0.307000011 0.204999998
v -0.332500011 0.284999996 0.204999998
v -0.337500006 0.280999988 -0.201000005
v -0.337500006 0.280999988 0.201000005
v -0.341500014 0.284999996 0.201000005
v -0.341500014 0.284999996 -0.201000005
v -0.341500014 0.307000011 -0.201000005
v -0.341500014 0.307000011 0.201000005
v -0.337500006 0.31099999 0.201000005
v -0.337500006 0.31099999 -0.201000005
v -0.328500003 0.284999996 -0.201000005
v -0.328500003 0.284999996 0.201000005
v -0.332500011 0.280999988 0.201000005
v -0.332500011 0.280999988 -0.201000005
v -0.332500011 0.31099999 -0.201000005
v -0.332500011 0.31099999 0.201000005
v -0.328500003 0.307000011 0.201000005
v -0.328500003 0.307000011 -0.201000005
v -0.337500006 0.284999996 -0.204999998
v -0.337500006 0.280999988 -0.201000005
v -0.341500014 0.284999996 -0.201000005
v -0.341500014 0.284999996 0.201000005
v -0.337500006 0.280999988 0.201000005
v -0.337500006 0.284999996 0.204999998
v -0.341500014 0.307000011 -0.201000005
v -0.337500006 0.31099999 -0.201000005
v -0.337500006 0.307000011 -0.204999998
v -0.337500006 0.307000011 0.204999998
v -0.337500006 0.31099999 0.201000005
v -0.341500014 0.307000011 0.201000005
v -0.328500003 0.284999996 -0.201000005
v -0.332500011 0.280999988 -0.201000005
v -0.332500011 0.284999996 -0.204999998
v -0.332500011 0.284999996 0.204999998
v -0.332500011 0.280999988 0.201000005
v -0.328500003 0.284999996 0.201000005
v -0.332500011 0.307000011 -0.204999998
v -0.332500011 0.31099999 -0.201000005
v -0.328500003 0.307000011 -0.201000005
v -0.328500003 0.307000011 0.201000005
v -0.332500011 0.31099999 0.201000005
v -0.332500011 0.307000011 0.204999998
v 0.328500003 0.284999996 0.201000005
v 0.328500003 0.307000011 0.201000005
v 0.328500003 0.307000011 -0.201000005
v 0.328500003 0.284999996 -0.201000005
v 0.341500014 0.284999996 -0.201000005
v 0.341500014 0.307000011 -0.201000005
v 0.341500014 0.307000011 0.201000005
v 0.341500014 0.284999996 0.201000005
v 0.332500011 0.280999988 -0.201000005
v 0.337500006 0.280999988 -0.201000005
v 0.337500006 0.280999988 0.201000005
v 0.332500011 0.280999988 0.201000005
v 0.332500011 0.31099999 0.201000005
v 0.337500006 0.31099999 0.201000005
v 0.337500006 0.31099999 -0.201000005
v 0.332500011 0.31099999 -0.201000005
v 0.332500011 0.307000011 -0.204999998
v 0.337500006 0.307000011 -0.204999998
v 0.337500006 0.284999996 -0.204999998
v 0.332500011 0.284999996 -0.204999998
v 0.332500011 0.284999996 0.204999998
v 0.337500006 0.284999996 0.204999998
v 0.337500006 0.307000011 0.204999998
v 0.332500011 0.307000011 0.204999998
v 0.332500011 0.284999996 -0.204999998
v 0.337500006 0.284999996 -0.204999998
v 0.337500006 0.280999988 -0.201000005
v 0.332500011 0.280999988 -0.201000005
v 0.332500011 0.280999988 0.201000005
v 0.337500006 0.280999988 0.201000005
v 0.337500006 0.284999996 0.204999998
v 0.332500011 0.284999996 0.204999998
v 0.332500011 0.31099999 -0.201000005
v 0.337500006 0.31099999 -0.201000005
v 0.337500006 0.307000011 -0.204999998
v 0.332500011 0.307000011 -0.204999998
v 0.332500011 0.307000011 0.204999998
v 0.337500006 0.307000011 0.204999998
v 0.337500006 0.31099999 0.201000005
v 0.332500011 0.31099999 0.201000005
v 0.328500003 0.284999996 -0.201000005
v 0.328500003 0.307000011 -0.201000005
v 0.332500011 0.307000011 -0.204999998
v 0.332500011 0.284999996 -0.204999998
v 0.332500011 0.284999996 0.204999998
v 0.332500011 0.307000011 0.204999998
v 0.328500003 0.307000011 0.201000005
v 0.328500003 0.284999996 0.201000005
v 0.337500006 0.284999996 -0.204999998
v 0.337500006 0.307000011 -0.204999998
v 0.341500014 0.307000011 -0.201000005
v 0.341500014 0.284999996 -0.201000005
v 0.341500014 0.284999996 0.201000005
v 0.341500014 0.307000011 0.201000005
v 0.337500006 0.307000011 0.204999998
v 0.337500006 0.284999996 0.204999998
v 0.332500011 0.280999988 -0.201000005
v 0.332500011 0.280999988 0.201000005
v 0.328500003 0.284999996 0.201000005
v 0.328500003 0.284999996 -0.201000005
v 0.328500003 0.307000011 -0.201000005
v 0.328500003 0.307000011 0.201000005
v 0.332500011 0.31099999 0.201000005
v 0.332500011 0.31099999 -0.201000005
v 0.341500014 0.284999996 -0.201000005
v 0.341500014 0.284999996 0.201000005
v 0.337500006 0.280999988 0.201000005
v 0.337500006 0.280999988 -0.201000005
v 0.337500006 0.31099999 -0.201000005
v 0.337500006 0.31099999 0.201000005
v 0.341500014 0.307000011 0.201000005
v 0.341500014 0.307000011 -0.201000005
v 0.332500011 0.284999996 -0.204999998
v 0.332500011 0.280999988 -0.201000005
v 0.328500003 0.284999996 -0.201000005
v 0.328500003 0.284999996 0.201000005
v 0.332500011 0.280999988 0.201000005
v 0.332500011 0.284999996 0.204999998
v 0.328500003 0.307000011 -0.201000005
v 0.332500011 0.31099999 -0.201000005
v 0.332500011 0.307000011 -0.204999998
v 0.332500011 0.307000011 0.204999998
v 0.332500011 0.31099999 0.201000005
v 0.328500003 0.307000011 0.201000005
v 0.341500014 0.284999996 -0.201000005
v 0.337500006 0.280999988 -0.201000005
v 0.337500006 0.284999996 -0.204999998
v 0.337500006 0.284999996 0.204999998
v 0.337500006 0.280999988 0.201000005
v 0.341500014 0.284999996 0.201000005
v 0.337500006 0.307000011 -0.204999998
v 0.337500006 0.31099999 -0.201000005
v 0.341500014 0.307000011 -0.201000005
v 0.341500014 0.307000011 0.201000005
v 0.337500006 0.31099999 0.201000005
v 0.337500006 0.307000011 0.204999998
v -0.340000004 0.522000015 -0.208499998
v -0.340000004 0.54400003 -0.208499998
v -0.340000004 0.54400003 -0.213499993
v -0.340000004 0.522000015 -0.213499993
v 0.340000004 0.522000015 -0.213499993
v 0.340000004 0.54400003 -0.213499993
v 0.340000004 0.54400003 -0.208499998
v 0.340000004 0.522000015 -0.208499998
v -0.335999995 0.518000007 -0.213499993
v 0.335999995 0.518000007 -0.213499993
v 0.335999995 0.518000007 -0.208499998
v -0.335999995 0.518000007 -0.208499998
v -0.335999995 0.547999978 -0.208499998
v 0.335999995 0.547999978 -0.208499998
v 0.335999995 0.547999978 -0.213499993
v -0.335999995 0.547999978 -0.213499993
v -0.335999995 0.54400003 -0.217500001
v 0.335999995 0.54400003 -0.217500001
v 0.335999995 0.522000015 -0.217500001
v -0.335999995 0.522000015 -0.217500001
v -0.335999995 0.522000015 -0.204500005
v 0.335999995 0.522000015 -0.204500005
v 0.335999995 0.54400003 -0.204500005
v -0.335999995 0.54400003 -0.204500005
v -0.335999995 0.522000015 -0.217500001
v 0.335999995 0.522000015 -0.217500001
v 0.335999995 0.518000007 -0.213499993
v -0.335999995 0.518000007 -0.213499993
v -0.335999995 0.518000007 -0.208499998
v 0.335999995 0.518000007 -0.208499998
v 0.335999995 0.522000015 -0.204500005
v -0.335999995 0.522000015 -0.204500005
v -0.335999995 0.547999978 -0.213499993
v 0.335999995 0.547999978 -0.213499993
v 0.335999995 0.54400003 -0.217500001
v -0.335999995 0.54400003 -0.217500001
v -0.335999995 0.54400003 -0.204500005
v 0.335999995 0.54400003 -0.204500005
v 0.335999995 0.547999978 -0.208499998
v -0.335999995 0.547999978 -0.208499998
v -0.340000004 0.522000015 -0.213499993
v -0.340000004 0.54400003 -0.213499993
v -0.335999995 0.54400003 -0.217500001
v -0.335999995 0.522000015 -0.217500001
v -0.335999995 0.522000015 -0.204500005
v -0.335999995 0.54400003 -0.204500005
v -0.340000004 0.54400003 -0.208499998
v -0.340000004 0.522000015 -0.208499998
v 0.335999995 0.522000015 -0.217500001
v 0.335999995 0.54400003 -0.217500001
v 0.340000004 0.54400003 -0.213499993
v 0.340000004 0.522000015 -0.213499993
v 0.340000004 0.522000015 -0.208499998
v 0.340000004 0.54400003 -0.208499998
v 0.335999995 0.54400003 -0.204500005
v 0.335999995 0.522000015 -0.204500005
v -0.335999995 0.518000007 -0.213499993
v -0.335999995 0.518000007 -0.208499998
v -0.340000004 0.522000015 -0.208499998
v -0.340000004 0.522000015 -0.213499993
v -0.340000004 0.54400003 -0.213499993
v -0.340000004 0.54400003 -0.208499998
v -0.335999995 0.547999978 -0.208499998
v -0.335999995 0.547999978 -0.213499993
v 0.340000004 0.522000015 -0.213499993
v 0.340000004 0.522000015 -0.208499998
v 0.335999995 0.518000007 -0.208499998
v 0.335999995 0.518000007 -0.213499993
v 0.335999995 0.547999978 -0.213499993
v 0.335999995 0.547999978 -0.208499998
v 0.340000004 0.54400003 -0.208499998
v 0.340000004 0.54400003 -0.213499993
v -0.335999995 0.522000015 -0.217500001
v -0.335999995 0.518000007 -0.213499993
v -0.340000004 0.522000015 -0.213499993
v -0.340000004 0.522000015 -0.208499998
v -0.335999995 0.518000007 -0.208499998
v -0.335999995 0.522000015 -0.204500005
v -0.340000004 0.54400003 -0.213499993
v -0.335999995 0.547999978 -0.213499993
v -0.335999995 0.54400003 -0.217500001
v -0.335999995 0.54400003 -0.204500005
v -0.335999995 0.547999978 -0.208499998
v -0.340000004 0.54400003 -0.208499998
v 0.340000004 0.522000015 -0.213499993
v 0.335999995 0.518000007 -0.213499993
v 0.335999995 0.522000015 -0.217500001
v 0.335999995 0.522000015 -0.204500005
v 0.335999995 0.518000007 -0.208499998
v 0.340000004 0.522000015 -0.208499998
v 0.335999995 0.54400003 -0.217500001
v 0.335999995 0.547999978 -0.213499993
v 0.340000004 0.54400003 -0.213499993
v 0.340000004 0.54400003 -0.208499998
v 0.335999995 0.547999978 -0.208499998
v 0.335999995 0.54400003 -0.204500005
v -0.340000004 0.522000015 0.213499993
v -0.340000004 0.54400003 0.213499993
v -0.340000004 0.54400003 0.208499998
v -0.340000004 0.522000015 0.208499998
v 0.340000004 0.522000015 0.208499998
v 0.340000004 0.54400003 0.208499998
v 0.340000004 0.54400003 0.213499993
v 0.340000004 0.522000015 0.213499993
v -0.335999995 0.518000007 0.208499998
v 0.335999995 0.518000007 0.208499998
v 0.335999995 0.518000007 0.213499993
v -0.335999995 0.518000007 0.213499993
v -0.335999995 0.547999978 0.213499993
v 0.335999995 0.547999978 0.213499993
v 0.335999995 0.547999978 0.208499998
v -0.335999995 0.547999978 0.208499998
v -0.335999995 0.54400003 0.204500005
v 0.335999995 0.54400003 0.204500005
v 0.335999995 0.522000015 0.204500005
v -0.335999995 0.522000015 0.204500005
v -0.335999995 0.522000015 0.217500001
v 0.335999995 0.522000015 0.217500001
v 0.335999995 0.54400003 0.217500001
v -0.335999995 0.54400003 0.217500001
v -0.335999995 0.522000015 0.204500005
v 0.335999995 0.522000015 0.204500005
v 0.335999995 0.518000007 0.208499998
v -0.335999995 0.518000007 0.208499998
v -0.335999995 0.518000007 0.213499993
v 0.335999995 0.518000007 0.213499993
v 0.335999995 0.522000015 0.217500001
v -0.335999995 0.522000015 0.217500001
v -0.335999995 0.547999978 0.208499998
v 0.335999995 0.547999978 0.208499998
v 0.335999995 0.54400003 0.204500005
v -0.335999995 0.54400003 0.204500005
v -0.335999995 0.54400003 0.217500001
v 0.335999995 0.54400003 0.217500001
v 0.335999995 0.547999978 0.213499993
v -0.335999995 0.547999978 0.213499993
v -0.340000004 0.522000015 0.208499998
v -0.340000004 0.54400003 0.208499998
v -0.335999995 0.54400003 0.204500005
v -0.335999995 0.522000015 0.204500005
v -0.335999995 0.522000015 0.217500001
v -0.335999995 0.54400003 0.217500001
v -0.340000004 0.54400003 0.213499993
v -0.340000004 0.522000015 0.213499993
v 0.335999995 0.522000015 0.204500005
v 0.335999995 0.54400003 0.204500005
v 0.340000004 0.54400003 0.208499998
v 0.340000004 0.522000015 0.208499998
v 0.340000004 0.522000015 0.213499993
v 0.340000004 0.54400003 0.213499993
v 0.335999995 0.54400003 0.217500001
v 0.335999995 0.522000015 0.217500001
v -0.335999995 0.518000007 0.208499998
v -0.335999995 0.518000007 0.213499993
v -0.340000004 0.522000015 0.213499993
v -0.340000004 0.522000015 0.208499998
v -0.340000004 0.54400003 0.208499998
v -0.340000004 0.54400003 0.213499993
v -0.335999995 0.547999978 0.213499993
v -0.335999995 0.547999978 0.208499998
v 0.340000004 0.522000015 0.208499998
v 0.340000004 0.522000015 0.213499993
v 0.335999995 0.518000007 0.213499993
v 0.335999995 0.518000007 0.208499998
v 0.335999995 0.547999978 0.208499998
v 0.335999995 0.547999978 0.213499993
v 0.340000004 0.54400003 0.213499993
v 0.340000004 0.54400003 0.208499998
v -0.335999995 0.522000015 0.204500005
v -0.335999995 0.518000007 0.208499998
v -0.340000004 0.522000015 0.208499998
v -0.340000004 0.522000015 0.213499993
v -0.335999995 0.518000007 0.213499993
v -0.335999995 0.522000015 0.217500001
v -0.340000004 0.54400003 0.208499998
v -0.335999995 0.547999978 0.208499998
v -0.335999995 0.54400003 0.204500005
v -0.335999995 0.54400003 0.217500001
v -0.335999995 0.547999978 0.213499993
v -0.340000004 0.54400003 0.213499993
v 0.340000004 0.522000015 0.208499998
v 0.335999995 0.518000007 0.208499998
v 0.335999995 0.522000015 0.204500005
v 0.335999995 0.522000015 0.217500001
v 0.335999995 0.518000007 0.213499993
v 0.340000004 0.522000015 0.213499993
v 0.335999995 0.54400003 0.204500005
v 0.335999995 0.547999978 0.208499998
v 0.340000004 0.54400003 0.208499998
v 0.340000004 0.54400003 0.213499993
v 0.335999995 0.547999978 0.213499993
v 0.335999995 0.54400003 0.217500001
v -0.341500014 0.522000015 0.201000005
v -0.341500014 0.54400003 0.201000005
v -0.341500014 0.54400003 -0.201000005
v -0.341500014 0.522000015 -0.201000005
v -0.328500003 0.522000015 -0.201000005
v -0.328500003 0.54400003 -0.201000005
v -0.328500003 0.54400003 0.201000005
v -0.328500003 0.522000015 0.201000005
v -0.337500006 0.518000007 -0.201000005
v -0.332500011 0.518000007 -0.201000005
v -0.332500011 0.518000007 0.201000005
v -0.337500006 0.518000007 0.201000005
v -0.337500006 0.547999978 0.201000005
v -0.332500011 0.547999978 0.201000005
v -0.332500011 0.547999978 -0.201000005
v -0.337500006 0.547999978 -0.201000005
v -0.337500006 0.54400003 -0.204999998
v -0.332500011 0.54400003 -0.204999998
v -0.332500011 0.522000015 -0.204999998
v -0.337500006 0.522000015 -0.204999998
v -0.337500006 0.522000015 0.204999998
v -0.332500011 0.522000015 0.204999998
v -0.332500011 0.54400003 0.204999998
v -0.337500006 0.54400003 0.204999998
v -0.337500006 0.522000015 -0.204999998
v -0.332500011 0.522000015 -0.204999998
v -0.332500011 0.518000007 -0.201000005
v -0.337500006 0.518000007 -0.201000005
v -0.337500006 0.518000007 0.201000005
v -0.332500011 0.518000007 0.201000005
v -0.332500011 0.522000015 0.204999998
v -0.337500006 0.522000015 0.204999998
v -0.337500006 0.547999978 -0.201000005
v -0.332500011 0.547999978 -0.201000005
v -0.332500011 0.54400003 -0.204999998
v -0.337500006 0.54400003 -0.204999998
v -0.337500006 0.54400003 0.204999998
v -0.332500011 0.54400003 0.204999998
v -0.332500011 0.547999978 0.201000005
v -0.337500006 0.547999978 0.201000005
v -0.341500014 0.522000015 -0.201000005
v -0.341500014 0.54400003 -0.201000005
v -0.337500006 0.54400003 -0.204999998
v -0.337500006 0.522000015 -0.204999998
v -0.337500006 0.522000015 0.204999998
v -0.337500006 0.54400003 0.204999998
v -0.341500014 0.54400003 0.201000005
v -0.341500014 0.522000015 0.201000005
v -0.332500011 0.522000015 -0.204999998
v -0.332500011 0.54400003 -0.204999998
v -0.328500003 0.54400003 -0.201000005
v -0.328500003 0.522000015 -0.201000005
v -0.328500003 0.522000015 0.201000005
v -0.328500003 0.54400003 0.201000005
v -0.332500011 0.54400003 0.204999998
v -0.332500011 0.522000015 0.204999998
v -0.337500006 0.518000007 -0.201000005
v -0.337500006 0.518000007 0.201000005
v -0.341500014 0.522000015 0.201000005
v -0.341500014 0.522000015 -0.201000005
v -0.341500014 0.54400003 -0.201000005
v -0.341500014 0.54400003 0.201000005
v -0.337500006 0.547999978 0.201000005
v -0.337500006 0.547999978 -0.201000005
v -0.328500003 0.522000015 -0.201000005
v -0.328500003 0.522000015 0.201000005
v -0.332500011 0.518000007 0.201000005
v -0.332500011 0.518000007 -0.201000005
v -0.332500011 0.547999978 -0.201000005
v -0.332500011 0.547999978 0.201000005
v -0.328500003 0.54400003 0.201000005
v -0.328500003 0.54400003 -0.201000005
v -0.337500006 0.522000015 -0.204999998
v -0.337500006 0.518000007 -0.201000005
v -0.341500014 0.522000015 -0.201000005
v -0.341500014 0.522000015 0.201000005
v -0.337500006 0.518000007 0.201000005
v -0.337500006 0.522000015 0.204999998
v -0.341500014 0.54400003 -0.201000005
v -0.337500006 0.547999978 -0.201000005
v -0.337500006 0.54400003 -0.204999998
v -0.337500006 0.54400003 0.204999998
v -0.337500006 0.547999978 0.201000005
v -0.341500014 0.54400003 0.201000005
v -0.328500003 0.522000015 -0.201000005
v -0.332500011 0.518000007 -0.201000005
v -0.332500011 0.522000015 -0.204999998
v -0.332500011 0.522000015 0.204999998
v -0.332500011 0.518000007 0.201000005
v -0.328500003 0.522000015 0.201000005
v -0.332500011 0.54400003 -0.204999998
v -0.332500011 0.547999978 -0.201000005
v -0.328500003 0.54400003 -0.201000005
v -0.328500003 0.54400003 0.201000005
v -0.332500011 0.547999978 0.201000005
v -0.332500011 0.54400003 0.204999998
v 0.328500003 0.522000015 0.201000005
v 0.328500003 0.54400003 0.201000005
v 0.328500003 0.54400003 -0.201000005
v 0.328500003 0.522000015 -0.201000005
v 0.341500014 0.522000015 -0.201000005
v 0.341500014 0.54400003 -0.201000005
v 0.341500014 0.54400003 0.201000005
v 0.341500014 0.522000015 0.201000005
v 0.332500011 0.518000007 -0.201000005
v 0.337500006 0.518000007 -0.201000005
v 0.337500006 0.518000007 0.201000005
v 0.332500011 0.518000007 0.201000005
v 0.332500011 0.547999978 0.201000005
v 0.337500006 0.547999978 0.201000005
v 0.337500006 0.547999978 -0.201000005
v 0.332500011 0.547999978 -0.201000005
v 0.332500011 0.54400003 -0.204999998
v 0.337500006 0.54400003 -0.204999998
v 0.337500006 0.522000015 -0.204999998
v 0.332500011 0.522000015 -0.204999998
v 0.332500011 0.522000015 0.204999998
v 0.337500006 0.522000015 0.204999998
v 0.337500006 0.54400003 0.204999998
v 0.332500011 0.54400003 0.204999998
v 0.332500011 0.522000015 -0.204999998
v 0.337500006 0.522000015 -0.204999998
v 0.337500006 0.518000007 -0.201000005
v 0.332500011 0.518000007 -0.201000005
v 0.332500011 0.518000007 0.201000005
v 0.337500006 0.518000007 0.201000005
v 0.337500006 0.522000015 0.204999998
v 0.332500011 0.522000015 0.204999998
v 0.332500011 0.547999978 -0.201000005
v 0.337500006 0.547999978 -0.201000005
v 0.337500006 0.54400003 -0.204999998
v 0.332500011 0.54400003 -0.204999998
v 0.332500011 0.54400003 0.204999998
v 0.337500006 0.54400003 0.204999998
v 0.337500006 0.547999978 0.201000005
v 0.332500011 0.547999978 0.201000005
v 0.328500003 0.522000015 -0.201000005
v 0.328500003 0.54400003 -0.201000005
v 0.332500011 0.54400003 -0.204999998
v 0.332500011 0.522000015 -0.204999998
v 0.332500011 0.522000015 0.204999998
v 0.332500011 0.54400003 0.204999998
v 0.328500003 0.54400003 0.201000005
v 0.328500003 0.522000015 0.201000005
v 0.337500006 0.522000015 -0.204999998
v 0.337500006 0.54400003 -0.204999998
v 0.341500014 0.54400003 -0.201000005
v 0.341500014 0.522000015 -0.201000005
v 0.341500014 0.522000015 0.201000005
v 0.341500014 0.54400003 0.201000005
v 0.337500006 0.54400003 0.204999998
v 0.337500006 0.522000015 0.204999998
v 0.332500011 0.518000007 -0.201000005
v 0.332500011 0.518000007 0.201000005
v 0.328500003 0.522000015 0.201000005
v 0.328500003 0.522000015 -0.201000005
v 0.328500003 0.54400003 -0.201000005
v 0.328500003 0.54400003 0.201000005
v 0.332500011 0.547999978 0.201000005
v 0.332500011 0.547999978 -0.201000005
v 0.341500014 0.522000015 -0.201000005
v 0.341500014 0.522000015 0.201000005
v 0.337500006 0.518000007 0.201000005
v 0.337500006 0.518000007 -0.201000005
v 0.337500006 0.547999978 -0.201000005
v 0.337500006 0.547999978 0.201000005
v 0.341500014 0.54400003 0.201000005
v 0.341500014 0.54400003 -0.201000005
v 0.332500011 0.522000015 -0.204999998
v 0.332500011 0.518000007 -0.201000005
v 0.328500003 0.522000015 -0.201000005
v 0.328500003 0.522000015 0.201000005
v 0.332500011 0.518000007 0.201000005
v 0.332500011 0.522000015 0.204999998
v 0.328500003 0.54400003 -0.201000005
v 0.332500011 0.547999978 -0.201000005
v 0.332500011 0.54400003 -0.204999998
v 0.332500011 0.54400003 0.204999998
v 0.332500011 0.547999978 0.201000005
v 0.328500003 0.54400003 0.201000005
v 0.341500014 0.522000015 -0.201000005
v 0.337500006 0.518000007 -0.201000005
v 0.337500006 0.522000015 -0.204999998
v 0.337500006 0.522000015 0.204999998
v 0.337500006 0.518000007 0.201000005
v 0.341500014 0.522000015 0.201000005
v 0.337500006 0.54400003 -0.204999998
v 0.337500006 0.547999978 -0.201000005
v 0.341500014 0.54400003 -0.201000005
v 0.341500014 0.54400003 0.201000005
v 0.337500006 0.547999978 0.201000005
v 0.337500006 0.54400003 0.204999998
v -0.365500003 0.707499981 0.219999999
v -0.365500003 0.776499987 0.219999999
v -0.365500003 0.776499987 -0.219999999
v -0.365500003 0.707499981 -0.219999999
v 0.365500003 0.707499981 -0.219999999
v 0.365500003 0.776499987 -0.219999999
v 0.365500003 0.776499987 0.219999999
v 0.365500003 0.707499981 0.219999999
v -0.358500004 0.700500011 -0.219999999
v 0.358500004 0.700500011 -0.219999999
v 0.358500004 0.700500011 0.219999999
v -0.358500004 0.700500011 0.219999999
v -0.358500004 0.783500016 0.219999999
v 0.358500004 0.783500016 0.219999999
v 0.358500004 0.783500016 -0.219999999
v -0.358500004 0.783500016 -0.219999999
v -0.358500004 0.776499987 -0.226999998
v 0.358500004 0.776499987 -0.226999998
v 0.358500004 0.707499981 -0.226999998
v -0.358500004 0.707499981 -0.226999998
v -0.358500004 0.707499981 0.226999998
v 0.358500004 0.707499981 0.226999998
v 0.358500004 0.776499987 0.226999998
v -0.358500004 0.776499987 0.226999998
v -0.358500004 0.707499981 -0.226999998
v 0.358500004 0.707499981 -0.226999998
v 0.358500004 0.700500011 -0.219999999
v -0.358500004 0.700500011 -0.219999999
v -0.358500004 0.700500011 0.219999999
v 0.358500004 0.700500011 0.219999999
v 0.358500004 0.707499981 0.226999998
v -0.358500004 0.707499981 0.226999998
v -0.358500004 0.783500016 -0.219999999
v 0.358500004 0.783500016 -0.219999999
v 0.358500004 0.776499987 -0.226999998
v -0.358500004 0.776499987 -0.226999998
v -0.358500004 0.776499987 0.226999998
v 0.358500004 0.776499987 0.226999998
v 0.358500004 0.783500016 0.219999999
v -0.358500004 0.783500016 0.219999999
v -0.365500003 0.707499981 -0.219999999
v -0.365500003 0.776499987 -0.219999999
v -0.358500004 0.776499987 -0.226999998
v -0.358500004 0.707499981 -0.226999998
v -0.358500004 0.707499981 0.226999998
v -0.358500004 0.776499987 0.226999998
v -0.365500003 0.776499987 0.219999999
v -0.365500003 0.707499981 0.219999999
v 0.358500004 0.707499981 -0.226999998
v 0.358500004 0.776499987 -0.226999998
v 0.365500003 0.776499987 -0.219999999
v 0.365500003 0.707499981 -0.219999999
v 0.365500003 0.707499981 0.219999999
v 0.365500003 0.776499987 0.219999999
v 0.358500004 0.776499987 0.226999998
v 0.358500004 0.707499981 0.226999998
v -0.358500004 0.700500011 -0.219999999
v -0.358500004 0.700500011 0.219999999
v -0.365500003 0.707499981 0.219999999
v -0.365500003 0.707499981 -0.219999999
v -0.365500003 0.776499987 -0.219999999
v -0.365500003 0.776499987 0.219999999
v -0.358500004 0.783500016 0.219999999
v -0.358500004 0.783500016 -0.219999999
v 0.365500003 0.707499981 -0.219999999
v 0.365500003 0.707499981 0.219999999
v 0.358500004 0.700500011 0.219999999
v 0.358500004 0.700500011 -0.219999999
v 0.358500004 0.783500016 -0.219999999
v 0.358500004 0.783500016 0.219999999
v 0.365500003 0.776499987 0.219999999
v 0.365500003 0.776499987 -0.219999999
v -0.358500004 0.707499981 -0.226999998
v -0.358500004 0.700500011 -0.219999999
v -0.365500003 0.707499981 -0.219999999
v -0.365500003 0.707499981 0.219999999
v -0.358500004 0.700500011 0.219999999
v -0.358500004 0.707499981 0.226999998
v -0.365500003 0.776499987 -0.219999999
v -0.358500004 0.783500016 -0.219999999
v -0.358500004 0.776499987 -0.226999998
v -0.358500004 0.776499987 0.226999998
v -0.358500004 0.783500016 0.219999999
v -0.365500003 0.776499987 0.219999999
v 0.365500003 0.707499981 -0.219999999
v 0.358500004 0.700500011 -0.219999999
v 0.358500004 0.707499981 -0.226999998
v 0.358500004 0.707499981 0.226999998
v 0.358500004 0.700500011 0.219999999
v 0.365500003 0.707499981 0.219999999
v 0.358500004 0.776499987 -0.226999998
v 0.358500004 0.783500016 -0.219999999
v 0.365500003 0.776499987 -0.219999999
v 0.365500003 0.776499987 0.219999999
v 0.358500004 0.783500016 0.219999999
v 0.358500004 0.776499987 0.226999998
v -0.305000007 0.537 0.130999997
v -0.305000007 0.591000021 0.130999997
v -0.305000007 0.591000021 -0.130999997
v -0.305000007 0.537 -0.130999997
v 0.0850000009 0.537 -0.130999997
v 0.0850000009 0.591000021 -0.130999997
v 0.0850000009 0.591000021 0.130999997
v 0.0850000009 0.537 0.130999997
v -0.298000008 0.529999971 -0.130999997
v 0.0780000016 0.529999971 -0.130999997
v 0.0780000016 0.529999971 0.130999997
v -0.298000008 0.529999971 0.130999997
v -0.298000008 0.59799999 0.130999997
v 0.0780000016 0.59799999 0.130999997
v 0.0780000016 0.59799999 -0.130999997
v -0.298000008 0.59799999 -0.130999997
v -0.298000008 0.591000021 -0.137999997
v 0.0780000016 0.591000021 -0.137999997
v 0.0780000016 0.537 -0.137999997
v -0.298000008 0.537 -0.137999997
v -0.298000008 0.537 0.137999997
v 0.0780000016 0.537 0.137999997
v 0.0780000016 0.591000021 0.137999997
v -0.298000008 0.591000021 0.137999997
v -0.298000008 0.537 -0.137999997
v 0.0780000016 0.537 -0.137999997
v 0.0780000016 0.529999971 -0.130999997
v -0.298000008 0.529999971 -0.130999997
v -0.298000008 0.529999971 0.130999997
v 0.0780000016 0.529999971 0.130999997
v 0.0780000016 0.537 0.137999997
v -0.298000008 0.537 0.137999997
v -0.298000008 0.59799999 -0.130999997
v 0.0780000016 0.59799999 -0.130999997
v 0.0780000016 0.591000021 -0.137999997
v -0.298000008 0.591000021 -0.137999997
v -0.298000008 0.591000021 0.137999997
v 0.0780000016 0.591000021 0.137999997
v 0.0780000016 0.59799999 0.130999997
v -0.298000008 0.59799999 0.130999997
v -0.305000007 0.537 -0.130999997
v -0.305000007 0.591000021 -0.130999997
v -0.298000008 0.591000021 -0.137999997
v -0.298000008 0.537 -0.137999997
v -0.298000008 0.537 0.137999997
v -0.298000008 0.591000021 0.137999997
v -0.305000007 0.591000021 0.130999997
v -0.305000007 0.537 0.130999997
v 0.0780000016 0.537 -0.137999997
v 0.0780000016 0.591000021 -0.137999997
v 0.0850000009 0.591000021 -0.130999997
v 0.0850000009 0.537 -0.130999997
v 0.0850000009 0.537 0.130999997
v 0.0850000009 0.591000021 0.130999997
v 0.0780000016 0.591000021 0.137999997
v 0.0780000016 0.537 0.137999997
v -0.298000008 0.529999971 -0.130999997
v -0.298000008 0.529999971 0.130999997
v -0.305000007 0.537 0.130999997
v -0.305000007 0.537 -0.130999997
v -0.305000007 0.591000021 -0.130999997
v -0.305000007 0.591000021 0.130999997
v -0.298000008 0.59799999 0.130999997
v -0.298000008 0.59799999 -0.130999997
v 0.0850000009 0.537 -0.130999997
v 0.0850000009 0.537 0.130999997
v 0.0780000016 0.529999971 0.130999997
v 0.0780000016 0.529999971 -0.130999997
v 0.0780000016 0.59799999 -0.130999997
v 0.0780000016 0.59799999 0.130999997
v 0.0850000009 0.591000021 0.130999997
v 0.0850000009 0.591000021 -0.130999997
v -0.298000008 0.537 -0.137999997
v -0.298000008 0.529999971 -0.130999997
v -0.305000007 0.537 -0.130999997
v -0.305000007 0.537 0.130999997
v -0.298000008 0.529999971 0.130999997
v -0.298000008 0.537 0.137999997
v -0.305000007 0.591000021 -0.130999997
v -0.298000008 0.59799999 -0.130999997
v -0.298000008 0.591000021 -0.137999997
v -0.298000008 0.591000021 0.137999997
v -0.298000008 0.59799999 0.130999997
v -0.305000007 0.591000021 0.130999997
v 0.0850000009 0.537 -0.130999997
v 0.0780000016 0.529999971 -0.130999997
v 0.0780000016 0.537 -0.137999997
v 0.0780000016 0.537 0.137999997
v 0.0780000016 0.529999971 0.130999997
v 0.0850000009 0.537 0.130999997
v 0.0780000016 0.591000021 -0.137999997
v 0.0780000016 0.59799999 -0.130999997
v 0.0850000009 0.591000021 -0.130999997
v 0.0850000009 0.591000021 0.130999997
v 0.0780000016 0.59799999 0.130999997
v 0.0780000016 0.591000021 0.137999997
v -0.346500009 0.0370000005 -0.200000003
v -0.293500006 0.0370000005 -0.200000003
v -0.293500006 0.039947439 -0.188999996
v -0.346500009 0.039947439 -0.188999996
v -0.293500006 0.0480000004 -0.180947438
v -0.346500009 0.0480000004 -0.180947438
v -0.293500006 0.0590000004 -0.178000003
v -0.346500009 0.0590000004 -0.178000003
v -0.293500006 0.0700000003 -0.180947438
v -0.346500009 0.0700000003 -0.180947438
v -0.293500006 0.078052558 -0.188999996
v -0.346500009 0.078052558 -0.188999996
v -0.293500006 0.0810000002 -0.200000003
v -0.346500009 0.0810000002 -0.200000003
v -0.293500006 0.078052558 -0.210999995
v -0.346500009 0.078052558 -0.210999995
v -0.293500006 0.0700000003 -0.219052553
v -0.346500009 0.0700000003 -0.219052553
v -0.293500006 0.0590000004 -0.222000003
v -0.346500009 0.0590000004 -0.222000003
v -0.293500006 0.0480000004 -0.219052553
v -0.346500009 0.0480000004 -0.219052553
v -0.293500006 0.039947439 -0.210999995
v -0.346500009 0.039947439 -0.210999995
v -0.293500006 0.0370000005 -0.200000003
v -0.346500009 0.0370000005 -0.200000003
v -0.346500009 0.0370000005 -0.200000003
v -0.346500009 0.039947439 -0.188999996
v -0.346500009 0.0480000004 -0.180947438
v -0.346500009 0.0590000004 -0.178000003
v -0.346500009 0.0700000003 -0.180947438
v -0.346500009 0.078052558 -0.188999996
v -0.346500009 0.0810000002 -0.200000003
v -0.346500009 0.078052558 -0.210999995
v -0.346500009 0.0700000003 -0.219052553
v -0.346500009 0.0590000004 -0.222000003
v -0.346500009 0.0480000004 -0.219052553
v -0.346500009 0.039947439 -0.210999995
v -0.293500006 0.039947439 -0.210999995
v -0.293500006 0.0480000004 -0.219052553
v -0.293500006 0.0590000004 -0.222000003
v -0.293500006 0.0700000003 -0.219052553
v -0.293500006 0.078052558 -0.210999995
v -0.293500006 0.0810000002 -0.200000003
v -0.293500006 0.078052558 -0.188999996
v -0.293500006 0.0700000003 -0.180947438
v -0.293500006 0.0590000004 -0.178000003
v -0.293500006 0.0480000004 -0.180947438
v -0.293500006 0.039947439 -0.188999996
v -0.293500006 0.0370000005 -0.200000003
v -0.360000014 0.0649999976 -0.175500005
v -0.360000014 0.157000005 -0.175500005
v -0.360000014 0.157000005 -0.2245
v -0.360000014 0.0649999976 -0.2245
v -0.34799999 0.0649999976 -0.2245
v -0.34799999 0.157000005 -0.2245
v -0.34799999 0.157000005 -0.175500005
v -0.34799999 0.0649999976 -0.175500005
v -0.356000006 0.0610000007 -0.2245
v -0.351999998 0.0610000007 -0.2245
v -0.351999998 0.0610000007 -0.175500005
v -0.356000006 0.0610000007 -0.175500005
v -0.356000006 0.160999998 -0.175500005
v -0.351999998 0.160999998 -0.175500005
v -0.351999998 0.160999998 -0.2245
v -0.356000006 0.160999998 -0.2245
v -0.356000006 0.157000005 -0.228499994
v -0.351999998 0.157000005 -0.228499994
v -0.351999998 0.0649999976 -0.228499994
v -0.356000006 0.0649999976 -0.228499994
v -0.356000006 0.0649999976 -0.171499997
v -0.351999998 0.0649999976 -0.171499997
v -0.351999998 0.157000005 -0.171499997
v -0.356000006 0.157000005 -0.171499997
v -0.356000006 0.0649999976 -0.228499994
v -0.351999998 0.0649999976 -0.228499994
v -0.351999998 0.0610000007 -0.2245
v -0.356000006 0.0610000007 -0.2245
v -0.356000006 0.0610000007 -0.175500005
v -0.351999998 0.0610000007 -0.175500005
v -0.351999998 0.0649999976 -0.171499997
v -0.356000006 0.0649999976 -0.171499997
v -0.356000006 0.160999998 -0.2245
v -0.351999998 0.160999998 -0.2245
v -0.351999998 0.157000005 -0.228499994
v -0.356000006 0.157000005 -0.228499994
v -0.356000006 0.157000005 -0.171499997
v -0.351999998 0.157000005 -0.171499997
v -0.351999998 0.160999998 -0.175500005
v -0.356000006 0.160999998 -0.175500005
v -0.360000014 0.0649999976 -0.2245
v -0.360000014 0.157000005 -0.2245
v -0.356000006 0.157000005 -0.228499994
v -0.356000006 0.0649999976 -0.228499994
v -0.356000006 0.0649999976 -0.171499997
v -0.356000006 0.157000005 -0.171499997
v -0.360000014 0.157000005 -0.175500005
v -0.360000014 0.0649999976 -0.175500005
v -0.351999998 0.0649999976 -0.228499994
v -0.351999998 0.157000005 -0.228499994
v -0.34799999 0.157000005 -0.2245
v -0.34799999 0.0649999976 -0.2245
v -0.34799999 0.0649999976 -0.175500005
v -0.34799999 0.157000005 -0.175500005
v -0.351999998 0.157000005 -0.171499997
v -0.351999998 0.0649999976 -0.171499997
v -0.356000006 0.0610000007 -0.2245
v -0.356000006 0.0610000007 -0.175500005
v -0.360000014 0.0649999976 -0.175500005
v -0.360000014 0.0649999976 -0.2245
v -0.360000014 0.157000005 -0.2245
v -0.360000014 0.157000005 -0.175500005
v -0.356000006 0.160999998 -0.175500005
v -0.356000006 0.160999998 -0.2245
v -0.34799999 0.0649999976 -0.2245
v -0.34799999 0.0649999976 -0.175500005
v -0.351999998 0.0610000007 -0.175500005
v -0.351999998 0.0610000007 -0.2245
v -0.351999998 0.160999998 -0.2245
v -0.351999998 0.160999998 -0.175500005
v -0.34799999 0.157000005 -0.175500005
v -0.34799999 0.157000005 -0.2245
v -0.356000006 0.0649999976 -0.228499994
v -0.356000006 0.0610000007 -0.2245
v -0.360000014 0.0649999976 -0.2245
v -0.360000014 0.0649999976 -0.175500005
v -0.356000006 0.0610000007 -0.175500005
v -0.356000006 0.0649999976 -0.171499997
v -0.360000014 0.157000005 -0.2245
v -0.356000006 0.160999998 -0.2245
v -0.356000006 0.157000005 -0.228499994
v -0.356000006 0.157000005 -0.171499997
v -0.356000006 0.160999998 -0.175500005
v -0.360000014 0.157000005 -0.175500005
v -0.34799999 0.0649999976 -0.2245
v -0.351999998 0.0610000007 -0.2245
v -0.351999998 0.0649999976 -0.228499994
v -0.351999998 0.0649999976 -0.171499997
v -0.351999998 0.0610000007 -0.175500005
v -0.34799999 0.0649999976 -0.175500005
v -0.351999998 0.157000005 -0.228499994
v -0.351999998 0.160999998 -0.2245
v -0.34799999 0.157000005 -0.2245
v -0.34799999 0.157000005 -0.175500005
v -0.351999998 0.160999998 -0.175500005
v -0.351999998 0.157000005 -0.171499997
v -0.291999996 0.0649999976 -0.175500005
v -0.291999996 0.157000005 -0.175500005
v -0.291999996 0.157000005 -0.2245
v -0.291999996 0.0649999976 -0.2245
v -0.280000001 0.0649999976 -0.2245
v -0.280000001 0.157000005 -0.2245
v -0.280000001 0.157000005 -0.175500005
v -0.280000001 0.0649999976 -0.175500005
v -0.287999988 0.0610000007 -0.2245
v -0.284000009 0.0610000007 -0.2245
v -0.284000009 0.0610000007 -0.175500005
v -0.287999988 0.0610000007 -0.175500005
v -0.287999988 0.160999998 -0.175500005
v -0.284000009 0.160999998 -0.175500005
v -0.284000009 0.160999998 -0.2245
v -0.287999988 0.160999998 -0.2245
v -0.287999988 0.157000005 -0.228499994
v -0.284000009 0.157000005 -0.228499994
v -0.284000009 0.0649999976 -0.228499994
v -0.287999988 0.0649999976 -0.228499994
v -0.287999988 0.0649999976 -0.171499997
v -0.284000009 0.0649999976 -0.171499997
v -0.284000009 0.157000005 -0.171499997
v -0.287999988 0.157000005 -0.171499997
v -0.287999988 0.0649999976 -0.228499994
v -0.284000009 0.0649999976 -0.228499994
v -0.284000009 0.0610000007 -0.2245
v -0.287999988 0.0610000007 -0.2245
v -0.287999988 0.0610000007 -0.175500005
v -0.284000009 0.0610000007 -0.175500005
v -0.284000009 0.0649999976 -0.171499997
v -0.287999988 0.0649999976 -0.171499997
v -0.287999988 0.160999998 -0.2245
v -0.284000009 0.160999998 -0.2245
v -0.284000009 0.157000005 -0.228499994
v -0.287999988 0.157000005 -0.228499994
v -0.287999988 0.157000005 -0.171499997
v -0.284000009 0.157000005 -0.171499997
v -0.284000009 0.160999998 -0.175500005
v -0.287999988 0.160999998 -0.175500005
v -0.291999996 0.0649999976 -0.2245
v -0.291999996 0.157000005 -0.2245
v -0.287999988 0.157000005 -0.228499994
v -0.287999988 0.0649999976 -0.228499994
v -0.287999988 0.0649999976 -0.171499997
v -0.287999988 0.157000005 -0.171499997
v -0.291999996 0.157000005 -0.175500005
v -0.291999996 0.0649999976 -0.175500005
v -0.284000009 0.0649999976 -0.228499994
v -0.284000009 0.157000005 -0.228499994
v -0.280000001 0.157000005 -0.2245
v -0.280000001 0.0649999976 -0.2245
v -0.280000001 0.0649999976 -0.175500005
v -0.280000001 0.157000005 -0.175500005
v -0.284000009 0.157000005 -0.171499997
v -0.284000009 0.0649999976 -0.171499997
v -0.287999988 0.0610000007 -0.2245
v -0.287999988 0.0610000007 -0.175500005
v -0.291999996 0.0649999976 -0.175500005
v -0.291999996 0.0649999976 -0.2245
v -0.291999996 0.157000005 -0.2245
v -0.291999996 0.157000005 -0.175500005
v -0.287999988 0.160999998 -0.175500005
v -0.287999988 0.160999998 -0.2245
v -0.280000001 0.0649999976 -0.2245
v -0.280000001 0.0649999976 -0.175500005
v -0.284000009 0.0610000007 -0.175500005
v -0.284000009 0.0610000007 -0.2245
v -0.284000009 0.160999998 -0.2245
v -0.284000009 0.160999998 -0.175500005
v -0.280000001 0.157000005 -0.175500005
v -0.280000001 0.157000005 -0.2245
v -0.287999988 0.0649999976 -0.228499994
v -0.287999988 0.0610000007 -0.2245
v -0.291999996 0.0649999976 -0.2245
v -0.291999996 0.0649999976 -0.175500005
v -0.287999988 0.0610000007 -0.175500005
v -0.287999988 0.0649999976 -0.171499997
v -0.291999996 0.157000005 -0.2245
v -0.287999988 0.160999998 -0.2245
v -0.287999988 0.157000005 -0.228499994
v -0.287999988 0.157000005 -0.171499997
v -0.287999988 0.160999998 -0.175500005
v -0.291999996 0.157000005 -0.175500005
v -0.280000001 0.0649999976 -0.2245
v -0.284000009 0.0610000007 -0.2245
v -0.284000009 0.0649999976 -0.228499994
v -0.284000009 0.0649999976 -0.171499997
v -0.284000009 0.0610000007 -0.175500005
v -0.280000001 0.0649999976 -0.175500005
v -0.284000009 0.157000005 -0.228499994
v -0.284000009 0.160999998 -0.2245
v -0.280000001 0.157000005 -0.2245
v -0.280000001 0.157000005 -0.175500005
v -0.284000009 0.160999998 -0.175500005
v -0.284000009 0.157000005 -0.171499997
v -0.361499995 0.155499995 -0.173999995
v -0.361499995 0.166500002 -0.173999995
v -0.361499995 0.166500002 -0.225999996
v -0.361499995 0.155499995 -0.225999996
v -0.278499991 0.155499995 -0.225999996
v -0.278499991 0.166500002 -0.225999996
v -0.278499991 0.166500002 -0.173999995
v -0.278499991 0.155499995 -0.173999995
v -0.357499987 0.151500002 -0.225999996
v -0.282499999 0.151500002 -0.225999996
v -0.282499999 0.151500002 -0.173999995
v -0.357499987 0.151500002 -0.173999995
v -0.357499987 0.170499995 -0.173999995
v -0.282499999 0.170499995 -0.173999995
v -0.282499999 0.170499995 -0.225999996
v -0.357499987 0.170499995 -0.225999996
v -0.357499987 0.166500002 -0.230000004
v -0.282499999 0.166500002 -0.230000004
v -0.282499999 0.155499995 -0.230000004
v -0.357499987 0.155499995 -0.230000004
v -0.357499987 0.155499995 -0.170000002
v -0.282499999 0.155499995 -0.170000002
v -0.282499999 0.166500002 -0.170000002
v -0.357499987 0.166500002 -0.170000002
v -0.357499987 0.155499995 -0.230000004
v -0.282499999 0.155499995 -0.230000004
v -0.282499999 0.151500002 -0.225999996
v -0.357499987 0.151500002 -0.225999996
v -0.357499987 0.151500002 -0.173999995
v -0.282499999 0.151500002 -0.173999995
v -0.282499999 0.155499995 -0.170000002
v -0.357499987 0.155499995 -0.170000002
v -0.357499987 0.170499995 -0.225999996
v -0.282499999 0.170499995 -0.225999996
v -0.282499999 0.166500002 -0.230000004
v -0.357499987 0.166500002 -0.230000004
v -0.357499987 0.166500002 -0.170000002
v -0.282499999 0.166500002 -0.170000002
v -0.282499999 0.170499995 -0.173999995
v -0.357499987 0.170499995 -0.173999995
v -0.361499995 0.155499995 -0.225999996
v -0.361499995 0.166500002 -0.225999996
v -0.357499987 0.166500002 -0.230000004
v -0.357499987 0.155499995 -0.230000004
v -0.357499987 0.155499995 -0.170000002
v -0.357499987 0.166500002 -0.170000002
v -0.361499995 0.166500002 -0.173999995
v -0.361499995 0.155499995 -0.173999995
v -0.282499999 0.155499995 -0.230000004
v -0.282499999 0.166500002 -0.230000004
v -0.278499991 0.166500002 -0.225999996
v -0.278499991 0.155499995 -0.225999996
v -0.278499991 0.155499995 -0.173999995
v -0.278499991 0.166500002 -0.173999995
v -0.282499999 0.166500002 -0.170000002
v -0.282499999 0.155499995 -0.170000002
v -0.357499987 0.151500002 -0.225999996
v -0.357499987 0.151500002 -0.173999995
v -0.361499995 0.155499995 -0.173999995
v -0.361499995 0.155499995 -0.225999996
v -0.361499995 0.166500002 -0.225999996
v -0.361499995 0.166500002 -0.173999995
v -0.357499987 0.170499995 -0.173999995
v -0.357499987 0.170499995 -0.225999996
v -0.278499991 0.155499995 -0.225999996
v -0.278499991 0.155499995 -0.173999995
v -0.282499999 0.151500002 -0.173999995
v -0.282499999 0.151500002 -0.225999996
v -0.282499999 0.170499995 -0.225999996
v -0.282499999 0.170499995 -0.173999995
v -0.278499991 0.166500002 -0.173999995
v -0.278499991 0.166500002 -0.225999996
v -0.357499987 0.155499995 -0.230000004
v -0.357499987 0.151500002 -0.225999996
v -0.361499995 0.155499995 -0.225999996
v -0.361499995 0.155499995 -0.173999995
v -0.357499987 0.151500002 -0.173999995
v -0.357499987 0.155499995 -0.170000002
v -0.361499995 0.166500002 -0.225999996
v -0.357499987 0.170499995 -0.225999996
v -0.357499987 0.166500002 -0.230000004
v -0.357499987 0.166500002 -0.170000002
v -0.357499987 0.170499995 -0.173999995
v -0.361499995 0.166500002 -0.173999995
v -0.278499991 0.155499995 -0.225999996
v -0.282499999 0.151500002 -0.225999996
v -0.282499999 0.155499995 -0.230000004
v -0.282499999 0.155499995 -0.170000002
v -0.282499999 0.151500002 -0.173999995
v -0.278499991 0.155499995 -0.173999995
v -0.282499999 0.166500002 -0.230000004
v -0.282499999 0.170499995 -0.225999996
v -0.278499991 0.166500002 -0.225999996
v -0.278499991 0.166500002 -0.173999995
v -0.282499999 0.170499995 -0.173999995
v -0.282499999 0.166500002 -0.170000002
v -0.294999987 0.168500006 -0.200000003
v -0.294999987 0.193499997 -0.200000003
v -0.298349351 0.193499997 -0.1875
v -0.298349351 0.168500006 -0.1875
v -0.307500005 0.193499997 -0.178349361
v -0.307500005 0.168500006 -0.178349361
v -0.319999993 0.193499997 -0.174999997
v -0.319999993 0.168500006 -0.174999997
v -0.332500011 0.193499997 -0.178349361
v -0.332500011 0.168500006 -0.178349361
v -0.341650635 0.193499997 -0.1875
v -0.341650635 0.168500006 -0.1875
v -0.344999999 0.193499997 -0.200000003
v -0.344999999 0.168500006 -0.200000003
v -0.341650635 0.193499997 -0.212500006
v -0.341650635 0.168500006 -0.212500006
v -0.332500011 0.193499997 -0.221650645
v -0.332500011 0.168500006 -0.221650645
v -0.319999993 0.193499997 -0.224999994
v -0.319999993 0.168500006 -0.224999994
v -0.307500005 0.193499997 -0.221650645
v -0.307500005 0.168500006 -0.221650645
v -0.298349351 0.193499997 -0.212500006
v -0.298349351 0.168500006 -0.212500006
v -0.294999987 0.193499997 -0.200000003
v -0.294999987 0.168500006 -0.200000003
v -0.294999987 0.168500006 -0.200000003
v -0.298349351 0.168500006 -0.1875
v -0.307500005 0.168500006 -0.178349361
v -0.319999993 0.168500006 -0.174999997
v -0.332500011 0.168500006 -0.178349361
v -0.341650635 0.168500006 -0.1875
v -0.344999999 0.168500006 -0.200000003
v -0.341650635 0.168500006 -0.212500006
v -0.332500011 0.168500006 -0.221650645
v -0.319999993 0.168500006 -0.224999994
v -0.307500005 0.168500006 -0.221650645
v -0.298349351 0.168500006 -0.212500006
v -0.298349351 0.193499997 -0.212500006
v -0.307500005 0.193499997 -0.221650645
v -0.319999993 0.193499997 -0.224999994
v -0.332500011 0.193499997 -0.221650645
v -0.341650635 0.193499997 -0.212500006
v -0.344999999 0.193499997 -0.200000003
v -0.341650635 0.193499997 -0.1875
v -0.332500011 0.193499997 -0.178349361
v -0.319999993 0.193499997 -0.174999997
v -0.307500005 0.193499997 -0.178349361
v -0.298349351 0.193499997 -0.1875
v -0.294999987 0.193499997 -0.200000003
v -0.334500015 0.187999994 -0.188500002
v -0.334500015 0.783999979 -0.188500002
v -0.334500015 0.783999979 -0.211500004
v -0.334500015 0.187999994 -0.211500004
v -0.305500001 0.187999994 -0.211500004
v -0.305500001 0.783999979 -0.211500004
v -0.305500001 0.783999979 -0.188500002
v -0.305500001 0.187999994 -0.188500002
v -0.331499994 0.185000002 -0.211500004
v -0.308499992 0.185000002 -0.211500004
v -0.308499992 0.185000002 -0.188500002
v -0.331499994 0.185000002 -0.188500002
v -0.331499994 0.787 -0.188500002
v -0.308499992 0.787 -0.188500002
v -0.308499992 0.787 -0.211500004
v -0.331499994 0.787 -0.211500004
v -0.331499994 0.783999979 -0.214499995
v -0.308499992 0.783999979 -0.214499995
v -0.308499992 0.187999994 -0.214499995
v -0.331499994 0.187999994 -0.214499995
v -0.331499994 0.187999994 -0.185499996
v -0.308499992 0.187999994 -0.185499996
v -0.308499992 0.783999979 -0.185499996
v -0.331499994 0.783999979 -0.185499996
v -0.331499994 0.187999994 -0.214499995
v -0.308499992 0.187999994 -0.214499995
v -0.308499992 0.185000002 -0.211500004
v -0.331499994 0.185000002 -0.211500004
v -0.331499994 0.185000002 -0.188500002
v -0.308499992 0.185000002 -0.188500002
v -0.308499992 0.187999994 -0.185499996
v -0.331499994 0.187999994 -0.185499996
v -0.331499994 0.787 -0.211500004
v -0.308499992 0.787 -0.211500004
v -0.308499992 0.783999979 -0.214499995
v -0.331499994 0.783999979 -0.214499995
v -0.331499994 0.783999979 -0.185499996
v -0.308499992 0.783999979 -0.185499996
v -0.308499992 0.787 -0.188500002
v -0.331499994 0.787 -0.188500002
v -0.334500015 0.187999994 -0.211500004
v -0.334500015 0.783999979 -0.211500004
v -0.331499994 0.783999979 -0.214499995
v -0.331499994 0.187999994 -0.214499995
v -0.331499994 0.187999994 -0.185499996
v -0.331499994 0.783999979 -0.185499996
v -0.334500015 0.783999979 -0.188500002
v -0.334500015 0.187999994 -0.188500002
v -0.308499992 0.187999994 -0.214499995
v -0.308499992 0.783999979 -0.214499995
v -0.305500001 0.783999979 -0.211500004
v -0.305500001 0.187999994 -0.211500004
v -0.305500001 0.187999994 -0.188500002
v -0.305500001 0.783999979 -0.188500002
v -0.308499992 0.783999979 -0.185499996
v -0.308499992 0.187999994 -0.185499996
v -0.331499994 0.185000002 -0.211500004
v -0.331499994 0.185000002 -0.188500002
v -0.334500015 0.187999994 -0.188500002
v -0.334500015 0.187999994 -0.211500004
v -0.334500015 0.783999979 -0.211500004
v -0.334500015 0.783999979 -0.188500002
v -0.331499994 0.787 -0.188500002
v -0.331499994 0.787 -0.211500004
v -0.305500001 0.187999994 -0.211500004
v -0.305500001 0.187999994 -0.188500002
v -0.308499992 0.185000002 -0.188500002
v -0.308499992 0.185000002 -0.211500004
v -0.308499992 0.787 -0.211500004
v -0.308499992 0.787 -0.188500002
v -0.305500001 0.783999979 -0.188500002
v -0.305500001 0.783999979 -0.211500004
v -0.331499994 0.187999994 -0.214499995
v -0.331499994 0.185000002 -0.211500004
v -0.334500015 0.187999994 -0.211500004
v -0.334500015 0.187999994 -0.188500002
v -0.331499994 0.185000002 -0.188500002
v -0.331499994 0.187999994 -0.185499996
v -0.334500015 0.783999979 -0.211500004
v -0.331499994 0.787 -0.211500004
v -0.331499994 0.783999979 -0.214499995
v -0.331499994 0.783999979 -0.185499996
v -0.331499994 0.787 -0.188500002
v -0.334500015 0.783999979 -0.188500002
v -0.305500001 0.187999994 -0.211500004
v -0.308499992 0.185000002 -0.211500004
v -0.308499992 0.187999994 -0.214499995
v -0.308499992 0.187999994 -0.185499996
v -0.308499992 0.185000002 -0.188500002
v -0.305500001 0.187999994 -0.188500002
v -0.308499992 0.783999979 -0.214499995
v -0.308499992 0.787 -0.211500004
v -0.305500001 0.783999979 -0.211500004
v -0.305500001 0.783999979 -0.188500002
v -0.308499992 0.787 -0.188500002
v -0.308499992 0.783999979 -0.185499996
v -0.346500009 0.0370000005 0.200000003
v -0.293500006 0.0370000005 0.200000003
v -0.293500006 0.039947439 0.210999995
v -0.346500009 0.039947439 0.210999995
v -0.293500006 0.0480000004 0.219052553
v -0.346500009 0.0480000004 0.219052553
v -0.293500006 0.0590000004 0.222000003
v -0.346500009 0.0590000004 0.222000003
v -0.293500006 0.0700000003 0.219052553
v -0.346500009 0.0700000003 0.219052553
v -0.293500006 0.078052558 0.210999995
v -0.346500009 0.078052558 0.210999995
v -0.293500006 0.0810000002 0.200000003
v -0.346500009 0.0810000002 0.200000003
v -0.293500006 0.078052558 0.188999996
v -0.346500009 0.078052558 0.188999996
v -0.293500006 0.0700000003 0.180947438
v -0.346500009 0.0700000003 0.180947438
v -0.293500006 0.0590000004 0.178000003
v -0.346500009 0.0590000004 0.178000003
v -0.293500006 0.0480000004 0.180947438
v -0.346500009 0.0480000004 0.180947438
v -0.293500006 0.039947439 0.188999996
v -0.346500009 0.039947439 0.188999996
v -0.293500006 0.0370000005 0.200000003
v -0.346500009 0.0370000005 0.200000003
v -0.346500009 0.0370000005 0.200000003
v -0.346500009 0.039947439 0.210999995
v -0.346500009 0.0480000004 0.219052553
v -0.346500009 0.0590000004 0.222000003
v -0.346500009 0.0700000003 0.219052553
v -0.346500009 0.078052558 0.210999995
v -0.346500009 0.0810000002 0.200000003
v -0.346500009 0.078052558 0.188999996
v -0.346500009 0.0700000003 0.180947438
v -0.346500009 0.0590000004 0.178000003
v -0.346500009 0.0480000004 0.180947438
v -0.346500009 0.039947439 0.188999996
v -0.293500006 0.039947439 0.188999996
v -0.293500006 0.0480000004 0.180947438
v -0.293500006 0.0590000004 0.178000003
v -0.293500006 0.0700000003 0.180947438
v -0.293500006 0.078052558 0.188999996
v -0.293500006 0.0810000002 0.200000003
v -0.293500006 0.078052558 0.210999995
v -0.293500006 0.0700000003 0.219052553
v -0.293500006 0.0590000004 0.222000003
v -0.293500006 0.0480000004 0.219052553
v -0.293500006 0.039947439 0.210999995
v -0.293500006 0.0370000005 0.200000003
v -0.360000014 0.0649999976 0.2245
v -0.360000014 0.157000005 0.2245
v -0.360000014 0.157000005 0.175500005
v -0.360000014 0.0649999976 0.175500005
v -0.34799999 0.0649999976 0.175500005
v -0.34799999 0.157000005 0.175500005
v -0.34799999 0.157000005 0.2245
v -0.34799999 0.0649999976 0.2245
v -0.356000006 0.0610000007 0.175500005
v -0.351999998 0.0610000007 0.175500005
v -0.351999998 0.0610000007 0.2245
v -0.356000006 0.0610000007 0.2245
v -0.356000006 0.160999998 0.2245
v -0.351999998 0.160999998 0.2245
v -0.351999998 0.160999998 0.175500005
v -0.356000006 0.160999998 0.175500005
v -0.356000006 0.157000005 0.171499997
v -0.351999998 0.157000005 0.171499997
v -0.351999998 0.0649999976 0.171499997
v -0.356000006 0.0649999976 0.171499997
v -0.356000006 0.0649999976 0.228499994
v -0.351999998 0.0649999976 0.228499994
v -0.351999998 0.157000005 0.228499994
v -0.356000006 0.157000005 0.228499994
v -0.356000006 0.0649999976 0.171499997
v -0.351999998 0.0649999976 0.171499997
v -0.351999998 0.0610000007 0.175500005
v -0.356000006 0.0610000007 0.175500005
v -0.356000006 0.0610000007 0.2245
v -0.351999998 0.0610000007 0.2245
v -0.351999998 0.0649999976 0.228499994
v -0.356000006 0.0649999976 0.228499994
v -0.356000006 0.160999998 0.175500005
v -0.351999998 0.160999998 0.175500005
v -0.351999998 0.157000005 0.171499997
v -0.356000006 0.157000005 0.171499997
v -0.356000006 0.157000005 0.228499994
v -0.351999998 0.157000005 0.228499994
v -0.351999998 0.160999998 0.2245
v -0.356000006 0.160999998 0.2245
v -0.360000014 0.0649999976 0.175500005
v -0.360000014 0.157000005 0.175500005
v -0.356000006 0.157000005 0.171499997
v -0.356000006 0.0649999976 0.171499997
v -0.356000006 0.0649999976 0.228499994
v -0.356000006 0.157000005 0.228499994
v -0.360000014 0.157000005 0.2245
v -0.360000014 0.0649999976 0.2245
v -0.351999998 0.0649999976 0.171499997
v -0.351999998 0.157000005 0.171499997
v -0.34799999 0.157000005 0.175500005
v -0.34799999 0.0649999976 0.175500005
v -0.34799999 0.0649999976 0.2245
v -0.34799999 0.157000005 0.2245
v -0.351999998 0.157000005 0.228499994
v -0.351999998 0.0649999976 0.228499994
v -0.356000006 0.0610000007 0.175500005
v -0.356000006 0.0610000007 0.2245
v -0.360000014 0.0649999976 0.2245
v -0.360000014 0.0649999976 0.175500005
v -0.360000014 0.157000005 0.175500005
v -0.360000014 0.157000005 0.2245
v -0.356000006 0.160999998 0.2245
v -0.356000006 0.160999998 0.175500005
v -0.34799999 0.0649999976 0.175500005
v -0.34799999 0.0649999976 0.2245
v -0.351999998 0.0610000007 0.2245
v -0.351999998 0.0610000007 0.175500005
v -0.351999998 0.160999998 0.175500005
v -0.351999998 0.160999998 0.2245
v -0.34799999 0.157000005 0.2245
v -0.34799999 0.157000005 0.175500005
v -0.356000006 0.0649999976 0.171499997
v -0.356000006 0.0610000007 0.175500005
v -0.360000014 0.0649999976 0.175500005
v -0.360000014 0.0649999976 0.2245
v -0.356000006 0.0610000007 0.2245
v -0.356000006 0.0649999976 0.228499994
v -0.360000014 0.157000005 0.175500005
v -0.356000006 0.160999998 0.175500005
v -0.356000006 0.157000005 0.171499997
v -0.356000006 0.157000005 0.228499994
v -0.356000006 0.160999998 0.2245
v -0.360000014 0.157000005 0.2245
v -0.34799999 0.0649999976 0.175500005
v -0.351999998 0.0610000007 0.175500005
v -0.351999998 0.0649999976 0.171499997
v -0.351999998 0.0649999976 0.228499994
v -0.351999998 0.0610000007 0.2245
v -0.34799999 0.0649999976 0.2245
v -0.351999998 0.157000005 0.171499997
v -0.351999998 0.160999998 0.175500005
v -0.34799999 0.157000005 0.175500005
v -0.34799999 0.157000005 0.2245
v -0.351999998 0.160999998 0.2245
v -0.351999998 0.157000005 0.228499994
v -0.291999996 0.0649999976 0.2245
v -0.291999996 0.157000005 0.2245
v -0.291999996 0.157000005 0.175500005
v -0.291999996 0.0649999976 0.175500005
v -0.280000001 0.0649999976 0.175500005
v -0.280000001 0.157000005 0.175500005
v -0.280000001 0.157000005 0.2245
v -0.280000001 0.0649999976 0.2245
v -0.287999988 0.0610000007 0.175500005
v -0.284000009 0.0610000007 0.175500005
v -0.284000009 0.0610000007 0.2245
v -0.287999988 0.0610000007 0.2245
v -0.287999988 0.160999998 0.2245
v -0.284000009 0.160999998 0.2245
v -0.284000009 0.160999998 0.175500005
v -0.287999988 0.160999998 0.175500005
v -0.287999988 0.157000005 0.171499997
v -0.284000009 0.157000005 0.171499997
v -0.284000009 0.0649999976 0.171499997
v -0.287999988 0.0649999976 0.171499997
v -0.287999988 0.0649999976 0.228499994
v -0.284000009 0.0649999976 0.228499994
v -0.284000009 0.157000005 0.228499994
v -0.287999988 0.157000005 0.228499994
v -0.287999988 0.0649999976 0.171499997
v -0.284000009 0.0649999976 0.171499997
v -0.284000009 0.0610000007 0.175500005
v -0.287999988 0.0610000007 0.175500005
v -0.287999988 0.0610000007 0.2245
v -0.284000009 0.0610000007 0.2245
v -0.284000009 0.0649999976 0.228499994
v -0.287999988 0.0649999976 0.228499994
v -0.287999988 0.160999998 0.175500005
v -0.284000009 0.160999998 0.175500005
v -0.284000009 0.157000005 0.171499997
v -0.287999988 0.157000005 0.171499997
v -0.287999988 0.157000005 0.228499994
v -0.284000009 0.157000005 0.228499994
v -0.284000009 0.160999998 0.2245
v -0.287999988 0.160999998 0.2245
v -0.291999996 0.0649999976 0.175500005
v -0.291999996 0.157000005 0.175500005
v -0.287999988 0.157000005 0.171499997
v -0.287999988 0.0649999976 0.171499997
v -0.287999988 0.0649999976 0.228499994
v -0.287999988 0.157000005 0.228499994
v -0.291999996 0.157000005 0.2245
v -0.291999996 0.0649999976 0.2245
v -0.284000009 0.0649999976 0.171499997
v -0.284000009 0.157000005 0.171499997
v -0.280000001 0.157000005 0.175500005
v -0.280000001 0.0649999976 0.175500005
v -0.280000001 0.0649999976 0.2245
v -0.280000001 0.157000005 0.2245
v -0.284000009 0.157000005 0.228499994
v -0.284000009 0.0649999976 0.228499994
v -0.287999988 0.0610000007 0.175500005
v -0.287999988 0.0610000007 0.2245
v -0.291999996 0.0649999976 0.2245
v -0.291999996 0.0649999976 0.175500005
v -0.291999996 0.157000005 0.175500005
v -0.291999996 0.157000005 0.2245
v -0.287999988 0.160999998 0.2245
v -0.287999988 0.160999998 0.175500005
v -0.280000001 0.0649999976 0.175500005
v -0.280000001 0.0649999976 0.2245
v -0.284000009 0.0610000007 0.2245
v -0.284000009 0.0610000007 0.175500005
v -0.284000009 0.160999998 0.175500005
v -0.284000009 0.160999998 0.2245
v -0.280000001 0.157000005 0.2245
v -0.280000001 0.157000005 0.175500005
v -0.287999988 0.0649999976 0.171499997
v -0.287999988 0.0610000007 0.175500005
v -0.291999996 0.0649999976 0.175500005
v -0.291999996 0.0649999976 0.2245
v -0.287999988 0.0610000007 0.2245
v -0.287999988 0.0649999976 0.228499994
v -0.291999996 0.157000005 0.175500005
v -0.287999988 0.160999998 0.175500005
v -0.287999988 0.157000005 0.171499997
v -0.287999988 0.157000005 0.228499994
v -0.287999988 0.160999998 0.2245
v -0.291999996 0.157000005 0.2245
v -0.280000001 0.0649999976 0.175500005
v -0.284000009 0.0610000007 0.175500005
v -0.284000009 0.0649999976 0.171499997
v -0.284000009 0.0649999976 0.228499994
v -0.284000009 0.0610000007 0.2245
v -0.280000001 0.0649999976 0.2245
v -0.284000009 0.157000005 0.171499997
v -0.284000009 0.160999998 0.175500005
v -0.280000001 0.157000005 0.175500005
v -0.280000001 0.157000005 0.2245
v -0.284000009 0.160999998 0.2245
v -0.284000009 0.157000005 0.228499994
v -0.361499995 0.155499995 0.225999996
v -0.361499995 0.166500002 0.225999996
v -0.361499995 0.166500002 0.173999995
v -0.361499995 0.155499995 0.173999995
v -0.278499991 0.155499995 0.173999995
v -0.278499991 0.166500002 0.173999995
v -0.278499991 0.166500002 0.225999996
v -0.278499991 0.155499995 0.225999996
v -0.357499987 0.151500002 0.173999995
v -0.282499999 0.151500002 0.173999995
v -0.282499999 0.151500002 0.225999996
v -0.357499987 0.151500002 0.225999996
v -0.357499987 0.170499995 0.225999996
v -0.282499999 0.170499995 0.225999996
v -0.282499999 0.170499995 0.173999995
v -0.357499987 0.170499995 0.173999995
v -0.357499987 0.166500002 0.170000002
v -0.282499999 0.166500002 0.170000002
v -0.282499999 0.155499995 0.170000002
v -0.357499987 0.155499995 0.170000002
v -0.357499987 0.155499995 0.230000004
v -0.282499999 0.155499995 0.230000004
v -0.282499999 0.166500002 0.230000004
v -0.357499987 0.166500002 0.230000004
v -0.357499987 0.155499995 0.170000002
v -0.282499999 0.155499995 0.170000002
v -0.282499999 0.151500002 0.173999995
v -0.357499987 0.151500002 0.173999995
v -0.357499987 0.151500002 0.225999996
v -0.282499999 0.151500002 0.225999996
v -0.282499999 0.155499995 0.230000004
v -0.357499987 0.155499995 0.230000004
v -0.357499987 0.170499995 0.173999995
v -0.282499999 0.170499995 0.173999995
v -0.282499999 0.166500002 0.170000002
v -0.357499987 0.166500002 0.170000002
v -0.357499987 0.166500002 0.230000004
v -0.282499999 0.166500002 0.230000004
v -0.282499999 0.170499995 0.225999996
v -0.357499987 0.170499995 0.225999996
v -0.361499995 0.155499995 0.173999995
v -0.361499995 0.166500002 0.173999995
v -0.357499987 0.166500002 0.170000002
v -0.357499987 0.155499995 0.170000002
v -0.357499987 0.155499995 0.230000004
v -0.357499987 0.166500002 0.230000004
v -0.361499995 0.166500002 0.225999996
v -0.361499995 0.155499995 0.225999996
v -0.282499999 0.155499995 0.170000002
v -0.282499999 0.166500002 0.170000002
v -0.278499991 0.166500002 0.173999995
v -0.278499991 0.155499995 0.173999995
v -0.278499991 0.155499995 0.225999996
v -0.278499991 0.166500002 0.225999996
v -0.282499999 0.166500002 0.230000004
v -0.282499999 0.155499995 0.230000004
v -0.357499987 0.151500002 0.173999995
v -0.357499987 0.151500002 0.225999996
v -0.361499995 0.155499995 0.225999996
v -0.361499995 0.155499995 0.173999995
v -0.361499995 0.166500002 0.173999995
v -0.361499995 0.166500002 0.225999996
v -0.357499987 0.170499995 0.225999996
v -0.357499987 0.170499995 0.173999995
v -0.278499991 0.155499995 0.173999995
v -0.278499991 0.155499995 0.225999996
v -0.282499999 0.151500002 0.225999996
v -0.282499999 0.151500002 0.173999995
v -0.282499999 0.170499995 0.173999995
v -0.282499999 0.170499995 0.225999996
v -0.278499991 0.166500002 0.225999996
v -0.278499991 0.166500002 0.173999995
v -0.357499987 0.155499995 0.170000002
v -0.357499987 0.151500002 0.173999995
v -0.361499995 0.155499995 0.173999995
v -0.361499995 0.155499995 0.225999996
v -0.357499987 0.151500002 0.225999996
v -0.357499987 0.155499995 0.230000004
v -0.361499995 0.166500002 0.173999995
v -0.357499987 0.170499995 0.173999995
v -0.357499987 0.166500002 0.170000002
v -0.357499987 0.166500002 0.230000004
v -0.357499987 0.170499995 0.225999996
v -0.361499995 0.166500002 0.225999996
v -0.278499991 0.155499995 0.173999995
v -0.282499999 0.151500002 0.173999995
v -0.282499999 0.155499995 0.170000002
v -0.282499999 0.155499995 0.230000004
v -0.282499999 0.151500002 0.225999996
v -0.278499991 0.155499995 0.225999996
v -0.282499999 0.166500002 0.170000002
v -0.282499999 0.170499995 0.173999995
v -0.278499991 0.166500002 0.173999995
v -0.278499991 0.166500002 0.225999996
v -0.282499999 0.170499995 0.225999996
v -0.282499999 0.166500002 0.230000004
v -0.294999987 0.168500006 0.200000003
v -0.294999987 0.193499997 0.200000003
v -0.298349351 0.193499997 0.212500006
v -0.298349351 0.168500006 0.212500006
v -0.307500005 0.193499997 0.221650645
v -0.307500005 0.168500006 0.221650645
v -0.319999993 0.193499997 0.224999994
v -0.319999993 0.168500006 0.224999994
v -0.332500011 0.193499997 0.221650645
v -0.332500011 0.168500006 0.221650645
v -0.341650635 0.193499997 0.212500006
v -0.341650635 0.168500006 0.212500006
v -0.344999999 0.193499997 0.200000003
v -0.344999999 0.168500006 0.200000003
v -0.341650635 0.193499997 0.1875
v -0.341650635 0.168500006 0.1875
v -0.332500011 0.193499997 0.178349361
v -0.332500011 0.168500006 0.178349361
v -0.319999993 0.193499997 0.174999997
v -0.319999993 0.168500006 0.174999997
v -0.307500005 0.193499997 0.178349361
v -0.307500005 0.168500006 0.178349361
v -0.298349351 0.193499997 0.1875
v -0.298349351 0.168500006 0.1875
v -0.294999987 0.193499997 0.200000003
v -0.294999987 0.168500006 0.200000003
v -0.294999987 0.168500006 0.200000003
v -0.298349351 0.168500006 0.212500006
v -0.307500005 0.168500006 0.221650645
v -0.319999993 0.168500006 0.224999994
v -0.332500011 0.168500006 0.221650645
v -0.341650635 0.168500006 0.212500006
v -0.344999999 0.168500006 0.200000003
v -0.341650635 0.168500006 0.1875
v -0.332500011 0.168500006 0.178349361
v -0.319999993 0.168500006 0.174999997
v -0.307500005 0.168500006 0.178349361
v -0.298349351 0.168500006 0.1875
v -0.298349351 0.193499997 0.1875
v -0.307500005 0.193499997 0.178349361
v -0.319999993 0.193499997 0.174999997
v -0.332500011 0.193499997 0.178349361
v -0.341650635 0.193499997 0.1875
v -0.344999999 0.193499997 0.200000003
v -0.341650635 0.193499997 0.212500006
v -0.332500011 0.193499997 0.221650645
v -0.319999993 0.193499997 0.224999994
v -0.307500005 0.193499997 0.221650645
v -0.298349351 0.193499997 0.212500006
v -0.294999987 0.193499997 0.200000003
v -0.334500015 0.187999994 0.211500004
v -0.334500015 0.783999979 0.211500004
v -0.334500015 0.783999979 0.188500002
v -0.334500015 0.187999994 0.188500002
v -0.305500001 0.187999994 0.188500002
v -0.305500001 0.783999979 0.188500002
v -0.305500001 0.783999979 0.211500004
v -0.305500001 0.187999994 0.211500004
v -0.331499994 0.185000002 0.188500002
v -0.308499992 0.185000002 0.188500002
v -0.308499992 0.185000002 0.211500004
v -0.331499994 0.185000002 0.211500004
v -0.331499994 0.787 0.211500004
v -0.308499992 0.787 0.211500004
v -0.308499992 0.787 0.188500002
v -0.331499994 0.787 0.188500002
v -0.331499994 0.783999979 0.185499996
v -0.308499992 0.783999979 0.185499996
v -0.308499992 0.187999994 0.185499996
v -0.331499994 0.187999994 0.185499996
v -0.331499994 0.187999994 0.214499995
v -0.308499992 0.187999994 0.214499995
v -0.308499992 0.783999979 0.214499995
v -0.331499994 0.783999979 0.214499995
v -0.331499994 0.187999994 0.185499996
v -0.308499992 0.187999994 0.185499996
v -0.308499992 0.185000002 0.188500002
v -0.331499994 0.185000002 0.188500002
v -0.331499994 0.185000002 0.211500004
v -0.308499992 0.185000002 0.211500004
v -0.308499992 0.187999994 0.214499995
v -0.331499994 0.187999994 0.214499995
v -0.331499994 0.787 0.188500002
v -0.308499992 0.787 0.188500002
v -0.308499992 0.783999979 0.185499996
v -0.331499994 0.783999979 0.185499996
v -0.331499994 0.783999979 0.214499995
v -0.308499992 0.783999979 0.214499995
v -0.308499992 0.787 0.211500004
v -0.331499994 0.787 0.211500004
v -0.334500015 0.187999994 0.188500002
v -0.334500015 0.783999979 0.188500002
v -0.331499994 0.783999979 0.185499996
v -0.331499994 0.187999994 0.185499996
v -0.331499994 0.187999994 0.214499995
v -0.331499994 0.783999979 0.214499995
v -0.334500015 0.783999979 0.211500004
v -0.334500015 0.187999994 0.211500004
v -0.308499992 0.187999994 0.185499996
v -0.308499992 0.783999979 0.185499996
v -0.305500001 0.783999979 0.188500002
v -0.305500001 0.187999994 0.188500002
v -0.305500001 0.187999994 0.211500004
v -0.305500001 0.783999979 0.211500004
v -0.308499992 0.783999979 0.214499995
v -0.308499992 0.187999994 0.214499995
v -0.331499994 0.185000002 0.188500002
v -0.331499994 0.185000002 0.211500004
v -0.334500015 0.187999994 0.211500004
v -0.334500015 0.187999994 0.188500002
v -0.334500015 0.783999979 0.188500002
v -0.334500015 0.783999979 0.211500004
v -0.331499994 0.787 0.211500004
v -0.331499994 0.787 0.188500002
v -0.305500001 0.187999994 0.188500002
v -0.305500001 0.187999994 0.211500004
v -0.308499992 0.185000002 0.211500004
v -0.308499992 0.185000002 0.188500002
v -0.308499992 0.787 0.188500002
v -0.308499992 0.787 0.211500004
v -0.305500001 0.783999979 0.211500004
v -0.305500001 0.783999979 0.188500002
v -0.331499994 0.187999994 0.185499996
v -0.331499994 0.185000002 0.188500002
v -0.334500015 0.187999994 0.188500002
v -0.334500015 0.187999994 0.211500004
v -0.331499994 0.185000002 0.211500004
v -0.331499994 0.187999994 0.214499995
v -0.334500015 0.783999979 0.188500002
v -0.331499994 0.787 0.188500002
v -0.331499994 0.783999979 0.185499996
v -0.331499994 0.783999979 0.214499995
v -0.331499994 0.787 0.211500004
v -0.334500015 0.783999979 0.211500004
v -0.305500001 0.187999994 0.188500002
v -0.308499992 0.185000002 0.188500002
v -0.308499992 0.187999994 0.185499996
v -0.308499992 0.187999994 0.214499995
v -0.308499992 0.185000002 0.211500004
v -0.305500001 0.187999994 0.211500004
v -0.308499992 0.783999979 0.185499996
v -0.308499992 0.787 0.188500002
v -0.305500001 0.783999979 0.188500002
v -0.305500001 0.783999979 0.211500004
v -0.308499992 0.787 0.211500004
v -0.308499992 0.783999979 0.214499995
v 0.293500006 0.0370000005 -0.200000003
v 0.346500009 0.0370000005 -0.200000003
v 0.346500009 0.039947439 -0.188999996
v 0.293500006 0.039947439 -0.188999996
v 0.346500009 0.0480000004 -0.180947438
v 0.293500006 0.0480000004 -0.180947438
v 0.346500009 0.0590000004 -0.178000003
v 0.293500006 0.0590000004 -0.178000003
v 0.346500009 0.0700000003 -0.180947438
v 0.293500006 0.0700000003 -0.180947438
v 0.346500009 0.078052558 -0.188999996
v 0.293500006 0.078052558 -0.188999996
v 0.346500009 0.0810000002 -0.200000003
v 0.293500006 0.0810000002 -0.200000003
v 0.346500009 0.078052558 -0.210999995
v 0.293500006 0.078052558 -0.210999995
v 0.346500009 0.0700000003 -0.219052553
v 0.293500006 0.0700000003 -0.219052553
v 0.346500009 0.0590000004 -0.222000003
v 0.293500006 0.0590000004 -0.222000003
v 0.346500009 0.0480000004 -0.219052553
v 0.293500006 0.0480000004 -0.219052553
v 0.346500009 0.039947439 -0.210999995
v 0.293500006 0.039947439 -0.210999995
v 0.346500009 0.0370000005 -0.200000003
v 0.293500006 0.0370000005 -0.200000003
v 0.293500006 0.0370000005 -0.200000003
v 0.293500006 0.039947439 -0.188999996
v 0.293500006 0.0480000004 -0.180947438
v 0.293500006 0.0590000004 -0.178000003
v 0.293500006 0.0700000003 -0.180947438
v 0.293500006 0.078052558 -0.188999996
v 0.293500006 0.0810000002 -0.200000003
v 0.293500006 0.078052558 -0.210999995
v 0.293500006 0.0700000003 -0.219052553
v 0.293500006 0.0590000004 -0.222000003
v 0.293500006 0.0480000004 -0.219052553
v 0.293500006 0.039947439 -0.210999995
v 0.346500009 0.039947439 -0.210999995
v 0.346500009 0.0480000004 -0.219052553
v 0.346500009 0.0590000004 -0.222000003
v 0.346500009 0.0700000003 -0.219052553
v 0.346500009 0.078052558 -0.210999995
v 0.346500009 0.0810000002 -0.200000003
v 0.346500009 0.078052558 -0.188999996
v 0.346500009 0.0700000003 -0.180947438
v 0.346500009 0.0590000004 -0.178000003
v 0.346500009 0.0480000004 -0.180947438
v 0.346500009 0.039947439 -0.188999996
v 0.346500009 0.0370000005 -0.200000003
v 0.280000001 0.0649999976 -0.175500005
v 0.280000001 0.157000005 -0.175500005
v 0.280000001 0.157000005 -0.2245
v 0.280000001 0.0649999976 -0.2245
v 0.291999996 0.0649999976 -0.2245
v 0.291999996 0.157000005 -0.2245
v 0.291999996 0.157000005 -0.175500005
v 0.291999996 0.0649999976 -0.175500005
v 0.284000009 0.0610000007 -0.2245
v 0.287999988 0.0610000007 -0.2245
v 0.287999988 0.0610000007 -0.175500005
v 0.284000009 0.0610000007 -0.175500005
v 0.284000009 0.160999998 -0.175500005
v 0.287999988 0.160999998 -0.175500005
v 0.287999988 0.160999998 -0.2245
v 0.284000009 0.160999998 -0.2245
v 0.284000009 0.157000005 -0.228499994
v 0.287999988 0.157000005 -0.228499994
v 0.287999988 0.0649999976 -0.228499994
v 0.284000009 0.0649999976 -0.228499994
v 0.284000009 0.0649999976 -0.171499997
v 0.287999988 0.0649999976 -0.171499997
v 0.287999988 0.157000005 -0.171499997
v 0.284000009 0.157000005 -0.171499997
v 0.284000009 0.0649999976 -0.228499994
v 0.287999988 0.0649999976 -0.228499994
v 0.287999988 0.0610000007 -0.2245
v 0.284000009 0.0610000007 -0.2245
v 0.284000009 0.0610000007 -0.175500005
v 0.287999988 0.0610000007 -0.175500005
v 0.287999988 0.0649999976 -0.171499997
v 0.284000009 0.0649999976 -0.171499997
v 0.284000009 0.160999998 -0.2245
v 0.287999988 0.160999998 -0.2245
v 0.287999988 0.157000005 -0.228499994
v 0.284000009 0.157000005 -0.228499994
v 0.284000009 0.157000005 -0.171499997
v 0.287999988 0.157000005 -0.171499997
v 0.287999988 0.160999998 -0.175500005
v 0.284000009 0.160999998 -0.175500005
v 0.280000001 0.0649999976 -0.2245
v 0.280000001 0.157000005 -0.2245
v 0.284000009 0.157000005 -0.228499994
v 0.284000009 0.0649999976 -0.228499994
v 0.284000009 0.0649999976 -0.171499997
v 0.284000009 0.157000005 -0.171499997
v 0.280000001 0.157000005 -0.175500005
v 0.280000001 0.0649999976 -0.175500005
v 0.287999988 0.0649999976 -0.228499994
v 0.287999988 0.157000005 -0.228499994
v 0.291999996 0.157000005 -0.2245
v 0.291999996 0.0649999976 -0.2245
v 0.291999996 0.0649999976 -0.175500005
v 0.291999996 0.157000005 -0.175500005
v 0.287999988 0.157000005 -0.171499997
v 0.287999988 0.0649999976 -0.171499997
v 0.284000009 0.0610000007 -0.2245
v 0.284000009 0.0610000007 -0.175500005
v 0.280000001 0.0649999976 -0.175500005
v 0.280000001 0.0649999976 -0.2245
v 0.280000001 0.157000005 -0.2245
v 0.280000001 0.157000005 -0.175500005
v 0.284000009 0.160999998 -0.175500005
v 0.284000009 0.160999998 -0.2245
v 0.291999996 0.0649999976 -0.2245
v 0.291999996 0.0649999976 -0.175500005
v 0.287999988 0.0610000007 -0.175500005
v 0.287999988 0.0610000007 -0.2245
v 0.287999988 0.160999998 -0.2245
v 0.287999988 0.160999998 -0.175500005
v 0.291999996 0.157000005 -0.175500005
v 0.291999996 0.157000005 -0.2245
v 0.284000009 0.0649999976 -0.228499994
v 0.284000009 0.0610000007 -0.2245
v 0.280000001 0.0649999976 -0.2245
v 0.280000001 0.0649999976 -0.175500005
v 0.284000009 0.0610000007 -0.175500005
v 0.284000009 0.0649999976 -0.171499997
v 0.280000001 0.157000005 -0.2245
v 0.284000009 0.160999998 -0.2245
v 0.284000009 0.157000005 -0.228499994
v 0.284000009 0.157000005 -0.171499997
v 0.284000009 0.160999998 -0.175500005
v 0.280000001 0.157000005 -0.175500005
v 0.291999996 0.0649999976 -0.2245
v 0.287999988 0.0610000007 -0.2245
v 0.287999988 0.0649999976 -0.228499994
v 0.287999988 0.0649999976 -0.171499997
v 0.287999988 0.0610000007 -0.175500005
v 0.291999996 0.0649999976 -0.175500005
v 0.287999988 0.157000005 -0.228499994
v 0.287999988 0.160999998 -0.2245
v 0.291999996 0.157000005 -0.2245
v 0.291999996 0.157000005 -0.175500005
v 0.287999988 0.160999998 -0.175500005
v 0.287999988 0.157000005 -0.171499997
v 0.34799999 0.0649999976 -0.175500005
v 0.34799999 0.157000005 -0.175500005
v 0.34799999 0.157000005 -0.2245
v 0.34799999 0.0649999976 -0.2245
v 0.360000014 0.0649999976 -0.2245
v 0.360000014 0.157000005 -0.2245
v 0.360000014 0.157000005 -0.175500005
v 0.360000014 0.0649999976 -0.175500005
v 0.351999998 0.0610000007 -0.2245
v 0.356000006 0.0610000007 -0.2245
v 0.356000006 0.0610000007 -0.175500005
v 0.351999998 0.0610000007 -0.175500005
v 0.351999998 0.160999998 -0.175500005
v 0.356000006 0.160999998 -0.175500005
v 0.356000006 0.160999998 -0.2245
v 0.351999998 0.160999998 -0.2245
v 0.351999998 0.157000005 -0.228499994
v 0.356000006 0.157000005 -0.228499994
v 0.356000006 0.0649999976 -0.228499994
v 0.351999998 0.0649999976 -0.228499994
v 0.351999998 0.0649999976 -0.171499997
v 0.356000006 0.0649999976 -0.171499997
v 0.356000006 0.157000005 -0.171499997
v 0.351999998 0.157000005 -0.171499997
v 0.351999998 0.0649999976 -0.228499994
v 0.356000006 0.0649999976 -0.228499994
v 0.356000006 0.0610000007 -0.2245
v 0.351999998 0.0610000007 -0.2245
v 0.351999998 0.0610000007 -0.175500005
v 0.356000006 0.0610000007 -0.175500005
v 0.356000006 0.0649999976 -0.171499997
v 0.351999998 0.0649999976 -0.171499997
v 0.351999998 0.160999998 -0.2245
v 0.356000006 0.160999998 -0.2245
v 0.356000006 0.157000005 -0.228499994
v 0.351999998 0.157000005 -0.228499994
v 0.351999998 0.157000005 -0.171499997
v 0.356000006 0.157000005 -0.171499997
v 0.356000006 0.160999998 -0.175500005
v 0.351999998 0.160999998 -0.175500005
v 0.34799999 0.0649999976 -0.2245
v 0.34799999 0.157000005 -0.2245
v 0.351999998 0.157000005 -0.228499994
v 0.351999998 0.0649999976 -0.228499994
v 0.351999998 0.0649999976 -0.171499997
v 0.351999998 0.157000005 -0.171499997
v 0.34799999 0.157000005 -0.175500005
v 0.34799999 0.0649999976 -0.175500005
v 0.356000006 0.0649999976 -0.228499994
v 0.356000006 0.157000005 -0.228499994
v 0.360000014 0.157000005 -0.2245
v 0.360000014 0.0649999976 -0.2245
v 0.360000014 0.0649999976 -0.175500005
v 0.360000014 0.157000005 -0.175500005
v 0.356000006 0.157000005 -0.171499997
v 0.356000006 0.0649999976 -0.171499997
v 0.351999998 0.0610000007 -0.2245
v 0.351999998 0.0610000007 -0.175500005
v 0.34799999 0.0649999976 -0.175500005
v 0.34799999 0.0649999976 -0.2245
v 0.34799999 0.157000005 -0.2245
v 0.34799999 0.157000005 -0.175500005
v 0.351999998 0.160999998 -0.175500005
v 0.351999998 0.160999998 -0.2245
v 0.360000014 0.0649999976 -0.2245
v 0.360000014 0.0649999976 -0.175500005
v 0.356000006 0.0610000007 -0.175500005
v 0.356000006 0.0610000007 -0.2245
v 0.356000006 0.160999998 -0.2245
v 0.356000006 0.160999998 -0.175500005
v 0.360000014 0.157000005 -0.175500005
v 0.360000014 0.157000005 -0.2245
v 0.351999998 0.0649999976 -0.228499994
v 0.351999998 0.0610000007 -0.2245
v 0.34799999 0.0649999976 -0.2245
v 0.34799999 0.0649999976 -0.175500005
v 0.351999998 0.0610000007 -0.175500005
v 0.351999998 0.0649999976 -0.171499997
v 0.34799999 0.157000005 -0.2245
v 0.351999998 0.160999998 -0.2245
v 0.351999998 0.157000005 -0.228499994
v 0.351999998 0.157000005 -0.171499997
v 0.351999998 0.160999998 -0.175500005
v 0.34799999 0.157000005 -0.175500005
v 0.360000014 0.0649999976 -0.2245
v 0.356000006 0.0610000007 -0.2245
v 0.356000006 0.0649999976 -0.228499994
v 0.356000006 0.0649999976 -0.171499997
v 0.356000006 0.0610000007 -0.175500005
v 0.360000014 0.0649999976 -0.175500005
v 0.356000006 0.157000005 -0.228499994
v 0.356000006 0.160999998 -0.2245
v 0.360000014 0.157000005 -0.2245
v 0.360000014 0.157000005 -0.175500005
v 0.356000006 0.160999998 -0.175500005
v 0.356000006 0.157000005 -0.171499997
v 0.278499991 0.155499995 -0.173999995
v 0.278499991 0.166500002 -0.173999995
v 0.278499991 0.166500002 -0.225999996
v 0.278499991 0.155499995 -0.225999996
v 0.361499995 0.155499995 -0.225999996
v 0.361499995 0.166500002 -0.225999996
v 0.361499995 0.166500002 -0.173999995
v 0.361499995 0.155499995 -0.173999995
v 0.282499999 0.151500002 -0.225999996
v 0.357499987 0.151500002 -0.225999996
v 0.357499987 0.151500002 -0.173999995
v 0.282499999 0.151500002 -0.173999995
v 0.282499999 0.170499995 -0.173999995
v 0.357499987 0.170499995 -0.173999995
v 0.357499987 0.170499995 -0.225999996
v 0.282499999 0.170499995 -0.225999996
v 0.282499999 0.166500002 -0.230000004
v 0.357499987 0.166500002 -0.230000004
v 0.357499987 0.155499995 -0.230000004
v 0.282499999 0.155499995 -0.230000004
v 0.282499999 0.155499995 -0.170000002
v 0.357499987 0.155499995 -0.170000002
v 0.357499987 0.166500002 -0.170000002
v 0.282499999 0.166500002 -0.170000002
v 0.282499999 0.155499995 -0.230000004
v 0.357499987 0.155499995 -0.230000004
v 0.357499987 0.151500002 -0.225999996
v 0.282499999 0.151500002 -0.225999996
v 0.282499999 0.151500002 -0.173999995
v 0.357499987 0.151500002 -0.173999995
v 0.357499987 0.155499995 -0.170000002
v 0.282499999 0.155499995 -0.170000002
v 0.282499999 0.170499995 -0.225999996
v 0.357499987 0.170499995 -0.225999996
v 0.357499987 0.166500002 -0.230000004
v 0.282499999 0.166500002 -0.230000004
v 0.282499999 0.166500002 -0.170000002
v 0.357499987 0.166500002 -0.170000002
v 0.357499987 0.170499995 -0.173999995
v 0.282499999 0.170499995 -0.173999995
v 0.278499991 0.155499995 -0.225999996
v 0.278499991 0.166500002 -0.225999996
v 0.282499999 0.166500002 -0.230000004
v 0.282499999 0.155499995 -0.230000004
v 0.282499999 0.155499995 -0.170000002
v 0.282499999 0.166500002 -0.170000002
v 0.278499991 0.166500002 -0.173999995
v 0.278499991 0.155499995 -0.173999995
v 0.357499987 0.155499995 -0.230000004
v 0.357499987 0.166500002 -0.230000004
v 0.361499995 0.166500002 -0.225999996
v 0.361499995 0.155499995 -0.225999996
v 0.361499995 0.155499995 -0.173999995
v 0.361499995 0.166500002 -0.173999995
v 0.357499987 0.166500002 -0.170000002
v 0.357499987 0.155499995 -0.170000002
v 0.282499999 0.151500002 -0.225999996
v 0.282499999 0.151500002 -0.173999995
v 0.278499991 0.155499995 -0.173999995
v 0.278499991 0.155499995 -0.225999996
v 0.278499991 0.166500002 -0.225999996
v 0.278499991 0.166500002 -0.173999995
v 0.282499999 0.170499995 -0.173999995
v 0.282499999 0.170499995 -0.225999996
v 0.361499995 0.155499995 -0.225999996
v 0.361499995 0.155499995 -0.173999995
v 0.357499987 0.151500002 -0.173999995
v 0.357499987 0.151500002 -0.225999996
v 0.357499987 0.170499995 -0.225999996
v 0.357499987 0.170499995 -0.173999995
v 0.361499995 0.166500002 -0.173999995
v 0.361499995 0.166500002 -0.225999996
v 0.282499999 0.155499995 -0.230000004
v 0.282499999 0.151500002 -0.225999996
v 0.278499991 0.155499995 -0.225999996
v 0.278499991 0.155499995 -0.173999995
v 0.282499999 0.151500002 -0.173999995
v 0.282499999 0.155499995 -0.170000002
v 0.278499991 0.166500002 -0.225999996
v 0.282499999 0.170499995 -0.225999996
v 0.282499999 0.166500002 -0.230000004
v 0.282499999 0.166500002 -0.170000002
v 0.282499999 0.170499995 -0.173999995
v 0.278499991 0.166500002 -0.173999995
v 0.361499995 0.155499995 -0.225999996
v 0.357499987 0.151500002 -0.225999996
v 0.357499987 0.155499995 -0.230000004
v 0.357499987 0.155499995 -0.170000002
v 0.357499987 0.151500002 -0.173999995
v 0.361499995 0.155499995 -0.173999995
v 0.357499987 0.166500002 -0.230000004
v 0.357499987 0.170499995 -0.225999996
v 0.361499995 0.166500002 -0.225999996
v 0.361499995 0.166500002 -0.173999995
v 0.357499987 0.170499995 -0.173999995
v 0.357499987 0.166500002 -0.170000002
v 0.344999999 0.168500006 -0.200000003
v 0.344999999 0.193499997 -0.200000003
v 0.341650635 0.193499997 -0.1875
v 0.341650635 0.168500006 -0.1875
v 0.332500011 0.193499997 -0.178349361
v 0.332500011 0.168500006 -0.178349361
v 0.319999993 0.193499997 -0.174999997
v 0.319999993 0.168500006 -0.174999997
v 0.307500005 0.193499997 -0.178349361
v 0.307500005 0.168500006 -0.178349361
v 0.298349351 0.193499997 -0.1875
v 0.298349351 0.168500006 -0.1875
v 0.294999987 0.193499997 -0.200000003
v 0.294999987 0.168500006 -0.200000003
v 0.298349351 0.193499997 -0.212500006
v 0.298349351 0.168500006 -0.212500006
v 0.307500005 0.193499997 -0.221650645
v 0.307500005 0.168500006 -0.221650645
v 0.319999993 0.193499997 -0.224999994
v 0.319999993 0.168500006 -0.224999994
v 0.332500011 0.193499997 -0.221650645
v 0.332500011 0.168500006 -0.221650645
v 0.341650635 0.193499997 -0.212500006
v 0.341650635 0.168500006 -0.212500006
v 0.344999999 0.193499997 -0.200000003
v 0.344999999 0.168500006 -0.200000003
v 0.344999999 0.168500006 -0.200000003
v 0.341650635 0.168500006 -0.1875
v 0.332500011 0.168500006 -0.178349361
v 0.319999993 0.168500006 -0.174999997
v 0.307500005 0.168500006 -0.178349361
v 0.298349351 0.168500006 -0.1875
v 0.294999987 0.168500006 -0.200000003
v 0.298349351 0.168500006 -0.212500006
v 0.307500005 0.168500006 -0.221650645
v 0.319999993 0.168500006 -0.224999994
v 0.332500011 0.168500006 -0.221650645
v 0.341650635 0.168500006 -0.212500006
v 0.341650635 0.193499997 -0.212500006
v 0.332500011 0.193499997 -0.221650645
v 0.319999993 0.193499997 -0.224999994
v 0.307500005 0.193499997 -0.221650645
v 0.298349351 0.193499997 -0.212500006
v 0.294999987 0.193499997 -0.200000003
v 0.298349351 0.193499997 -0.1875
v 0.307500005 0.193499997 -0.178349361
v 0.319999993 0.193499997 -0.174999997
v 0.332500011 0.193499997 -0.178349361
v 0.341650635 0.193499997 -0.1875
v 0.344999999 0.193499997 -0.200000003
v 0.305500001 0.187999994 -0.188500002
v 0.305500001 0.783999979 -0.188500002
v 0.305500001 0.783999979 -0.211500004
v 0.305500001 0.187999994 -0.211500004
v 0.334500015 0.187999994 -0.211500004
v 0.334500015 0.783999979 -0.211500004
v 0.334500015 0.783999979 -0.188500002
v 0.334500015 0.187999994 -0.188500002
v 0.308499992 0.185000002 -0.211500004
v 0.331499994 0.185000002 -0.211500004
v 0.331499994 0.185000002 -0.188500002
v 0.308499992 0.185000002 -0.188500002
v 0.308499992 0.787 -0.188500002
v 0.331499994 0.787 -0.188500002
v 0.331499994 0.787 -0.211500004
v 0.308499992 0.787 -0.211500004
v 0.308499992 0.783999979 -0.214499995
v 0.331499994 0.783999979 -0.214499995
v 0.331499994 0.187999994 -0.214499995
v 0.308499992 0.187999994 -0.214499995
v 0.308499992 0.187999994 -0.185499996
v 0.331499994 0.187999994 -0.185499996
v 0.331499994 0.783999979 -0.185499996
v 0.308499992 0.783999979 -0.185499996
v 0.308499992 0.187999994 -0.214499995
v 0.331499994 0.187999994 -0.214499995
v 0.331499994 0.185000002 -0.211500004
v 0.308499992 0.185000002 -0.211500004
v 0.308499992 0.185000002 -0.188500002
v 0.331499994 0.185000002 -0.188500002
v 0.331499994 0.187999994 -0.185499996
v 0.308499992 0.187999994 -0.185499996
v 0.308499992 0.787 -0.211500004
v 0.331499994 0.787 -0.211500004
v 0.331499994 0.783999979 -0.214499995
v 0.308499992 0.783999979 -0.214499995
v 0.308499992 0.783999979 -0.185499996
v 0.331499994 0.783999979 -0.185499996
v 0.331499994 0.787 -0.188500002
v 0.308499992 0.787 -0.188500002
v 0.305500001 0.187999994 -0.211500004
v 0.305500001 0.783999979 -0.211500004
v 0.308499992 0.783999979 -0.214499995
v 0.308499992 0.187999994 -0.214499995
v 0.308499992 0.187999994 -0.185499996
v 0.308499992 0.783999979 -0.185499996
v 0.305500001 0.783999979 -0.188500002
v 0.305500001 0.187999994 -0.188500002
v 0.331499994 0.187999994 -0.214499995
v 0.331499994 0.783999979 -0.214499995
v 0.334500015 0.783999979 -0.211500004
v 0.334500015 0.187999994 -0.211500004
v 0.334500015 0.187999994 -0.188500002
v 0.334500015 0.783999979 -0.188500002
v 0.331499994 0.783999979 -0.185499996
v 0.331499994 0.187999994 -0.185499996
v 0.308499992 0.185000002 -0.211500004
v 0.308499992 0.185000002 -0.188500002
v 0.305500001 0.187999994 -0.188500002
v 0.305500001 0.187999994 -0.211500004
v 0.305500001 0.783999979 -0.211500004
v 0.305500001 0.783999979 -0.188500002
v 0.308499992 0.787 -0.188500002
v 0.308499992 0.787 -0.211500004
v 0.334500015 0.187999994 -0.211500004
v 0.334500015 0.187999994 -0.188500002
v 0.331499994 0.185000002 -0.188500002
v 0.331499994 0.185000002 -0.211500004
v 0.331499994 0.787 -0.211500004
v 0.331499994 0.787 -0.188500002
v 0.334500015 0.783999979 -0.188500002
v 0.334500015 0.783999979 -0.211500004
v 0.308499992 0.187999994 -0.214499995
v 0.308499992 0.185000002 -0.211500004
v 0.305500001 0.187999994 -0.211500004
v 0.305500001 0.187999994 -0.188500002
v 0.308499992 0.185000002 -0.188500002
v 0.308499992 0.187999994 -0.185499996
v 0.305500001 0.783999979 -0.211500004
v 0.308499992 0.787 -0.211500004
v 0.308499992 0.783999979 -0.214499995
v 0.308499992 0.783999979 -0.185499996
v 0.308499992 0.787 -0.188500002
v 0.305500001 0.783999979 -0.188500002
v 0.334500015 0.187999994 -0.211500004
v 0.331499994 0.185000002 -0.211500004
v 0.331499994 0.187999994 -0.214499995
v 0.331499994 0.187999994 -0.185499996
v 0.331499994 0.185000002 -0.188500002
v 0.334500015 0.187999994 -0.188500002
v 0.331499994 0.783999979 -0.214499995
v 0.331499994 0.787 -0.211500004
v 0.334500015 0.783999979 -0.211500004
v 0.334500015 0.783999979 -0.188500002
v 0.331499994 0.787 -0.188500002
v 0.331499994 0.783999979 -0.185499996
v 0.293500006 0.0370000005 0.200000003
v 0.346500009 0.0370000005 0.200000003
v 0.346500009 0.039947439 0.210999995
v 0.293500006 0.039947439 0.210999995
v 0.346500009 0.0480000004 0.219052553
v 0.293500006 0.0480000004 0.219052553
v 0.346500009 0.0590000004 0.222000003
v 0.293500006 0.0590000004 0.222000003
v 0.346500009 0.0700000003 0.219052553
v 0.293500006 0.0700000003 0.219052553
v 0.346500009 0.078052558 0.210999995
v 0.293500006 0.078052558 0.210999995
v 0.346500009 0.0810000002 0.200000003
v 0.293500006 0.0810000002 0.200000003
v 0.346500009 0.078052558 0.188999996
v 0.293500006 0.078052558 0.188999996
v 0.346500009 0.0700000003 0.180947438
v 0.293500006 0.0700000003 0.180947438
v 0.346500009 0.0590000004 0.178000003
v 0.293500006 0.0590000004 0.178000003
v 0.346500009 0.0480000004 0.180947438
v 0.293500006 0.0480000004 0.180947438
v 0.346500009 0.039947439 0.188999996
v 0.293500006 0.039947439 0.188999996
v 0.346500009 0.0370000005 0.200000003
v 0.293500006 0.0370000005 0.200000003
v 0.293500006 0.0370000005 0.200000003
v 0.293500006 0.039947439 0.210999995
v 0.293500006 0.0480000004 0.219052553
v 0.293500006 0.0590000004 0.222000003
v 0.293500006 0.0700000003 0.219052553
v 0.293500006 0.078052558 0.210999995
v 0.293500006 0.0810000002 0.200000003
v 0.293500006 0.078052558 0.188999996
v 0.293500006 0.0700000003 0.180947438
v 0.293500006 0.0590000004 0.178000003
v 0.293500006 0.0480000004 0.180947438
v 0.293500006 0.039947439 0.188999996
v 0.346500009 0.039947439 0.188999996
v 0.346500009 0.0480000004 0.180947438
v 0.346500009 0.0590000004 0.178000003
v 0.346500009 0.0700000003 0.180947438
v 0.346500009 0.078052558 0.188999996
v 0.346500009 0.0810000002 0.200000003
v 0.346500009 0.078052558 0.210999995
v 0.346500009 0.0700000003 0.219052553
v 0.346500009 0.0590000004 0.222000003
v 0.346500009 0.0480000004 0.219052553
v 0.346500009 0.039947439 0.210999995
v 0.346500009 0.0370000005 0.200000003
v 0.280000001 0.0649999976 0.2245
v 0.280000001 0.157000005 0.2245
v 0.280000001 0.157000005 0.175500005
v 0.280000001 0.0649999976 0.175500005
v 0.291999996 0.0649999976 0.175500005
v 0.291999996 0.157000005 0.175500005
v 0.291999996 0.157000005 0.2245
v 0.291999996 0.0649999976 0.2245
v 0.284000009 0.0610000007 0.175500005
v 0.287999988 0.0610000007 0.175500005
v 0.287999988 0.0610000007 0.2245
v 0.284000009 0.0610000007 0.2245
v 0.284000009 0.160999998 0.2245
v 0.287999988 0.160999998 0.2245
v 0.287999988 0.160999998 0.175500005
v 0.284000009 0.160999998 0.175500005
v 0.284000009 0.157000005 0.171499997
v 0.287999988 0.157000005 0.171499997
v 0.287999988 0.0649999976 0.171499997
v 0.284000009 0.0649999976 0.171499997
v 0.284000009 0.0649999976 0.228499994
v 0.287999988 0.0649999976 0.228499994
v 0.287999988 0.157000005 0.228499994
v 0.284000009 0.157000005 0.228499994
v 0.284000009 0.0649999976 0.171499997
v 0.287999988 0.0649999976 0.171499997
v 0.287999988 0.0610000007 0.175500005
v 0.284000009 0.0610000007 0.175500005
v 0.284000009 0.0610000007 0.2245
v 0.287999988 0.0610000007 0.2245
v 0.287999988 0.0649999976 0.228499994
v 0.284000009 0.0649999976 0.228499994
v 0.284000009 0.160999998 0.175500005
v 0.287999988 0.160999998 0.175500005
v 0.287999988 0.157000005 0.171499997
v 0.284000009 0.157000005 0.171499997
v 0.284000009 0.157000005 0.228499994
v 0.287999988 0.157000005 0.228499994
v 0.287999988 0.160999998 0.2245
v 0.284000009 0.160999998 0.2245
v 0.280000001 0.0649999976 0.175500005
v 0.280000001 0.157000005 0.175500005
v 0.284000009 0.157000005 0.171499997
v 0.284000009 0.0649999976 0.171499997
v 0.284000009 0.0649999976 0.228499994
v 0.284000009 0.157000005 0.228499994
v 0.280000001 0.157000005 0.2245
v 0.280000001 0.0649999976 0.2245
v 0.287999988 0.0649999976 0.171499997
v 0.287999988 0.157000005 0.171499997
v 0.291999996 0.157000005 0.175500005
v 0.291999996 0.0649999976 0.175500005
v 0.291999996 0.0649999976 0.2245
v 0.291999996 0.157000005 0.2245
v 0.287999988 0.157000005 0.228499994
v 0.287999988 0.0649999976 0.228499994
v 0.284000009 0.0610000007 0.175500005
v 0.284000009 0.0610000007 0.2245
v 0.280000001 0.0649999976 0.2245
v 0.280000001 0.0649999976 0.175500005
v 0.280000001 0.157000005 0.175500005
v 0.280000001 0.157000005 0.2245
v 0.284000009 0.160999998 0.2245
v 0.284000009 0.160999998 0.175500005
v 0.291999996 0.0649999976 0.175500005
v 0.291999996 0.0649999976 0.2245
v 0.287999988 0.0610000007 0.2245
v 0.287999988 0.0610000007 0.175500005
v 0.287999988 0.160999998 0.175500005
v 0.287999988 0.160999998 0.2245
v 0.291999996 0.157000005 0.2245
v 0.291999996 0.157000005 0.175500005
v 0.284000009 0.0649999976 0.171499997
v 0.284000009 0.0610000007 0.175500005
v 0.280000001 0.0649999976 0.175500005
v 0.280000001 0.0649999976 0.2245
v 0.284000009 0.0610000007 0.2245
v 0.284000009 0.0649999976 0.228499994
v 0.280000001 0.157000005 0.175500005
v 0.284000009 0.160999998 0.175500005
v 0.284000009 0.157000005 0.171499997
v 0.284000009 0.157000005 0.228499994
v 0.284000009 0.160999998 0.2245
v 0.280000001 0.157000005 0.2245
v 0.291999996 0.0649999976 0.175500005
v 0.287999988 0.0610000007 0.175500005
v 0.287999988 0.0649999976 0.171499997
v 0.287999988 0.0649999976 0.228499994
v 0.287999988 0.0610000007 0.2245
v 0.291999996 0.0649999976 0.2245
v 0.287999988 0.157000005 0.171499997
v 0.287999988 0.160999998 0.175500005
v 0.291999996 0.157000005 0.175500005
v 0.291999996 0.157000005 0.2245
v 0.287999988 0.160999998 0.2245
v 0.287999988 0.157000005 0.228499994
v 0.34799999 0.0649999976 0.2245
v 0.34799999 0.157000005 0.2245
v 0.34799999 0.157000005 0.175500005
v 0.34799999 0.0649999976 0.175500005
v 0.360000014 0.0649999976 0.175500005
v 0.360000014 0.157000005 0.175500005
v 0.360000014 0.157000005 0.2245
v 0.360000014 0.0649999976 0.2245
v 0.351999998 0.0610000007 0.175500005
v 0.356000006 0.0610000007 0.175500005
v 0.356000006 0.0610000007 0.2245
v 0.351999998 0.0610000007 0.2245
v 0.351999998 0.160999998 0.2245
v 0.356000006 0.160999998 0.2245
v 0.356000006 0.160999998 0.175500005
v 0.351999998 0.160999998 0.175500005
v 0.351999998 0.157000005 0.171499997
v 0.356000006 0.157000005 0.171499997
v 0.356000006 0.0649999976 0.171499997
v 0.351999998 0.0649999976 0.171499997
v 0.351999998 0.0649999976 0.228499994
v 0.356000006 0.0649999976 0.228499994
v 0.356000006 0.157000005 0.228499994
v 0.351999998 0.157000005 0.228499994
v 0.351999998 0.0649999976 0.171499997
v 0.356000006 0.0649999976 0.171499997
v 0.356000006 0.0610000007 0.175500005
v 0.351999998 0.0610000007 0.175500005
v 0.351999998 0.0610000007 0.2245
v 0.356000006 0.0610000007 0.2245
v 0.356000006 0.0649999976 0.228499994
v 0.351999998 0.0649999976 0.228499994
v 0.351999998 0.160999998 0.175500005
v 0.356000006 0.160999998 0.175500005
v 0.356000006 0.157000005 0.171499997
v 0.351999998 0.157000005 0.171499997
v 0.351999998 0.157000005 0.228499994
v 0.356000006 0.157000005 0.228499994
v 0.356000006 0.160999998 0.2245
v 0.351999998 0.160999998 0.2245
v 0.34799999 0.0649999976 0.175500005
v 0.34799999 0.157000005 0.175500005
v 0.351999998 0.157000005 0.171499997
v 0.351999998 0.0649999976 0.171499997
v 0.351999998 0.0649999976 0.228499994
v 0.351999998 0.157000005 0.228499994
v 0.34799999 0.157000005 0.2245
v 0.34799999 0.0649999976 0.2245
v 0.356000006 0.0649999976 0.171499997
v 0.356000006 0.157000005 0.171499997
v 0.360000014 0.157000005 0.175500005
v 0.360000014 0.0649999976 0.175500005
v 0.360000014 0.0649999976 0.2245
v 0.360000014 0.157000005 0.2245
v 0.356000006 0.157000005 0.228499994
v 0.356000006 0.0649999976 0.228499994
v 0.351999998 0.0610000007 0.175500005
v 0.351999998 0.0610000007 0.2245
v 0.34799999 0.0649999976 0.2245
v 0.34799999 0.0649999976 0.175500005
v 0.34799999 0.157000005 0.175500005
v 0.34799999 0.157000005 0.2245
v 0.351999998 0.160999998 0.2245
v 0.351999998 0.160999998 0.175500005
v 0.360000014 0.0649999976 0.175500005
v 0.360000014 0.0649999976 0.2245
v 0.356000006 0.0610000007 0.2245
v 0.356000006 0.0610000007 0.175500005
v 0.356000006 0.160999998 0.175500005
v 0.356000006 0.160999998 0.2245
v 0.360000014 0.157000005 0.2245
v 0.360000014 0.157000005 0.175500005
v 0.351999998 0.0649999976 0.171499997
v 0.351999998 0.0610000007 0.175500005
v 0.34799999 0.0649999976 0.175500005
v 0.34799999 0.0649999976 0.2245
v 0.351999998 0.0610000007 0.2245
v 0.351999998 0.0649999976 0.228499994
v 0.34799999 0.157000005 0.175500005
v 0.351999998 0.160999998 0.175500005
v 0.351999998 0.157000005 0.171499997
v 0.351999998 0.157000005 0.228499994
v 0.351999998 0.160999998 0.2245
v 0.34799999 0.157000005 0.2245
v 0.360000014 0.0649999976 0.175500005
v 0.356000006 0.0610000007 0.175500005
v 0.356000006 0.0649999976 0.171499997
v 0.356000006 0.0649999976 0.228499994
v 0.356000006 0.0610000007 0.2245
v 0.360000014 0.0649999976 0.2245
v 0.356000006 0.157000005 0.171499997
v 0.356000006 0.160999998 0.175500005
v 0.360000014 0.157000005 0.175500005
v 0.360000014 0.157000005 0.2245
v 0.356000006 0.160999998 0.2245
v 0.356000006 0.157000005 0.228499994
v 0.278499991 0.155499995 0.225999996
v 0.278499991 0.166500002 0.225999996
v 0.278499991 0.166500002 0.173999995
v 0.278499991 0.155499995 0.173999995
v 0.361499995 0.155499995 0.173999995
v 0.361499995 0.166500002 0.173999995
v 0.361499995 0.166500002 0.225999996
v 0.361499995 0.155499995 0.225999996
v 0.282499999 0.151500002 0.173999995
v 0.357499987 0.151500002 0.173999995
v 0.357499987 0.151500002 0.225999996
v 0.282499999 0.151500002 0.225999996
v 0.282499999 0.170499995 0.225999996
v 0.357499987 0.170499995 0.225999996
v 0.357499987 0.170499995 0.173999995
v 0.282499999 0.170499995 0.173999995
v 0.282499999 0.166500002 0.170000002
v 0.357499987 0.166500002 0.170000002
v 0.357499987 0.155499995 0.170000002
v 0.282499999 0.155499995 0.170000002
v 0.282499999 0.155499995 0.230000004
v 0.357499987 0.155499995 0.230000004
v 0.357499987 0.166500002 0.230000004
v 0.282499999 0.166500002 0.230000004
v 0.282499999 0.155499995 0.170000002
v 0.357499987 0.155499995 0.170000002
v 0.357499987 0.151500002 0.173999995
v 0.282499999 0.151500002 0.173999995
v 0.282499999 0.151500002 0.225999996
v 0.357499987 0.151500002 0.225999996
v 0.357499987 0.155499995 0.230000004
v 0.282499999 0.155499995 0.230000004
v 0.282499999 0.170499995 0.173999995
v 0.357499987 0.170499995 0.173999995
v 0.357499987 0.166500002 0.170000002
v 0.282499999 0.166500002 0.170000002
v 0.282499999 0.166500002 0.230000004
v 0.357499987 0.166500002 0.230000004
v 0.357499987 0.170499995 0.225999996
v 0.282499999 0.170499995 0.225999996
v 0.278499991 0.155499995 0.173999995
v 0.278499991 0.166500002 0.173999995
v 0.282499999 0.166500002 0.170000002
v 0.282499999 0.155499995 0.170000002
v 0.282499999 0.155499995 0.230000004
v 0.282499999 0.166500002 0.230000004
v 0.278499991 0.166500002 0.225999996
v 0.278499991 0.155499995 0.225999996
v 0.357499987 0.155499995 0.170000002
v 0.357499987 0.166500002 0.170000002
v 0.361499995 0.166500002 0.173999995
v 0.361499995 0.155499995 0.173999995
v 0.361499995 0.155499995 0.225999996
v 0.361499995 0.166500002 0.225999996
v 0.357499987 0.166500002 0.230000004
v 0.357499987 0.155499995 0.230000004
v 0.282499999 0.151500002 0.173999995
v 0.282499999 0.151500002 0.225999996
v 0.278499991 0.155499995 0.225999996
v 0.278499991 0.155499995 0.173999995
v 0.278499991 0.166500002 0.173999995
v 0.278499991 0.166500002 0.225999996
v 0.282499999 0.170499995 0.225999996
v 0.282499999 0.170499995 0.173999995
v 0.361499995 0.155499995 0.173999995
v 0.361499995 0.155499995 0.225999996
v 0.357499987 0.151500002 0.225999996
v 0.357499987 0.151500002 0.173999995
v 0.357499987 0.170499995 0.173999995
v 0.357499987 0.170499995 0.225999996
v 0.361499995 0.166500002 0.225999996
v 0.361499995 0.166500002 0.173999995
v 0.282499999 0.155499995 0.170000002
v 0.282499999 0.151500002 0.173999995
v 0.278499991 0.155499995 0.173999995
v 0.278499991 0.155499995 0.225999996
v 0.282499999 0.151500002 0.225999996
v 0.282499999 0.155499995 0.230000004
v 0.278499991 0.166500002 0.173999995
v 0.282499999 0.170499995 0.173999995
v 0.282499999 0.166500002 0.170000002
v 0.282499999 0.166500002 0.230000004
v 0.282499999 0.170499995 0.225999996
v 0.278499991 0.166500002 0.225999996
v 0.361499995 0.155499995 0.173999995
v 0.357499987 0.151500002 0.173999995
v 0.357499987 0.155499995 0.170000002
v 0.357499987 0.155499995 0.230000004
v 0.357499987 0.151500002 0.225999996
v 0.361499995 0.155499995 0.225999996
v 0.357499987 0.166500002 0.170000002
v 0.357499987 0.170499995 0.173999995
v 0.361499995 0.166500002 0.173999995
v 0.361499995 0.166500002 0.225999996
v 0.357499987 0.170499995 0.225999996
v 0.357499987 0.166500002 0.230000004
v 0.344999999 0.168500006 0.200000003
v 0.344999999 0.193499997 0.200000003
v 0.341650635 0.193499997 0.212500006
v 0.341650635 0.168500006 0.212500006
v 0.332500011 0.193499997 0.221650645
v 0.332500011 0.168500006 0.221650645
v 0.319999993 0.193499997 0.224999994
v 0.319999993 0.168500006 0.224999994
v 0.307500005 0.193499997 0.221650645
v 0.307500005 0.168500006 0.221650645
v 0.298349351 0.193499997 0.212500006
v 0.298349351 0.168500006 0.212500006
v 0.294999987 0.193499997 0.200000003
v 0.294999987 0.168500006 0.200000003
v 0.298349351 0.193499997 0.1875
v 0.298349351 0.168500006 0.1875
v 0.307500005 0.193499997 0.178349361
v 0.307500005 0.168500006 0.178349361
v 0.319999993 0.193499997 0.174999997
v 0.319999993 0.168500006 0.174999997
v 0.332500011 0.193499997 0.178349361
v 0.332500011 0.168500006 0.178349361
v 0.341650635 0.193499997 0.1875
v 0.341650635 0.168500006 0.1875
v 0.344999999 0.193499997 0.200000003
v 0.344999999 0.168500006 0.200000003
v 0.344999999 0.168500006 0.200000003
v 0.341650635 0.168500006 0.212500006
v 0.332500011 0.168500006 0.221650645
v 0.319999993 0.168500006 0.224999994
v 0.307500005 0.168500006 0.221650645
v 0.298349351 0.168500006 0.212500006
v 0.294999987 0.168500006 0.200000003
v 0.298349351 0.168500006 0.1875
v 0.307500005 0.168500006 0.178349361
v 0.319999993 0.168500006 0.174999997
v 0.332500011 0.168500006 0.178349361
v 0.341650635 0.168500006 0.1875
v 0.341650635 0.193499997 0.1875
v 0.332500011 0.193499997 0.178349361
v 0.319999993 0.193499997 0.174999997
v 0.307500005 0.193499997 0.178349361
v 0.298349351 0.193499997 0.1875
v 0.294999987 0.193499997 0.200000003
v 0.298349351 0.193499997 0.212500006
v 0.307500005 0.193499997 0.221650645
v 0.319999993 0.193499997 0.224999994
v 0.332500011 0.193499997 0.221650645
v 0.341650635 0.193499997 0.212500006
v 0.344999999 0.193499997 0.200000003
v 0.305500001 0.187999994 0.211500004
v 0.305500001 0.783999979 0.211500004
v 0.305500001 0.783999979 0.188500002
v 0.305500001 0.187999994 0.188500002
v 0.334500015 0.187999994 0.188500002
v 0.334500015 0.783999979 0.188500002
v 0.334500015 0.783999979 0.211500004
v 0.334500015 0.187999994 0.211500004
v 0.308499992 0.185000002 0.188500002
v 0.331499994 0.185000002 0.188500002
v 0.331499994 0.185000002 0.211500004
v 0.308499992 0.185000002 0.211500004
v 0.308499992 0.787 0.211500004
v 0.331499994 0.787 0.211500004
v 0.331499994 0.787 0.188500002
v 0.308499992 0.787 0.188500002
v 0.308499992 0.783999979 0.185499996
v 0.331499994 0.783999979 0.185499996
v 0.331499994 0.187999994 0.185499996
v 0.308499992 0.187999994 0.185499996
v 0.308499992 0.187999994 0.214499995
v 0.331499994 0.187999994 0.214499995
v 0.331499994 0.783999979 0.214499995
v 0.308499992 0.783999979 0.214499995
v 0.308499992 0.187999994 0.185499996
v 0.331499994 0.187999994 0.185499996
v 0.331499994 0.185000002 0.188500002
v 0.308499992 0.185000002 0.188500002
v 0.308499992 0.185000002 0.211500004
v 0.331499994 0.185000002 0.211500004
v 0.331499994 0.187999994 0.214499995
v 0.308499992 0.187999994 0.214499995
v 0.308499992 0.787 0.188500002
v 0.331499994 0.787 0.188500002
v 0.331499994 0.783999979 0.185499996
v 0.308499992 0.783999979 0.185499996
v 0.308499992 0.783999979 0.214499995
v 0.331499994 0.783999979 0.214499995
v 0.331499994 0.787 0.211500004
v 0.308499992 0.787 0.211500004
v 0.305500001 0.187999994 0.188500002
v 0.305500001 0.783999979 0.188500002
v 0.308499992 0.783999979 0.185499996
v 0.308499992 0.187999994 0.185499996
v 0.308499992 0.187999994 0.214499995
v 0.308499992 0.783999979 0.214499995
v 0.305500001 0.783999979 0.211500004
v 0.305500001 0.187999994 0.211500004
v 0.331499994 0.187999994 0.185499996
v 0.331499994 0.783999979 0.185499996
v 0.334500015 0.783999979 0.188500002
v 0.334500015 0.187999994 0.188500002
v 0.334500015 0.187999994 0.211500004
v 0.334500015 0.783999979 0.211500004
v 0.331499994 0.783999979 0.214499995
v 0.331499994 0.187999994 0.214499995
v 0.308499992 0.185000002 0.188500002
v 0.308499992 0.185000002 0.211500004
v 0.305500001 0.187999994 0.211500004
v 0.305500001 0.187999994 0.188500002
v 0.305500001 0.783999979 0.188500002
v 0.305500001 0.783999979 0.211500004
v 0.308499992 0.787 0.211500004
v 0.308499992 0.787 0.188500002
v 0.334500015 0.187999994 0.188500002
v 0.334500015 0.187999994 0.211500004
v 0.331499994 0.185000002 0.211500004
v 0.331499994 0.185000002 0.188500002
v 0.331499994 0.787 0.188500002
v 0.331499994 0.787 0.211500004
v 0.334500015 0.783999979 0.211500004
v 0.334500015 0.783999979 0.188500002
v 0.308499992 0.187999994 0.185499996
v 0.308499992 0.185000002 0.188500002
v 0.305500001 0.187999994 0.188500002
v 0.305500001 0.187999994 0.211500004
v 0.308499992 0.185000002 0.211500004
v 0.308499992 0.187999994 0.214499995
v 0.305500001 0.783999979 0.188500002
v 0.308499992 0.787 0.188500002
v 0.308499992 0.783999979 0.185499996
v 0.308499992 0.783999979 0.214499995
v 0.308499992 0.787 0.211500004
v 0.305500001 0.783999979 0.211500004
v 0.334500015 0.187999994 0.188500002
v 0.331499994 0.185000002 0.188500002
v 0.331499994 0.187999994 0.185499996
v 0.331499994 0.187999994 0.214499995
v 0.331499994 0.185000002 0.211500004
v 0.334500015 0.187999994 0.211500004
v 0.331499994 0.783999979 0.185499996
v 0.331499994 0.787 0.188500002
v 0.334500015 0.783999979 0.188500002
v 0.334500015 0.783999979 0.211500004
v 0.331499994 0.787 0.211500004
v 0.331499994 0.783999979 0.214499995
v -0.340499997 0.271499991 0.209999993
v -0.340499997 0.282499999 0.209999993
v -0.340499997 0.282499999 -0.209999993
v -0.340499997 0.271499991 -0.209999993
v 0.340499997 0.271499991 -0.209999993
v 0.340499997 0.282499999 -0.209999993
v 0.340499997 0.282499999 0.209999993
v 0.340499997 0.271499991 0.209999993
v -0.334500015 0.265500009 -0.209999993
v 0.334500015 0.265500009 -0.209999993
v 0.334500015 0.265500009 0.209999993
v -0.334500015 0.265500009 0.209999993
v -0.334500015 0.288500011 0.209999993
v 0.334500015 0.288500011 0.209999993
v 0.334500015 0.288500011 -0.209999993
v -0.334500015 0.288500011 -0.209999993
v -0.334500015 0.282499999 -0.216000006
v 0.334500015 0.282499999 -0.216000006
v 0.334500015 0.271499991 -0.216000006
v -0.334500015 0.271499991 -0.216000006
v -0.334500015 0.271499991 0.216000006
v 0.334500015 0.271499991 0.216000006
v 0.334500015 0.282499999 0.216000006
v -0.334500015 0.282499999 0.216000006
v -0.334500015 0.271499991 -0.216000006
v 0.334500015 0.271499991 -0.216000006
v 0.334500015 0.265500009 -0.209999993
v -0.334500015 0.265500009 -0.209999993
v -0.334500015 0.265500009 0.209999993
v 0.334500015 0.265500009 0.209999993
v 0.334500015 0.271499991 0.216000006
v -0.334500015 0.271499991 0.216000006
v -0.334500015 0.288500011 -0.209999993
v 0.334500015 0.288500011 -0.209999993
v 0.334500015 0.282499999 -0.216000006
v -0.334500015 0.282499999 -0.216000006
v -0.334500015 0.282499999 0.216000006
v 0.334500015 0.282499999 0.216000006
v 0.334500015 0.288500011 0.209999993
v -0.334500015 0.288500011 0.209999993
v -0.340499997 0.271499991 -0.209999993
v -0.340499997 0.282499999 -0.209999993
v -0.334500015 0.282499999 -0.216000006
v -0.334500015 0.271499991 -0.216000006
v -0.334500015 0.271499991 0.216000006
v -0.334500015 0.282499999 0.216000006
v -0.340499997 0.282499999 0.209999993
v -0.340499997 0.271499991 0.209999993
v 0.334500015 0.271499991 -0.216000006
v 0.334500015 0.282499999 -0.216000006
v 0.340499997 0.282499999 -0.209999993
v 0.340499997 0.271499991 -0.209999993
v 0.340499997 0.271499991 0.209999993
v 0.340499997 0.282499999 0.209999993
v 0.334500015 0.282499999 0.216000006
v 0.334500015 0.271499991 0.216000006
v -0.334500015 0.265500009 -0.209999993
v -0.334500015 0.265500009 0.209999993
v -0.340499997 0.271499991 0.209999993
v -0.340499997 0.271499991 -0.209999993
v -0.340499997 0.282499999 -0.209999993
v -0.340499997 0.282499999 0.209999993
v -0.334500015 0.288500011 0.209999993
v -0.334500015 0.288500011 -0.209999993
v 0.340499997 0.271499991 -0.209999993
v 0.340499997 0.271499991 0.209999993
v 0.334500015 0.265500009 0.209999993
v 0.334500015 0.265500009 -0.209999993
v 0.334500015 0.288500011 -0.209999993
v 0.334500015 0.288500011 0.209999993
v 0.340499997 0.282499999 0.209999993
v 0.340499997 0.282499999 -0.209999993
v -0.334500015 0.271499991 -0.216000006
v -0.334500015 0.265500009 -0.209999993
v -0.340499997 0.271499991 -0.209999993
v -0.340499997 0.271499991 0.209999993
v -0.334500015 0.265500009 0.209999993
v -0.334500015 0.271499991 0.216000006
v -0.340499997 0.282499999 -0.209999993
v -0.334500015 0.288500011 -0.209999993
v -0.334500015 0.282499999 -0.216000006
v -0.334500015 0.282499999 0.216000006
v -0.334500015 0.288500011 0.209999993
v -0.340499997 0.282499999 0.209999993
v 0.340499997 0.271499991 -0.209999993
v 0.334500015 0.265500009 -0.209999993
v 0.334500015 0.271499991 -0.216000006
v 0.334500015 0.271499991 0.216000006
v 0.334500015 0.265500009 0.209999993
v 0.340499997 0.271499991 0.209999993
v 0.334500015 0.282499999 -0.216000006
v 0.334500015 0.288500011 -0.209999993
v 0.340499997 0.282499999 -0.209999993
v 0.340499997 0.282499999 0.209999993
v 0.334500015 0.288500011 0.209999993
v 0.334500015 0.282499999 0.216000006
v -0.340499997 0.50849998 0.209999993
v -0.340499997 0.519500017 0.209999993
v -0.340499997 0.519500017 -0.209999993
v -0.340499997 0.50849998 -0.209999993
v 0.340499997 0.50849998 -0.209999993
v 0.340499997 0.519500017 -0.209999993
v 0.340499997 0.519500017 0.209999993
v 0.340499997 0.50849998 0.209999993
v -0.334500015 0.502499998 -0.209999993
v 0.334500015 0.502499998 -0.209999993
v 0.334500015 0.502499998 0.209999993
v -0.334500015 0.502499998 0.209999993
v -0.334500015 0.5255 0.209999993
v 0.334500015 0.5255 0.209999993
v 0.334500015 0.5255 -0.209999993
v -0.334500015 0.5255 -0.209999993
v -0.334500015 0.519500017 -0.216000006
v 0.334500015 0.519500017 -0.216000006
v 0.334500015 0.50849998 -0.216000006
v -0.334500015 0.50849998 -0.216000006
v -0.334500015 0.50849998 0.216000006
v 0.334500015 0.50849998 0.216000006
v 0.334500015 0.519500017 0.216000006
v -0.334500015 0.519500017 0.216000006
v -0.334500015 0.50849998 -0.216000006
v 0.334500015 0.50849998 -0.216000006
v 0.334500015 0.502499998 -0.209999993
v -0.334500015 0.502499998 -0.209999993
v -0.334500015 0.502499998 0.209999993
v 0.334500015 0.502499998 0.209999993
v 0.334500015 0.50849998 0.216000006
v -0.334500015 0.50849998 0.216000006
v -0.334500015 0.5255 -0.209999993
v 0.334500015 0.5255 -0.209999993
v 0.334500015 0.519500017 -0.216000006
v -0.334500015 0.519500017 -0.216000006
v -0.334500015 0.519500017 0.216000006
v 0.334500015 0.519500017 0.216000006
v 0.334500015 0.5255 0.209999993
v -0.334500015 0.5255 0.209999993
v -0.340499997 0.50849998 -0.209999993
v -0.340499997 0.519500017 -0.209999993
v -0.334500015 0.519500017 -0.216000006
v -0.334500015 0.50849998 -0.216000006
v -0.334500015 0.50849998 0.216000006
v -0.334500015 0.519500017 0.216000006
v -0.340499997 0.519500017 0.209999993
v -0.340499997 0.50849998 0.209999993
v 0.334500015 0.50849998 -0.216000006
v 0.334500015 0.519500017 -0.216000006
v 0.340499997 0.519500017 -0.209999993
v 0.340499997 0.50849998 -0.209999993
v 0.340499997 0.50849998 0.209999993
v 0.340499997 0.519500017 0.209999993
v 0.334500015 0.519500017 0.216000006
v 0.334500015 0.50849998 0.216000006
v -0.334500015 0.502499998 -0.209999993
v -0.334500015 0.502499998 0.209999993
v -0.340499997 0.50849998 0.209999993
v -0.340499997 0.50849998 -0.209999993
v -0.340499997 0.519500017 -0.209999993
v -0.340499997 0.519500017 0.209999993
v -0.334500015 0.5255 0.209999993
v -0.334500015 0.5255 -0.209999993
v 0.340499997 0.50849998 -0.209999993
v 0.340499997 0.50849998 0.209999993
v 0.334500015 0.502499998 0.209999993
v 0.334500015 0.502499998 -0.209999993
v 0.334500015 0.5255 -0.209999993
v 0.334500015 0.5255 0.209999993
v 0.340499997 0.519500017 0.209999993
v 0.340499997 0.519500017 -0.209999993
v -0.334500015 0.50849998 -0.216000006
v -0.334500015 0.502499998 -0.209999993
v -0.340499997 0.50849998 -0.209999993
v -0.340499997 0.50849998 0.209999993
v -0.334500015 0.502499998 0.209999993
v -0.334500015 0.50849998 0.216000006
v -0.340499997 0.519500017 -0.209999993
v -0.334500015 0.5255 -0.209999993
v -0.334500015 0.519500017 -0.216000006
v -0.334500015 0.519500017 0.216000006
v -0.334500015 0.5255 0.209999993
v -0.340499997 0.519500017 0.209999993
v 0.340499997 0.50849998 -0.209999993
v 0.334500015 0.502499998 -0.209999993
v 0.334500015 0.50849998 -0.216000006
v 0.334500015 0.50849998 0.216000006
v 0.334500015 0.502499998 0.209999993
v 0.340499997 0.50849998 0.209999993
v 0.334500015 0.519500017 -0.216000006
v 0.334500015 0.5255 -0.209999993
v 0.340499997 0.519500017 -0.209999993
v 0.340499997 0.519500017 0.209999993
v 0.334500015 0.5255 0.209999993
v 0.334500015 0.519500017 0.216000006
v -0.377000004 0.791499972 0.233999997
v -0.377000004 0.800499976 0.233999997
v -0.377000004 0.800499976 -0.233999997
v -0.377000004 0.791499972 -0.233999997
v 0.377000004 0.791499972 -0.233999997
v 0.377000004 0.800499976 -0.233999997
v 0.377000004 0.800499976 0.233999997
v 0.377000004 0.791499972 0.233999997
v -0.368999988 0.783500016 -0.233999997
v 0.368999988 0.783500016 -0.233999997
v 0.368999988 0.783500016 0.233999997
v -0.368999988 0.783500016 0.233999997
v -0.368999988 0.808499992 0.233999997
v 0.368999988 0.808499992 0.233999997
v 0.368999988 0.808499992 -0.233999997
v -0.368999988 0.808499992 -0.233999997
v -0.368999988 0.800499976 -0.241999999
v 0.368999988 0.800499976 -0.241999999
v 0.368999988 0.791499972 -0.241999999
v -0.368999988 0.791499972 -0.241999999
v -0.368999988 0.791499972 0.241999999
v 0.368999988 0.791499972 0.241999999
v 0.368999988 0.800499976 0.241999999
v -0.368999988 0.800499976 0.241999999
v -0.368999988 0.791499972 -0.241999999
v 0.368999988 0.791499972 -0.241999999
v 0.368999988 0.783500016 -0.233999997
v -0.368999988 0.783500016 -0.233999997
v -0.368999988 0.783500016 0.233999997
v 0.368999988 0.783500016 0.233999997
v 0.368999988 0.791499972 0.241999999
v -0.368999988 0.791499972 0.241999999
v -0.368999988 0.808499992 -0.233999997
v 0.368999988 0.808499992 -0.233999997
v 0.368999988 0.800499976 -0.241999999
v -0.368999988 0.800499976 -0.241999999
v -0.368999988 0.800499976 0.241999999
v 0.368999988 0.800499976 0.241999999
v 0.368999988 0.808499992 0.233999997
v -0.368999988 0.808499992 0.233999997
v -0.377000004 0.791499972 -0.233999997
v -0.377000004 0.800499976 -0.233999997
v -0.368999988 0.800499976 -0.241999999
v -0.368999988 0.791499972 -0.241999999
v -0.368999988 0.791499972 0.241999999
v -0.368999988 0.800499976 0.241999999
v -0.377000004 0.800499976 0.233999997
v -0.377000004 0.791499972 0.233999997
v 0.368999988 0.791499972 -0.241999999
v 0.368999988 0.800499976 -0.241999999
v 0.377000004 0.800499976 -0.233999997
v 0.377000004 0.791499972 -0.233999997
v 0.377000004 0.791499972 0.233999997
v 0.377000004 0.800499976 0.233999997
v 0.368999988 0.800499976 0.241999999
v 0.368999988 0.791499972 0.241999999
v -0.368999988 0.783500016 -0.233999997
v -0.368999988 0.783500016 0.233999997
v -0.377000004 0.791499972 0.233999997
v -0.377000004 0.791499972 -0.233999997
v -0.377000004 0.800499976 -0.233999997
v -0.377000004 0.800499976 0.233999997
v -0.368999988 0.808499992 0.233999997
v -0.368999988 0.808499992 -0.233999997
v 0.377000004 0.791499972 -0.233999997
v 0.377000004 0.791499972 0.233999997
v 0.368999988 0.783500016 0.233999997
v 0.368999988 0.783500016 -0.233999997
v 0.368999988 0.808499992 -0.233999997
v 0.368999988 0.808499992 0.233999997
v 0.377000004 0.800499976 0.233999997
v 0.377000004 0.800499976 -0.233999997
v -0.368999988 0.791499972 -0.241999999
v -0.368999988 0.783500016 -0.233999997
v -0.377000004 0.791499972 -0.233999997
v -0.377000004 0.791499972 0.233999997
v -0.368999988 0.783500016 0.233999997
v -0.368999988 0.791499972 0.241999999
v -0.377000004 0.800499976 -0.233999997
v -0.368999988 0.808499992 -0.233999997
v -0.368999988 0.800499976 -0.241999999
v -0.368999988 0.800499976 0.241999999
v -0.368999988 0.808499992 0.233999997
v -0.377000004 0.800499976 0.233999997
v 0.377000004 0.791499972 -0.233999997
v 0.368999988 0.783500016 -0.233999997
v 0.368999988 0.791499972 -0.241999999
v 0.368999988 0.791499972 0.241999999
v 0.368999988 0.783500016 0.233999997
v 0.377000004 0.791499972 0.233999997
v 0.368999988 0.800499976 -0.241999999
v 0.368999988 0.808499992 -0.233999997
v 0.377000004 0.800499976 -0.233999997
v 0.377000004 0.800499976 0.233999997
v 0.368999988 0.808499992 0.233999997
v 0.368999988 0.800499976 0.241999999
v -0.368000001 0.810000002 -0.2315
v -0.368000001 0.842000008 -0.2315
v -0.368000001 0.842000008 -0.236499995
v -0.368000001 0.810000002 -0.236499995
v 0.368000001 0.810000002 -0.236499995
v 0.368000001 0.842000008 -0.236499995
v 0.368000001 0.842000008 -0.2315
v 0.368000001 0.810000002 -0.2315
v -0.363000005 0.805000007 -0.236499995
v 0.363000005 0.805000007 -0.236499995
v 0.363000005 0.805000007 -0.2315
v -0.363000005 0.805000007 -0.2315
v -0.363000005 0.847000003 -0.2315
v 0.363000005 0.847000003 -0.2315
v 0.363000005 0.847000003 -0.236499995
v -0.363000005 0.847000003 -0.236499995
v -0.363000005 0.842000008 -0.241500005
v 0.363000005 0.842000008 -0.241500005
v 0.363000005 0.810000002 -0.241500005
v -0.363000005 0.810000002 -0.241500005
v -0.363000005 0.810000002 -0.226500005
v 0.363000005 0.810000002 -0.226500005
v 0.363000005 0.842000008 -0.226500005
v -0.363000005 0.842000008 -0.226500005
v -0.363000005 0.810000002 -0.241500005
v 0.363000005 0.810000002 -0.241500005
v 0.363000005 0.805000007 -0.236499995
v -0.363000005 0.805000007 -0.236499995
v -0.363000005 0.805000007 -0.2315
v 0.363000005 0.805000007 -0.2315
v 0.363000005 0.810000002 -0.226500005
v -0.363000005 0.810000002 -0.226500005
v -0.363000005 0.847000003 -0.236499995
v 0.363000005 0.847000003 -0.236499995
v 0.363000005 0.842000008 -0.241500005
v -0.363000005 0.842000008 -0.241500005
v -0.363000005 0.842000008 -0.226500005
v 0.363000005 0.842000008 -0.226500005
v 0.363000005 0.847000003 -0.2315
v -0.363000005 0.847000003 -0.2315
v -0.368000001 0.810000002 -0.236499995
v -0.368000001 0.842000008 -0.236499995
v -0.363000005 0.842000008 -0.241500005
v -0.363000005 0.810000002 -0.241500005
v -0.363000005 0.810000002 -0.226500005
v -0.363000005 0.842000008 -0.226500005
v -0.368000001 0.842000008 -0.2315
v -0.368000001 0.810000002 -0.2315
v 0.363000005 0.810000002 -0.241500005
v 0.363000005 0.842000008 -0.241500005
v 0.368000001 0.842000008 -0.236499995
v 0.368000001 0.810000002 -0.236499995
v 0.368000001 0.810000002 -0.2315
v 0.368000001 0.842000008 -0.2315
v 0.363000005 0.842000008 -0.226500005
v 0.363000005 0.810000002 -0.226500005
v -0.363000005 0.805000007 -0.236499995
v -0.363000005 0.805000007 -0.2315
v -0.368000001 0.810000002 -0.2315
v -0.368000001 0.810000002 -0.236499995
v -0.368000001 0.842000008 -0.236499995
v -0.368000001 0.842000008 -0.2315
v -0.363000005 0.847000003 -0.2315
v -0.363000005 0.847000003 -0.236499995
v 0.368000001 0.810000002 -0.236499995
v 0.368000001 0.810000002 -0.2315
v 0.363000005 0.805000007 -0.2315
v 0.363000005 0.805000007 -0.236499995
v 0.363000005 0.847000003 -0.236499995
v 0.363000005 0.847000003 -0.2315
v 0.368000001 0.842000008 -0.2315
v 0.368000001 0.842000008 -0.236499995
v -0.363000005 0.810000002 -0.241500005
v -0.363000005 0.805000007 -0.236499995
v -0.368000001 0.810000002 -0.236499995
v -0.368000001 0.810000002 -0.2315
v -0.363000005 0.805000007 -0.2315
v -0.363000005 0.810000002 -0.226500005
v -0.368000001 0.842000008 -0.236499995
v -0.363000005 0.847000003 -0.236499995
v -0.363000005 0.842000008 -0.241500005
v -0.363000005 0.842000008 -0.226500005
v -0.363000005 0.847000003 -0.2315
v -0.368000001 0.842000008 -0.2315
v 0.368000001 0.810000002 -0.236499995
v 0.363000005 0.805000007 -0.236499995
v 0.363000005 0.810000002 -0.241500005
v 0.363000005 0.810000002 -0.226500005
v 0.363000005 0.805000007 -0.2315
v 0.368000001 0.810000002 -0.2315
v 0.363000005 0.842000008 -0.241500005
v 0.363000005 0.847000003 -0.236499995
v 0.368000001 0.842000008 -0.236499995
v 0.368000001 0.842000008 -0.2315
v 0.363000005 0.847000003 -0.2315
v 0.363000005 0.842000008 -0.226500005
v -0.368000001 0.810000002 0.236499995
v -0.368000001 0.842000008 0.236499995
v -0.368000001 0.842000008 0.2315
v -0.368000001 0.810000002 0.2315
v 0.368000001 0.810000002 0.2315
v 0.368000001 0.842000008 0.2315
v 0.368000001 0.842000008 0.236499995
v 0.368000001 0.810000002 0.236499995
v -0.363000005 0.805000007 0.2315
v 0.363000005 0.805000007 0.2315
v 0.363000005 0.805000007 0.236499995
v -0.363000005 0.805000007 0.236499995
v -0.363000005 0.847000003 0.236499995
v 0.363000005 0.847000003 0.236499995
v 0.363000005 0.847000003 0.2315
v -0.363000005 0.847000003 0.2315
v -0.363000005 0.842000008 0.226500005
v 0.363000005 0.842000008 0.226500005
v 0.363000005 0.810000002 0.226500005
v -0.363000005 0.810000002 0.226500005
v -0.363000005 0.810000002 0.241500005
v 0.363000005 0.810000002 0.241500005
v 0.363000005 0.842000008 0.241500005
v -0.363000005 0.842000008 0.241500005
v -0.363000005 0.810000002 0.226500005
v 0.363000005 0.810000002 0.226500005
v 0.363000005 0.805000007 0.2315
v -0.363000005 0.805000007 0.2315
v -0.363000005 0.805000007 0.236499995
v 0.363000005 0.805000007 0.236499995
v 0.363000005 0.810000002 0.241500005
v -0.363000005 0.810000002 0.241500005
v -0.363000005 0.847000003 0.2315
v 0.363000005 0.847000003 0.2315
v 0.363000005 0.842000008 0.226500005
v -0.363000005 0.842000008 0.226500005
v -0.363000005 0.842000008 0.241500005
v 0.363000005 0.842000008 0.241500005
v 0.363000005 0.847000003 0.236499995
v -0.363000005 0.847000003 0.236499995
v -0.368000001 0.810000002 0.2315
v -0.368000001 0.842000008 0.2315
v -0.363000005 0.842000008 0.226500005
v -0.363000005 0.810000002 0.226500005
v -0.363000005 0.810000002 0.241500005
v -0.363000005 0.842000008 0.241500005
v -0.368000001 0.842000008 0.236499995
v -0.368000001 0.810000002 0.236499995
v 0.363000005 0.810000002 0.226500005
v 0.363000005 0.842000008 0.226500005
v 0.368000001 0.842000008 0.2315
v 0.368000001 0.810000002 0.2315
v 0.368000001 0.810000002 0.236499995
v 0.368000001 0.842000008 0.236499995
v 0.363000005 0.842000008 0.241500005
v 0.363000005 0.810000002 0.241500005
v -0.363000005 0.805000007 0.2315
v -0.363000005 0.805000007 0.236499995
v -0.368000001 0.810000002 0.236499995
v -0.368000001 0.810000002 0.2315
v -0.368000001 0.842000008 0.2315
v -0.368000001 0.842000008 0.236499995
v -0.363000005 0.847000003 0.236499995
v -0.363000005 0.847000003 0.2315
v 0.368000001 0.810000002 0.2315
v 0.368000001 0.810000002 0.236499995
v 0.363000005 0.805000007 0.236499995
v 0.363000005 0.805000007 0.2315
v 0.363000005 0.847000003 0.2315
v 0.363000005 0.847000003 0.236499995
v 0.368000001 0.842000008 0.236499995
v 0.368000001 0.842000008 0.2315
v -0.363000005 0.810000002 0.226500005
v -0.363000005 0.805000007 0.2315
v -0.368000001 0.810000002 0.2315
v -0.368000001 0.810000002 0.236499995
v -0.363000005 0.805000007 0.236499995
v -0.363000005 0.810000002 0.241500005
v -0.368000001 0.842000008 0.2315
v -0.363000005 0.847000003 0.2315
v -0.363000005 0.842000008 0.226500005
v -0.363000005 0.842000008 0.241500005
v -0.363000005 0.847000003 0.236499995
v -0.368000001 0.842000008 0.236499995
v 0.368000001 0.810000002 0.2315
v 0.363000005 0.805000007 0.2315
v 0.363000005 0.810000002 0.226500005
v 0.363000005 0.810000002 0.241500005
v 0.363000005 0.805000007 0.236499995
v 0.368000001 0.810000002 0.236499995
v 0.363000005 0.842000008 0.226500005
v 0.363000005 0.847000003 0.2315
v 0.368000001 0.842000008 0.2315
v 0.368000001 0.842000008 0.236499995
v 0.363000005 0.847000003 0.236499995
v 0.363000005 0.842000008 0.241500005
v -0.37650001 0.810000002 0.224999994
v -0.37650001 0.842000008 0.224999994
v -0.37650001 0.842000008 -0.224999994
v -0.37650001 0.810000002 -0.224999994
v -0.361499995 0.810000002 -0.224999994
v -0.361499995 0.842000008 -0.224999994
v -0.361499995 0.842000008 0.224999994
v -0.361499995 0.810000002 0.224999994
v -0.371499985 0.805000007 -0.224999994
v -0.36649999 0.805000007 -0.224999994
v -0.36649999 0.805000007 0.224999994
v -0.371499985 0.805000007 0.224999994
v -0.371499985 0.847000003 0.224999994
v -0.36649999 0.847000003 0.224999994
v -0.36649999 0.847000003 -0.224999994
v -0.371499985 0.847000003 -0.224999994
v -0.371499985 0.842000008 -0.230000004
v -0.36649999 0.842000008 -0.230000004
v -0.36649999 0.810000002 -0.230000004
v -0.371499985 0.810000002 -0.230000004
v -0.371499985 0.810000002 0.230000004
v -0.36649999 0.810000002 0.230000004
v -0.36649999 0.842000008 0.230000004
v -0.371499985 0.842000008 0.230000004
v -0.371499985 0.810000002 -0.230000004
v -0.36649999 0.810000002 -0.230000004
v -0.36649999 0.805000007 -0.224999994
v -0.371499985 0.805000007 -0.224999994
v -0.371499985 0.805000007 0.224999994
v -0.36649999 0.805000007 0.224999994
v -0.36649999 0.810000002 0.230000004
v -0.371499985 0.810000002 0.230000004
v -0.371499985 0.847000003 -0.224999994
v -0.36649999 0.847000003 -0.224999994
v -0.36649999 0.842000008 -0.230000004
v -0.371499985 0.842000008 -0.230000004
v -0.371499985 0.842000008 0.230000004
v -0.36649999 0.842000008 0.230000004
v -0.36649999 0.847000003 0.224999994
v -0.371499985 0.847000003 0.224999994
v -0.37650001 0.810000002 -0.224999994
v -0.37650001 0.842000008 -0.224999994
v -0.371499985 0.842000008 -0.230000004
v -0.371499985 0.810000002 -0.230000004
v -0.371499985 0.810000002 0.230000004
v -0.371499985 0.842000008 0.230000004
v -0.37650001 0.842000008 0.224999994
v -0.37650001 0.810000002 0.224999994
v -0.36649999 0.810000002 -0.230000004
v -0.36649999 0.842000008 -0.230000004
v -0.361499995 0.842000008 -0.224999994
v -0.361499995 0.810000002 -0.224999994
v -0.361499995 0.810000002 0.224999994
v -0.361499995 0.842000008 0.224999994
v -0.36649999 0.842000008 0.230000004
v -0.36649999 0.810000002 0.230000004
v -0.371499985 0.805000007 -0.224999994
v -0.371499985 0.805000007 0.224999994
v -0.37650001 0.810000002 0.224999994
v -0.37650001 0.810000002 -0.224999994
v -0.37650001 0.842000008 -0.224999994
v -0.37650001 0.842000008 0.224999994
v -0.371499985 0.847000003 0.224999994
v -0.371499985 0.847000003 -0.224999994
v -0.361499995 0.810000002 -0.224999994
v -0.361499995 0.810000002 0.224999994
v -0.36649999 0.805000007 0.224999994
v -0.36649999 0.805000007 -0.224999994
v -0.36649999 0.847000003 -0.224999994
v -0.36649999 0.847000003 0.224999994
v -0.361499995 0.842000008 0.224999994
v -0.361499995 0.842000008 -0.224999994
v -0.371499985 0.810000002 -0.230000004
v -0.371499985 0.805000007 -0.224999994
v -0.37650001 0.810000002 -0.224999994
v -0.37650001 0.810000002 0.224999994
v -0.371499985 0.805000007 0.224999994
v -0.371499985 0.810000002 0.230000004
v -0.37650001 0.842000008 -0.224999994
v -0.371499985 0.847000003 -0.224999994
v -0.371499985 0.842000008 -0.230000004
v -0.371499985 0.842000008 0.230000004
v -0.371499985 0.847000003 0.224999994
v -0.37650001 0.842000008 0.224999994
v -0.361499995 0.810000002 -0.224999994
v -0.36649999 0.805000007 -0.224999994
v -0.36649999 0.810000002 -0.230000004
v -0.36649999 0.810000002 0.230000004
v -0.36649999 0.805000007 0.224999994
v -0.361499995 0.810000002 0.224999994
v -0.36649999 0.842000008 -0.230000004
v -0.36649999 0.847000003 -0.224999994
v -0.361499995 0.842000008 -0.224999994
v -0.361499995 0.842000008 0.224999994
v -0.36649999 0.847000003 0.224999994
v -0.36649999 0.842000008 0.230000004
v 0.361499995 0.810000002 0.224999994
v 0.361499995 0.842000008 0.224999994
v 0.361499995 0.842000008 -0.224999994
v 0.361499995 0.810000002 -0.224999994
v 0.37650001 0.810000002 -0.224999994
v 0.37650001 0.842000008 -0.224999994
v 0.37650001 0.842000008 0.224999994
v 0.37650001 0.810000002 0.224999994
v 0.36649999 0.805000007 -0.224999994
v 0.371499985 0.805000007 -0.224999994
v 0.371499985 0.805000007 0.224999994
v 0.36649999 0.805000007 0.224999994
v 0.36649999 0.847000003 0.224999994
v 0.371499985 0.847000003 0.224999994
v 0.371499985 0.847000003 -0.224999994
v 0.36649999 0.847000003 -0.224999994
v 0.36649999 0.842000008 -0.230000004
v 0.371499985 0.842000008 -0.230000004
v 0.371499985 0.810000002 -0.230000004
v 0.36649999 0.810000002 -0.230000004
v 0.36649999 0.810000002 0.230000004
v 0.371499985 0.810000002 0.230000004
v 0.371499985 0.842000008 0.230000004
v 0.36649999 0.842000008 0.230000004
v 0.36649999 0.810000002 -0.230000004
v 0.371499985 0.810000002 -0.230000004
v 0.371499985 0.805000007 -0.224999994
v 0.36649999 0.805000007 -0.224999994
v 0.36649999 0.805000007 0.224999994
v 0.371499985 0.805000007 0.224999994
v 0.371499985 0.810000002 0.230000004
v 0.36649999 0.810000002 0.230000004
v 0.36649999 0.847000003 -0.224999994
v 0.371499985 0.847000003 -0.224999994
v 0.371499985 0.842000008 -0.230000004
v 0.36649999 0.842000008 -0.230000004
v 0.36649999 0.842000008 0.230000004
v 0.371499985 0.842000008 0.230000004
v 0.371499985 0.847000003 0.224999994
v 0.36649999 0.847000003 0.224999994
v 0.361499995 0.810000002 -0.224999994
v 0.361499995 0.842000008 -0.224999994
v 0.36649999 0.842000008 -0.230000004
v 0.36649999 0.810000002 -0.230000004
v 0.36649999 0.810000002 0.230000004
v 0.36649999 0.842000008 0.230000004
v 0.361499995 0.842000008 0.224999994
v 0.361499995 0.810000002 0.224999994
v 0.371499985 0.810000002 -0.230000004
v 0.371499985 0.842000008 -0.230000004
v 0.37650001 0.842000008 -0.224999994
v 0.37650001 0.810000002 -0.224999994
v 0.37650001 0.810000002 0.224999994
v 0.37650001 0.842000008 0.224999994
v 0.371499985 0.842000008 0.230000004
v 0.371499985 0.810000002 0.230000004
v 0.36649999 0.805000007 -0.224999994
v 0.36649999 0.805000007 0.224999994
v 0.361499995 0.810000002 0.224999994
v 0.361499995 0.810000002 -0.224999994
v 0.361499995 0.842000008 -0.224999994
v 0.361499995 0.842000008 0.224999994
v 0.36649999 0.847000003 0.224999994
v 0.36649999 0.847000003 -0.224999994
v 0.37650001 0.810000002 -0.224999994
v 0.37650001 0.810000002 0.224999994
v 0.371499985 0.805000007 0.224999994
v 0.371499985 0.805000007 -0.224999994
v 0.371499985 0.847000003 -0.224999994
v 0.371499985 0.847000003 0.224999994
v 0.37650001 0.842000008 0.224999994
v 0.37650001 0.842000008 -0.224999994
v 0.36649999 0.810000002 -0.230000004
v 0.36649999 0.805000007 -0.224999994
v 0.361499995 0.810000002 -0.224999994
v 0.361499995 0.810000002 0.224999994
v 0.36649999 0.805000007 0.224999994
v 0.36649999 0.810000002 0.230000004
v 0.361499995 0.842000008 -0.224999994
v 0.36649999 0.847000003 -0.224999994
v 0.36649999 0.842000008 -0.230000004
v 0.36649999 0.842000008 0.230000004
v 0.36649999 0.847000003 0.224999994
v 0.361499995 0.842000008 0.224999994
v 0.37650001 0.810000002 -0.224999994
v 0.371499985 0.805000007 -0.224999994
v 0.371499985 0.810000002 -0.230000004
v 0.371499985 0.810000002 0.230000004
v 0.371499985 0.805000007 0.224999994
v 0.37650001 0.810000002 0.224999994
v 0.371499985 0.842000008 -0.230000004
v 0.371499985 0.847000003 -0.224999994
v 0.37650001 0.842000008 -0.224999994
v 0.37650001 0.842000008 0.224999994
v 0.371499985 0.847000003 0.224999994
v 0.371499985 0.842000008 0.230000004
v 0.343568861 0.707155228 -0.180000007
v 0.356835991 0.712910712 -0.180467993
v 0.356383562 0.714758456 -0.173475191
v 0.343568861 0.707155228 -0.180000007
v 0.356383562 0.714758456 -0.173475191
v 0.343031466 0.708966613 -0.173003703
v 0.343031466 0.708966613 -0.173003703
v 0.356383562 0.714758456 -0.173475191
v 0.354634404 0.719584048 -0.168359324
v 0.343031466 0.708966613 -0.173003703
v 0.354634404 0.719584048 -0.168359324
v 0.341145933 0.713734329 -0.167882055
v 0.341145933 0.713734329 -0.167882055
v 0.354634404 0.719584048 -0.168359324
v 0.352057159 0.726094484 -0.166491181
v 0.341145933 0.713734329 -0.167882055
v 0.352057159 0.726094484 -0.166491181
v 0.338417441 0.720180988 -0.1660074
v 0.338417441 0.720180988 -0.1660074
v 0.352057159 0.726094484 -0.166491181
v 0.349342406 0.732545316 -0.168371335
v 0.338417441 0.720180988 -0.1660074
v 0.349342406 0.732545316 -0.168371335
v 0.335577101 0.72657913 -0.167882055
v 0.335577101 0.72657913 -0.167882055
v 0.349342406 0.732545316 -0.168371335
v 0.34721759 0.737208068 -0.173495993
v 0.335577101 0.72657913 -0.167882055
v 0.34721759 0.737208068 -0.173495993
v 0.333385974 0.731214404 -0.173003703
v 0.333385974 0.731214404 -0.173003703
v 0.34721759 0.737208068 -0.173495993
v 0.346252024 0.738833308 -0.180492014
v 0.333385974 0.731214404 -0.173003703
v 0.346252024 0.738833308 -0.180492014
v 0.332431138 0.73284477 -0.180000007
v 0.332431138 0.73284477 -0.180000007
v 0.346252024 0.738833308 -0.180492014
v 0.346704453 0.736985564 -0.187484816
v 0.332431138 0.73284477 -0.180000007
v 0.346704453 0.736985564 -0.187484816
v 0.332968533 0.731033385 -0.186996296
v 0.332968533 0.731033385 -0.186996296
v 0.346704453 0.736985564 -0.187484816
v 0.348453611 0.732159972 -0.192600682
v 0.332968533 0.731033385 -0.186996296
v 0.348453611 0.732159972 -0.192600682
v 0.334854066 0.726265669 -0.192117944
v 0.334854066 0.726265669 -0.192117944
v 0.348453611 0.732159972 -0.192600682
v 0.351030856 0.725649536 -0.194468826
v 0.334854066 0.726265669 -0.192117944
v 0.351030856 0.725649536 -0.194468826
v 0.337582558 0.719819009 -0.1939926
v 0.337582558 0.719819009 -0.1939926
v 0.351030856 0.725649536 -0.194468826
v 0.35374558 0.719198704 -0.192588672
v 0.337582558 0.719819009 -0.1939926
v 0.35374558 0.719198704 -0.192588672
v 0.340422899 0.713420868 -0.192117944
v 0.340422899 0.713420868 -0.192117944
v 0.35374558 0.719198704 -0.192588672
v 0.355870396 0.714535952 -0.187464014
v 0.340422899 0.713420868 -0.192117944
v 0.355870396 0.714535952 -0.187464014
v 0.342614055 0.708785594 -0.186996296
v 0.342614055 0.708785594 -0.186996296
v 0.355870396 0.714535952 -0.187464014
v 0.356835991 0.712910712 -0.180467993
v 0.342614055 0.708785594 -0.186996296
v 0.356835991 0.712910712 -0.180467993
v 0.343568861 0.707155228 -0.180000007
v 0.356835991 0.712910712 -0.180467993
v 0.376756638 0.720701277 -0.181432486
v 0.376269519 0.722534776 -0.174438268
v 0.356835991 0.712910712 -0.180467993
v 0.376269519 0.722534776 -0.174438268
v 0.356383562 0.714758456 -0.173475191
v 0.356383562 0.714758456 -0.173475191
v 0.376269519 0.722534776 -0.174438268
v 0.37446478 0.72733748 -0.169320166
v 0.356383562 0.714758456 -0.173475191
v 0.37446478 0.72733748 -0.169320166
v 0.354634404 0.719584048 -0.168359324
v 0.354634404 0.719584048 -0.168359324
v 0.37446478 0.72733748 -0.169320166
v 0.371825963 0.733822465 -0.167449549
v 0.354634404 0.719584048 -0.168359324
v 0.371825963 0.733822465 -0.167449549
v 0.352057159 0.726094484 -0.166491181
v 0.352057159 0.726094484 -0.166491181
v 0.371825963 0.733822465 -0.167449549
v 0.369060159 0.740252197 -0.169327676
v 0.352057159 0.726094484 -0.166491181
v 0.369060159 0.740252197 -0.169327676
v 0.349342406 0.732545316 -0.168371335
v 0.349342406 0.732545316 -0.168371335
v 0.369060159 0.740252197 -0.169327676
v 0.366908431 0.744903684 -0.174451277
v 0.349342406 0.732545316 -0.168371335
v 0.366908431 0.744903684 -0.174451277
v 0.34721759 0.737208068 -0.173495993
v 0.34721759 0.737208068 -0.173495993
v 0.366908431 0.744903684 -0.174451277
v 0.365947366 0.746530712 -0.181447506
v 0.34721759 0.737208068 -0.173495993
v 0.365947366 0.746530712 -0.181447506
v 0.346252024 0.738833308 -0.180492014
v 0.346252024 0.738833308 -0.180492014
v 0.365947366 0.746530712 -0.181447506
v 0.366434485 0.744697213 -0.188441724
v 0.346252024 0.738833308 -0.180492014
v 0.366434485 0.744697213 -0.188441724
v 0.346704453 0.736985564 -0.187484816
v 0.346704453 0.736985564 -0.187484816
v 0.366434485 0.744697213 -0.188441724
v 0.368239224 0.739894569 -0.19355984
v 0.346704453 0.736985564 -0.187484816
v 0.368239224 0.739894569 -0.19355984
v 0.348453611 0.732159972 -0.192600682
v 0.348453611 0.732159972 -0.192600682
v 0.368239224 0.739894569 -0.19355984
v 0.370878041 0.733409524 -0.195430443
v 0.348453611 0.732159972 -0.192600682
v 0.370878041 0.733409524 -0.195430443
v 0.351030856 0.725649536 -0.194468826
v 0.351030856 0.725649536 -0.194468826
v 0.370878041 0.733409524 -0.195430443
v 0.373643845 0.726979852 -0.19355233
v 0.351030856 0.725649536 -0.194468826
v 0.373643845 0.726979852 -0.19355233
v 0.35374558 0.719198704 -0.192588672
v 0.35374558 0.719198704 -0.192588672
v 0.373643845 0.726979852 -0.19355233
v 0.375795573 0.722328305 -0.18842873
v 0.35374558 0.719198704 -0.192588672
v 0.375795573 0.722328305 -0.18842873
v 0.355870396 0.714535952 -0.187464014
v 0.355870396 0.714535952 -0.187464014
v 0.375795573 0.722328305 -0.18842873
v 0.376756638 0.720701277 -0.181432486
v 0.355870396 0.714535952 -0.187464014
v 0.376756638 0.720701277 -0.181432486
v 0.356835991 0.712910712 -0.180467993
v 0.376756638 0.720701277 -0.181432486
v 0.399874777 0.730965734 -0.182163343
v 0.399082243 0.7326653 -0.175163239
v 0.376756638 0.720701277 -0.181432486
v 0.399082243 0.7326653 -0.175163239
v 0.376269519 0.722534776 -0.174438268
v 0.376269519 0.722534776 -0.174438268
v 0.399082243 0.7326653 -0.175163239
v 0.396790743 0.737247646 -0.170037925
v 0.376269519 0.722534776 -0.174438268
v 0.396790743 0.737247646 -0.170037925
v 0.37446478 0.72733748 -0.169320166
v 0.37446478 0.72733748 -0.169320166
v 0.396790743 0.737247646 -0.170037925
v 0.393614262 0.743484974 -0.168160707
v 0.37446478 0.72733748 -0.169320166
v 0.393614262 0.743484974 -0.168160707
v 0.371825963 0.733822465 -0.167449549
v 0.371825963 0.733822465 -0.167449549
v 0.393614262 0.743484974 -0.168160707
v 0.390403926 0.749705911 -0.170034587
v 0.371825963 0.733822465 -0.167449549
v 0.390403926 0.749705911 -0.170034587
v 0.369060159 0.740252197 -0.169327676
v 0.369060159 0.740252197 -0.169327676
v 0.390403926 0.749705911 -0.170034587
v 0.388020009 0.754243672 -0.175157458
v 0.369060159 0.740252197 -0.169327676
v 0.388020009 0.754243672 -0.175157458
v 0.366908431 0.744903684 -0.174451277
v 0.366908431 0.744903684 -0.174451277
v 0.388020009 0.754243672 -0.175157458
v 0.387101203 0.755882263 -0.182156667
v 0.366908431 0.744903684 -0.174451277
v 0.387101203 0.755882263 -0.182156667
v 0.365947366 0.746530712 -0.181447506
v 0.365947366 0.746530712 -0.181447506
v 0.387101203 0.755882263 -0.182156667
v 0.387893736 0.754182696 -0.189156756
v 0.365947366 0.746530712 -0.181447506
v 0.387893736 0.754182696 -0.189156756
v 0.366434485 0.744697213 -0.188441724
v 0.366434485 0.744697213 -0.188441724
v 0.387893736 0.754182696 -0.189156756
v 0.390185267 0.749600351 -0.194282085
v 0.366434485 0.744697213 -0.188441724
v 0.390185267 0.749600351 -0.194282085
v 0.368239224 0.739894569 -0.19355984
v 0.368239224 0.739894569 -0.19355984
v 0.390185267 0.749600351 -0.194282085
v 0.393361747 0.743363023 -0.196159303
v 0.368239224 0.739894569 -0.19355984
v 0.393361747 0.743363023 -0.196159303
v 0.370878041 0.733409524 -0.195430443
v 0.370878041 0.733409524 -0.195430443
v 0.393361747 0.743363023 -0.196159303
v 0.396572053 0.737142086 -0.194285423
v 0.370878041 0.733409524 -0.195430443
v 0.396572053 0.737142086 -0.194285423
v 0.373643845 0.726979852 -0.19355233
v 0.373643845 0.726979852 -0.19355233
v 0.396572053 0.737142086 -0.194285423
v 0.398956001 0.732604325 -0.189162537
v 0.373643845 0.726979852 -0.19355233
v 0.398956001 0.732604325 -0.189162537
v 0.375795573 0.722328305 -0.18842873
v 0.375795573 0.722328305 -0.18842873
v 0.398956001 0.732604325 -0.189162537
v 0.399874777 0.730965734 -0.182163343
v 0.375795573 0.722328305 -0.18842873
v 0.399874777 0.730965734 -0.182163343
v 0.376756638 0.720701277 -0.181432486
v 0.399874777 0.730965734 -0.182163343
v 0.42239961 0.744276285 -0.181807503
v 0.420970112 0.745619476 -0.174831107
v 0.399874777 0.730965734 -0.182163343
v 0.420970112 0.745619476 -0.174831107
v 0.399082243 0.7326653 -0.175163239
v 0.399082243 0.7326653 -0.175163239
v 0.420970112 0.745619476 -0.174831107
v 0.417677253 0.749606907 -0.169754133
v 0.399082243 0.7326653 -0.175163239
v 0.417677253 0.749606907 -0.169754133
v 0.396790743 0.737247646 -0.170037925
v 0.396790743 0.737247646 -0.170037925
v 0.417677253 0.749606907 -0.169754133
v 0.413403332 0.755170166 -0.167937025
v 0.396790743 0.737247646 -0.170037925
v 0.413403332 0.755170166 -0.167937025
v 0.393614262 0.743484974 -0.168160707
v 0.393614262 0.743484974 -0.168160707
v 0.413403332 0.755170166 -0.167937025
v 0.409293622 0.760818601 -0.169866636
v 0.393614262 0.743484974 -0.168160707
v 0.409293622 0.760818601 -0.169866636
v 0.390403926 0.749705911 -0.170034587
v 0.390403926 0.749705911 -0.170034587
v 0.409293622 0.760818601 -0.169866636
v 0.406449229 0.765038729 -0.175025925
v 0.390403926 0.749705911 -0.170034587
v 0.406449229 0.765038729 -0.175025925
v 0.388020009 0.754243672 -0.175157458
v 0.388020009 0.754243672 -0.175157458
v 0.406449229 0.765038729 -0.175025925
v 0.405632377 0.766699672 -0.182032496
v 0.388020009 0.754243672 -0.175157458
v 0.405632377 0.766699672 -0.182032496
v 0.387101203 0.755882263 -0.182156667
v 0.387101203 0.755882263 -0.182156667
v 0.405632377 0.766699672 -0.182032496
v 0.407061905 0.765356541 -0.189008906
v 0.387101203 0.755882263 -0.182156667
v 0.407061905 0.765356541 -0.189008906
v 0.387893736 0.754182696 -0.189156756
v 0.387893736 0.754182696 -0.189156756
v 0.407061905 0.765356541 -0.189008906
v 0.410354763 0.761369109 -0.194085866
v 0.387893736 0.754182696 -0.189156756
v 0.410354763 0.761369109 -0.194085866
v 0.390185267 0.749600351 -0.194282085
v 0.390185267 0.749600351 -0.194282085
v 0.410354763 0.761369109 -0.194085866
v 0.414628655 0.75580585 -0.195902973
v 0.390185267 0.749600351 -0.194282085
v 0.414628655 0.75580585 -0.195902973
v 0.393361747 0.743363023 -0.196159303
v 0.393361747 0.743363023 -0.196159303
v 0.414628655 0.75580585 -0.195902973
v 0.418738395 0.750157416 -0.193973377
v 0.393361747 0.743363023 -0.196159303
v 0.418738395 0.750157416 -0.193973377
v 0.396572053 0.737142086 -0.194285423
v 0.396572053 0.737142086 -0.194285423
v 0.418738395 0.750157416 -0.193973377
v 0.421582758 0.745937288 -0.188814074
v 0.396572053 0.737142086 -0.194285423
v 0.421582758 0.745937288 -0.188814074
v 0.398956001 0.732604325 -0.189162537
v 0.398956001 0.732604325 -0.189162537
v 0.421582758 0.745937288 -0.188814074
v 0.42239961 0.744276285 -0.181807503
v 0.398956001 0.732604325 -0.189162537
v 0.42239961 0.744276285 -0.181807503
v 0.399874777 0.730965734 -0.182163343
v 0.42239961 0.744276285 -0.181807503
v 0.440496355 0.762016356 -0.179691717
v 0.438667446 0.762940228 -0.172740504
v 0.42239961 0.744276285 -0.181807503
v 0.438667446 0.762940228 -0.172740504
v 0.420970112 0.745619476 -0.174831107
v 0.420970112 0.745619476 -0.174831107
v 0.438667446 0.762940228 -0.172740504
v 0.43424812 0.765755773 -0.167734444
v 0.420970112 0.745619476 -0.174831107
v 0.43424812 0.765755773 -0.167734444
v 0.417677253 0.749606907 -0.169754133
v 0.417677253 0.749606907 -0.169754133
v 0.43424812 0.765755773 -0.167734444
v 0.42842257 0.769708514 -0.166014954
v 0.417677253 0.749606907 -0.169754133
v 0.42842257 0.769708514 -0.166014954
v 0.413403332 0.755170166 -0.167937025
v 0.413403332 0.755170166 -0.167937025
v 0.42842257 0.769708514 -0.166014954
v 0.422751755 0.773739398 -0.168042734
v 0.413403332 0.755170166 -0.167937025
v 0.422751755 0.773739398 -0.168042734
v 0.409293622 0.760818601 -0.169866636
v 0.409293622 0.760818601 -0.169866636
v 0.422751755 0.773739398 -0.168042734
v 0.418755144 0.776768327 -0.173274443
v 0.409293622 0.760818601 -0.169866636
v 0.418755144 0.776768327 -0.173274443
v 0.406449229 0.765038729 -0.175025925
v 0.406449229 0.765038729 -0.175025925
v 0.418755144 0.776768327 -0.173274443
v 0.417503625 0.777983665 -0.180308282
v 0.406449229 0.765038729 -0.175025925
v 0.417503625 0.777983665 -0.180308282
v 0.405632377 0.766699672 -0.182032496
v 0.405632377 0.766699672 -0.182032496
v 0.417503625 0.777983665 -0.180308282
v 0.419332564 0.777059734 -0.187259495
v 0.405632377 0.766699672 -0.182032496
v 0.419332564 0.777059734 -0.187259495
v 0.407061905 0.765356541 -0.189008906
v 0.407061905 0.765356541 -0.189008906
v 0.419332564 0.777059734 -0.187259495
v 0.423751861 0.774244249 -0.192265555
v 0.407061905 0.765356541 -0.189008906
v 0.423751861 0.774244249 -0.192265555
v 0.410354763 0.761369109 -0.194085866
v 0.410354763 0.761369109 -0.194085866
v 0.423751861 0.774244249 -0.192265555
v 0.42957741 0.770291448 -0.193985045
v 0.410354763 0.761369109 -0.194085866
v 0.42957741 0.770291448 -0.193985045
v 0.414628655 0.75580585 -0.195902973
v 0.414628655 0.75580585 -0.195902973
v 0.42957741 0.770291448 -0.193985045
v 0.435248226 0.766260564 -0.191957265
v 0.414628655 0.75580585 -0.195902973
v 0.435248226 0.766260564 -0.191957265
v 0.418738395 0.750157416 -0.193973377
v 0.418738395 0.750157416 -0.193973377
v 0.435248226 0.766260564 -0.191957265
v 0.439244837 0.763231695 -0.186725557
v 0.418738395 0.750157416 -0.193973377
v 0.439244837 0.763231695 -0.186725557
v 0.421582758 0.745937288 -0.188814074
v 0.421582758 0.745937288 -0.188814074
v 0.439244837 0.763231695 -0.186725557
v 0.440496355 0.762016356 -0.179691717
v 0.421582758 0.745937288 -0.188814074
v 0.440496355 0.762016356 -0.179691717
v 0.42239961 0.744276285 -0.181807503
v 0.440496355 0.762016356 -0.179691717
v 0.450952768 0.785377562 -0.180223614
v 0.449289531 0.786382377 -0.173242077
v 0.440496355 0.762016356 -0.179691717
v 0.449289531 0.786382377 -0.173242077
v 0.438667446 0.762940228 -0.172740504
v 0.438667446 0.762940228 -0.172740504
v 0.449289531 0.786382377 -0.173242077
v 0.44448337 0.78821075 -0.168135613
v 0.438667446 0.762940228 -0.172740504
v 0.44448337 0.78821075 -0.168135613
v 0.43424812 0.765755773 -0.167734444
v 0.43424812 0.765755773 -0.167734444
v 0.44448337 0.78821075 -0.168135613
v 0.437822104 0.790372729 -0.166272506
v 0.43424812 0.765755773 -0.167734444
v 0.437822104 0.790372729 -0.166272506
v 0.42842257 0.769708514 -0.166014954
v 0.42842257 0.769708514 -0.166014954
v 0.437822104 0.790372729 -0.166272506
v 0.431090593 0.792289138 -0.168151975
v 0.42842257 0.769708514 -0.166014954
v 0.431090593 0.792289138 -0.168151975
v 0.422751755 0.773739398 -0.168042734
v 0.422751755 0.773739398 -0.168042734
v 0.431090593 0.792289138 -0.168151975
v 0.426092565 0.793446362 -0.173270434
v 0.422751755 0.773739398 -0.168042734
v 0.426092565 0.793446362 -0.173270434
v 0.418755144 0.776768327 -0.173274443
v 0.418755144 0.776768327 -0.173274443
v 0.426092565 0.793446362 -0.173270434
v 0.424167216 0.793534398 -0.180256382
v 0.418755144 0.776768327 -0.173274443
v 0.424167216 0.793534398 -0.180256382
v 0.417503625 0.777983665 -0.180308282
v 0.417503625 0.777983665 -0.180308282
v 0.424167216 0.793534398 -0.180256382
v 0.425830483 0.792529643 -0.187237933
v 0.417503625 0.777983665 -0.180308282
v 0.425830483 0.792529643 -0.187237933
v 0.419332564 0.777059734 -0.187259495
v 0.419332564 0.777059734 -0.187259495
v 0.425830483 0.792529643 -0.187237933
v 0.430636644 0.79070127 -0.192344397
v 0.419332564 0.777059734 -0.187259495
v 0.430636644 0.79070127 -0.192344397
v 0.423751861 0.774244249 -0.192265555
v 0.423751861 0.774244249 -0.192265555
v 0.430636644 0.79070127 -0.192344397
v 0.43729791 0.788539231 -0.194207489
v 0.423751861 0.774244249 -0.192265555
v 0.43729791 0.788539231 -0.194207489
v 0.42957741 0.770291448 -0.193985045
v 0.42957741 0.770291448 -0.193985045
v 0.43729791 0.788539231 -0.194207489
v 0.444029421 0.786622882 -0.192328021
v 0.42957741 0.770291448 -0.193985045
v 0.444029421 0.786622882 -0.192328021
v 0.435248226 0.766260564 -0.191957265
v 0.435248226 0.766260564 -0.191957265
v 0.444029421 0.786622882 -0.192328021
v 0.449027419 0.785465598 -0.187209561
v 0.435248226 0.766260564 -0.191957265
v 0.449027419 0.785465598 -0.187209561
v 0.439244837 0.763231695 -0.186725557
v 0.439244837 0.763231695 -0.186725557
v 0.449027419 0.785465598 -0.187209561
v 0.450952768 0.785377562 -0.180223614
v 0.439244837 0.763231695 -0.186725557
v 0.450952768 0.785377562 -0.180223614
v 0.440496355 0.762016356 -0.179691717
v 0.450952768 0.785377562 -0.180223614
v 0.456180096 0.811756194 -0.183218136
v 0.454423577 0.812378049 -0.176214844
v 0.450952768 0.785377562 -0.180223614
v 0.454423577 0.812378049 -0.176214844
v 0.449289531 0.786382377 -0.173242077
v 0.449289531 0.786382377 -0.173242077
v 0.454423577 0.812378049 -0.176214844
v 0.449423909 0.813361645 -0.171061799
v 0.449289531 0.786382377 -0.173242077
v 0.449423909 0.813361645 -0.171061799
v 0.44448337 0.78821075 -0.168135613
v 0.44448337 0.78821075 -0.168135613
v 0.449423909 0.813361645 -0.171061799
v 0.442520767 0.814443409 -0.169139728
v 0.44448337 0.78821075 -0.168135613
v 0.442520767 0.814443409 -0.169139728
v 0.437822104 0.790372729 -0.166272506
v 0.437822104 0.790372729 -0.166272506
v 0.442520767 0.814443409 -0.169139728
v 0.435563803 0.815333486 -0.170963675
v 0.437822104 0.790372729 -0.166272506
v 0.435563803 0.815333486 -0.170963675
v 0.431090593 0.792289138 -0.168151975
v 0.431090593 0.792289138 -0.168151975
v 0.435563803 0.815333486 -0.170963675
v 0.43041718 0.815793335 -0.176044881
v 0.431090593 0.792289138 -0.168151975
v 0.43041718 0.815793335 -0.176044881
v 0.426092565 0.793446362 -0.173270434
v 0.426092565 0.793446362 -0.173270434
v 0.43041718 0.815793335 -0.176044881
v 0.428459913 0.815699816 -0.183021873
v 0.426092565 0.793446362 -0.173270434
v 0.428459913 0.815699816 -0.183021873
v 0.424167216 0.793534398 -0.180256382
v 0.424167216 0.793534398 -0.180256382
v 0.428459913 0.815699816 -0.183021873
v 0.430216432 0.81507796 -0.190025151
v 0.424167216 0.793534398 -0.180256382
v 0.430216432 0.81507796 -0.190025151
v 0.425830483 0.792529643 -0.187237933
v 0.425830483 0.792529643 -0.187237933
v 0.430216432 0.81507796 -0.190025151
v 0.435216099 0.814094365 -0.195178196
v 0.425830483 0.792529643 -0.187237933
v 0.435216099 0.814094365 -0.195178196
v 0.430636644 0.79070127 -0.192344397
v 0.430636644 0.79070127 -0.192344397
v 0.435216099 0.814094365 -0.195178196
v 0.442119241 0.8130126 -0.197100267
v 0.430636644 0.79070127 -0.192344397
v 0.442119241 0.8130126 -0.197100267
v 0.43729791 0.788539231 -0.194207489
v 0.43729791 0.788539231 -0.194207489
v 0.442119241 0.8130126 -0.197100267
v 0.449076176 0.812122524 -0.195276335
v 0.43729791 0.788539231 -0.194207489
v 0.449076176 0.812122524 -0.195276335
v 0.444029421 0.786622882 -0.192328021
v 0.444029421 0.786622882 -0.192328021
v 0.449076176 0.812122524 -0.195276335
v 0.454222828 0.811662674 -0.190195113
v 0.444029421 0.786622882 -0.192328021
v 0.454222828 0.811662674 -0.190195113
v 0.449027419 0.785465598 -0.187209561
v 0.449027419 0.785465598 -0.187209561
v 0.454222828 0.811662674 -0.190195113
v 0.456180096 0.811756194 -0.183218136
v 0.449027419 0.785465598 -0.187209561
v 0.456180096 0.811756194 -0.183218136
v 0.450952768 0.785377562 -0.180223614
v 0.456180096 0.811756194 -0.183218136
v 0.458563477 0.838065565 -0.182789236
v 0.456552237 0.836870909 -0.175930247
v 0.456180096 0.811756194 -0.183218136
v 0.456552237 0.836870909 -0.175930247
v 0.454423577 0.812378049 -0.176214844
v 0.454423577 0.812378049 -0.176214844
v 0.456552237 0.836870909 -0.175930247
v 0.45133841 0.836266041 -0.170933425
v 0.454423577 0.812378049 -0.176214844
v 0.45133841 0.836266041 -0.170933425
v 0.449423909 0.813361645 -0.171061799
v 0.449423909 0.813361645 -0.171061799
v 0.45133841 0.836266041 -0.170933425
v 0.44431901 0.836413026 -0.169137686
v 0.449423909 0.813361645 -0.171061799
v 0.44431901 0.836413026 -0.169137686
v 0.442520767 0.814443409 -0.169139728
v 0.442520767 0.814443409 -0.169139728
v 0.44431901 0.836413026 -0.169137686
v 0.43737492 0.837272525 -0.171024203
v 0.442520767 0.814443409 -0.169139728
v 0.43737492 0.837272525 -0.171024203
v 0.435563803 0.815333486 -0.170963675
v 0.435563803 0.815333486 -0.170963675
v 0.43737492 0.837272525 -0.171024203
v 0.432366788 0.838614106 -0.176087454
v 0.435563803 0.815333486 -0.170963675
v 0.432366788 0.838614106 -0.176087454
v 0.43041718 0.815793335 -0.176044881
v 0.43041718 0.815793335 -0.176044881
v 0.432366788 0.838614106 -0.176087454
v 0.430636525 0.840078473 -0.182970777
v 0.43041718 0.815793335 -0.176044881
v 0.430636525 0.840078473 -0.182970777
v 0.428459913 0.815699816 -0.183021873
v 0.428459913 0.815699816 -0.183021873
v 0.430636525 0.840078473 -0.182970777
v 0.432647765 0.841273069 -0.189829767
v 0.428459913 0.815699816 -0.183021873
v 0.432647765 0.841273069 -0.189829767
v 0.430216432 0.81507796 -0.190025151
v 0.430216432 0.81507796 -0.190025151
v 0.432647765 0.841273069 -0.189829767
v 0.437861592 0.841877937 -0.194826573
v 0.430216432 0.81507796 -0.190025151
v 0.437861592 0.841877937 -0.194826573
v 0.435216099 0.814094365 -0.195178196
v 0.435216099 0.814094365 -0.195178196
v 0.437861592 0.841877937 -0.194826573
v 0.444880992 0.841730952 -0.196622312
v 0.435216099 0.814094365 -0.195178196
v 0.444880992 0.841730952 -0.196622312
v 0.442119241 0.8130126 -0.197100267
v 0.442119241 0.8130126 -0.197100267
v 0.444880992 0.841730952 -0.196622312
v 0.451825082 0.840871513 -0.194735795
v 0.442119241 0.8130126 -0.197100267
v 0.451825082 0.840871513 -0.194735795
v 0.449076176 0.812122524 -0.195276335
v 0.449076176 0.812122524 -0.195276335
v 0.451825082 0.840871513 -0.194735795
v 0.456833214 0.839529872 -0.189672545
v 0.449076176 0.812122524 -0.195276335
v 0.456833214 0.839529872 -0.189672545
v 0.454222828 0.811662674 -0.190195113
v 0.454222828 0.811662674 -0.190195113
v 0.456833214 0.839529872 -0.189672545
v 0.458563477 0.838065565 -0.182789236
v 0.454222828 0.811662674 -0.190195113
v 0.458563477 0.838065565 -0.182789236
v 0.456180096 0.811756194 -0.183218136
v 0.458563477 0.838065565 -0.182789236
v 0.459686041 0.860777676 -0.173635334
v 0.457455963 0.856409132 -0.16830048
v 0.458563477 0.838065565 -0.182789236
v 0.457455963 0.856409132 -0.16830048
v 0.456552237 0.836870909 -0.175930247
v 0.456552237 0.836870909 -0.175930247
v 0.457455963 0.856409132 -0.16830048
v 0.452081233 0.853470087 -0.164428487
v 0.456552237 0.836870909 -0.175930247
v 0.452081233 0.853470087 -0.164428487
v 0.45133841 0.836266041 -0.170933425
v 0.45133841 0.836266041 -0.170933425
v 0.452081233 0.853470087 -0.164428487
v 0.445002019 0.852748036 -0.16305688
v 0.45133841 0.836266041 -0.170933425
v 0.445002019 0.852748036 -0.16305688
v 0.44431901 0.836413026 -0.169137686
v 0.44431901 0.836413026 -0.169137686
v 0.445002019 0.852748036 -0.16305688
v 0.43811518 0.854436398 -0.164553151
v 0.44431901 0.836413026 -0.169137686
v 0.43811518 0.854436398 -0.164553151
v 0.43737492 0.837272525 -0.171024203
v 0.43737492 0.837272525 -0.171024203
v 0.43811518 0.854436398 -0.164553151
v 0.433266044 0.858082891 -0.168516397
v 0.43737492 0.837272525 -0.171024203
v 0.433266044 0.858082891 -0.168516397
v 0.432366788 0.838614106 -0.176087454
v 0.432366788 0.838614106 -0.176087454
v 0.433266044 0.858082891 -0.168516397
v 0.431753963 0.862710357 -0.17388466
v 0.432366788 0.838614106 -0.176087454
v 0.431753963 0.862710357 -0.17388466
v 0.430636525 0.840078473 -0.182970777
v 0.430636525 0.840078473 -0.182970777
v 0.431753963 0.862710357 -0.17388466
v 0.433984041 0.867078841 -0.179219514
v 0.430636525 0.840078473 -0.182970777
v 0.433984041 0.867078841 -0.179219514
v 0.432647765 0.841273069 -0.189829767
v 0.432647765 0.841273069 -0.189829767
v 0.433984041 0.867078841 -0.179219514
v 0.439358771 0.870017886 -0.183091506
v 0.432647765 0.841273069 -0.189829767
v 0.439358771 0.870017886 -0.183091506
v 0.437861592 0.841877937 -0.194826573
v 0.437861592 0.841877937 -0.194826573
v 0.439358771 0.870017886 -0.183091506
v 0.446437985 0.870739996 -0.184463114
v 0.437861592 0.841877937 -0.194826573
v 0.446437985 0.870739996 -0.184463114
v 0.444880992 0.841730952 -0.196622312
v 0.444880992 0.841730952 -0.196622312
v 0.446437985 0.870739996 -0.184463114
v 0.453324825 0.869051576 -0.182966843
v 0.444880992 0.841730952 -0.196622312
v 0.453324825 0.869051576 -0.182966843
v 0.451825082 0.840871513 -0.194735795
v 0.451825082 0.840871513 -0.194735795
v 0.453324825 0.869051576 -0.182966843
v 0.45817396 0.865405142 -0.179003596
v 0.451825082 0.840871513 -0.194735795
v 0.45817396 0.865405142 -0.179003596
v 0.456833214 0.839529872 -0.189672545
v 0.456833214 0.839529872 -0.189672545
v 0.45817396 0.865405142 -0.179003596
v 0.459686041 0.860777676 -0.173635334
v 0.456833214 0.839529872 -0.189672545
v 0.459686041 0.860777676 -0.173635334
v 0.458563477 0.838065565 -0.182789236
v 0.459686041 0.860777676 -0.173635334
v 0.460958779 0.876935363 -0.15013665
v 0.458614618 0.870545566 -0.147648066
v 0.459686041 0.860777676 -0.173635334
v 0.458614618 0.870545566 -0.147648066
v 0.457455963 0.856409132 -0.16830048
v 0.457455963 0.856409132 -0.16830048
v 0.458614618 0.870545566 -0.147648066
v 0.453158349 0.866153121 -0.145789668
v 0.457455963 0.856409132 -0.16830048
v 0.453158349 0.866153121 -0.145789668
v 0.452081233 0.853470087 -0.164428487
v 0.452081233 0.853470087 -0.164428487
v 0.453158349 0.866153121 -0.145789668
v 0.446051925 0.8649351 -0.145059437
v 0.452081233 0.853470087 -0.164428487
v 0.446051925 0.8649351 -0.145059437
v 0.445002019 0.852748036 -0.16305688
v 0.445002019 0.852748036 -0.16305688
v 0.446051925 0.8649351 -0.145059437
v 0.439199537 0.867217779 -0.145653024
v 0.445002019 0.852748036 -0.16305688
v 0.439199537 0.867217779 -0.145653024
v 0.43811518 0.854436398 -0.164553151
v 0.43811518 0.854436398 -0.164553151
v 0.439199537 0.867217779 -0.145653024
v 0.434437305 0.872389555 -0.147411376
v 0.43811518 0.854436398 -0.164553151
v 0.434437305 0.872389555 -0.147411376
v 0.433266044 0.858082891 -0.168516397
v 0.433266044 0.858082891 -0.168516397
v 0.434437305 0.872389555 -0.147411376
v 0.433041215 0.87906462 -0.149863347
v 0.433266044 0.858082891 -0.168516397
v 0.433041215 0.87906462 -0.149863347
v 0.431753963 0.862710357 -0.17388466
v 0.431753963 0.862710357 -0.17388466
v 0.433041215 0.87906462 -0.149863347
v 0.435385376 0.885454416 -0.152351946
v 0.431753963 0.862710357 -0.17388466
v 0.435385376 0.885454416 -0.152351946
v 0.433984041 0.867078841 -0.179219514
v 0.433984041 0.867078841 -0.179219514
v 0.435385376 0.885454416 -0.152351946
v 0.440841675 0.889846861 -0.154210329
v 0.433984041 0.867078841 -0.179219514
v 0.440841675 0.889846861 -0.154210329
v 0.439358771 0.870017886 -0.183091506
v 0.439358771 0.870017886 -0.183091506
v 0.440841675 0.889846861 -0.154210329
v 0.447948068 0.891064882 -0.15494056
v 0.439358771 0.870017886 -0.183091506
v 0.447948068 0.891064882 -0.15494056
v 0.446437985 0.870739996 -0.184463114
v 0.446437985 0.870739996 -0.184463114
v 0.447948068 0.891064882 -0.15494056
v 0.454800457 0.888782263 -0.154346973
v 0.446437985 0.870739996 -0.184463114
v 0.454800457 0.888782263 -0.154346973
v 0.453324825 0.869051576 -0.182966843
v 0.453324825 0.869051576 -0.182966843
v 0.454800457 0.888782263 -0.154346973
v 0.459562719 0.883610487 -0.152588621
v 0.453324825 0.869051576 -0.182966843
v 0.459562719 0.883610487 -0.152588621
v 0.45817396 0.865405142 -0.179003596
v 0.45817396 0.865405142 -0.179003596
v 0.459562719 0.883610487 -0.152588621
v 0.460958779 0.876935363 -0.15013665
v 0.45817396 0.865405142 -0.179003596
v 0.460958779 0.876935363 -0.15013665
v 0.459686041 0.860777676 -0.173635334
v 0.460958779 0.876935363 -0.15013665
v 0.462399423 0.887260199 -0.103065029
v 0.460013241 0.880501449 -0.10199558
v 0.460958779 0.876935363 -0.15013665
v 0.460013241 0.880501449 -0.10199558
v 0.458614618 0.870545566 -0.147648066
v 0.458614618 0.870545566 -0.147648066
v 0.460013241 0.880501449 -0.10199558
v 0.454526007 0.875837684 -0.101184539
v 0.458614618 0.870545566 -0.147648066
v 0.454526007 0.875837684 -0.101184539
v 0.453158349 0.866153121 -0.145789668
v 0.453158349 0.866153121 -0.145789668
v 0.454526007 0.875837684 -0.101184539
v 0.44740805 0.874518573 -0.100849241
v 0.453158349 0.866153121 -0.145789668
v 0.44740805 0.874518573 -0.100849241
v 0.446051925 0.8649351 -0.145059437
v 0.446051925 0.8649351 -0.145059437
v 0.44740805 0.874518573 -0.100849241
v 0.44056657 0.876897514 -0.101079509
v 0.446051925 0.8649351 -0.145059437
v 0.44056657 0.876897514 -0.101079509
v 0.439199537 0.867217779 -0.145653024
v 0.439199537 0.867217779 -0.145653024
v 0.44056657 0.876897514 -0.101079509
v 0.435834795 0.882337093 -0.101813659
v 0.439199537 0.867217779 -0.145653024
v 0.435834795 0.882337093 -0.101813659
v 0.434437305 0.872389555 -0.147411376
v 0.434437305 0.872389555 -0.147411376
v 0.435834795 0.882337093 -0.101813659
v 0.434480578 0.889379859 -0.102854967
v 0.434437305 0.872389555 -0.147411376
v 0.434480578 0.889379859 -0.102854967
v 0.433041215 0.87906462 -0.149863347
v 0.433041215 0.87906462 -0.149863347
v 0.434480578 0.889379859 -0.102854967
v 0.43686676 0.896138549 -0.103924423
v 0.433041215 0.87906462 -0.149863347
v 0.43686676 0.896138549 -0.103924423
v 0.435385376 0.885454416 -0.152351946
v 0.435385376 0.885454416 -0.152351946
v 0.43686676 0.896138549 -0.103924423
v 0.442353994 0.900802314 -0.104735456
v 0.435385376 0.885454416 -0.152351946
v 0.442353994 0.900802314 -0.104735456
v 0.440841675 0.889846861 -0.154210329
v 0.440841675 0.889846861 -0.154210329
v 0.442353994 0.900802314 -0.104735456
v 0.449471951 0.902121425 -0.105070762
v 0.440841675 0.889846861 -0.154210329
v 0.449471951 0.902121425 -0.105070762
v 0.447948068 0.891064882 -0.15494056
v 0.447948068 0.891064882 -0.15494056
v 0.449471951 0.902121425 -0.105070762
v 0.456313431 0.899742484 -0.104840487
v 0.447948068 0.891064882 -0.15494056
v 0.456313431 0.899742484 -0.104840487
v 0.454800457 0.888782263 -0.154346973
v 0.454800457 0.888782263 -0.154346973
v 0.456313431 0.899742484 -0.104840487
v 0.461045206 0.894302905 -0.104106337
v 0.454800457 0.888782263 -0.154346973
v 0.461045206 0.894302905 -0.104106337
v 0.459562719 0.883610487 -0.152588621
v 0.459562719 0.883610487 -0.152588621
v 0.461045206 0.894302905 -0.104106337
v 0.462399423 0.887260199 -0.103065029
v 0.459562719 0.883610487 -0.152588621
v 0.462399423 0.887260199 -0.103065029
v 0.460958779 0.876935363 -0.15013665
v 0.462399423 0.887260199 -0.103065029
v 0.463120371 0.894147396 -0.0364796184
v 0.46072498 0.88732481 -0.0359975286
v 0.462399423 0.887260199 -0.103065029
v 0.46072498 0.88732481 -0.0359975286
v 0.460013241 0.880501449 -0.10199558
v 0.460013241 0.880501449 -0.10199558
v 0.46072498 0.88732481 -0.0359975286
v 0.455230743 0.882612348 -0.0356447287
v 0.460013241 0.880501449 -0.10199558
v 0.455230743 0.882612348 -0.0356447287
v 0.454526007 0.875837684 -0.101184539
v 0.454526007 0.875837684 -0.101184539
v 0.455230743 0.882612348 -0.0356447287
v 0.448109865 0.881272793 -0.0355157293
v 0.454526007 0.875837684 -0.101184539
v 0.448109865 0.881272793 -0.0355157293
v 0.44740805 0.874518573 -0.100849241
v 0.44740805 0.874518573 -0.100849241
v 0.448109865 0.881272793 -0.0355157293
v 0.441270381 0.883664966 -0.0356451087
v 0.44740805 0.874518573 -0.100849241
v 0.441270381 0.883664966 -0.0356451087
v 0.44056657 0.876897514 -0.101079509
v 0.44056657 0.876897514 -0.101079509
v 0.441270381 0.883664966 -0.0356451087
v 0.436544895 0.889147997 -0.0359981991
v 0.44056657 0.876897514 -0.101079509
v 0.436544895 0.889147997 -0.0359981991
v 0.435834795 0.882337093 -0.101813659
v 0.435834795 0.882337093 -0.101813659
v 0.436544895 0.889147997 -0.0359981991
v 0.435199618 0.896252573 -0.0364803784
v 0.435834795 0.882337093 -0.101813659
v 0.435199618 0.896252573 -0.0364803784
v 0.434480578 0.889379859 -0.102854967
v 0.434480578 0.889379859 -0.102854967
v 0.435199618 0.896252573 -0.0364803784
v 0.43759504 0.903075218 -0.0369624682
v 0.434480578 0.889379859 -0.102854967
v 0.43759504 0.903075218 -0.0369624682
v 0.43686676 0.896138549 -0.103924423
v 0.43686676 0.896138549 -0.103924423
v 0.43759504 0.903075218 -0.0369624682
v 0.443089247 0.907787621 -0.0373152718
v 0.43686676 0.896138549 -0.103924423
v 0.443089247 0.907787621 -0.0373152718
v 0.442353994 0.900802314 -0.104735456
v 0.442353994 0.900802314 -0.104735456
v 0.443089247 0.907787621 -0.0373152718
v 0.450210124 0.909127235 -0.0374442711
v 0.442353994 0.900802314 -0.104735456
v 0.450210124 0.909127235 -0.0374442711
v 0.449471951 0.902121425 -0.105070762
v 0.449471951 0.902121425 -0.105070762
v 0.450210124 0.909127235 -0.0374442711
v 0.457049638 0.906735003 -0.0373148918
v 0.449471951 0.902121425 -0.105070762
v 0.457049638 0.906735003 -0.0373148918
v 0.456313431 0.899742484 -0.104840487
v 0.456313431 0.899742484 -0.104840487
v 0.457049638 0.906735003 -0.0373148918
v 0.461775094 0.901252031 -0.0369618014
v 0.456313431 0.899742484 -0.104840487
v 0.461775094 0.901252031 -0.0369618014
v 0.461045206 0.894302905 -0.104106337
v 0.461045206 0.894302905 -0.104106337
v 0.461775094 0.901252031 -0.0369618014
v 0.463120371 0.894147396 -0.0364796184
v 0.461045206 0.894302905 -0.104106337
v 0.463120371 0.894147396 -0.0364796184
v 0.462399423 0.887260199 -0.103065029
v 0.463120371 0.894147396 -0.0364796184
v 0.463120192 0.896867692 0.036556311
v 0.460723579 0.890028536 0.0365713984
v 0.463120371 0.894147396 -0.0364796184
v 0.460723579 0.890028536 0.0365713984
v 0.46072498 0.88732481 -0.0359975286
v 0.46072498 0.88732481 -0.0359975286
v 0.460723579 0.890028536 0.0365713984
v 0.455228508 0.885303855 0.0365619995
v 0.46072498 0.88732481 -0.0359975286
v 0.455228508 0.885303855 0.0365619995
v 0.455230743 0.882612348 -0.0356447287
v 0.455230743 0.882612348 -0.0356447287
v 0.455228508 0.885303855 0.0365619995
v 0.448107392 0.883959711 0.0365306288
v 0.455230743 0.882612348 -0.0356447287
v 0.448107392 0.883959711 0.0365306288
v 0.448109865 0.881272793 -0.0355157293
v 0.448109865 0.881272793 -0.0355157293
v 0.448107392 0.883959711 0.0365306288
v 0.441268325 0.886356175 0.0364856906
v 0.448109865 0.881272793 -0.0355157293
v 0.441268325 0.886356175 0.0364856906
v 0.441270381 0.883664966 -0.0356451087
v 0.441270381 0.883664966 -0.0356451087
v 0.441268325 0.886356175 0.0364856906
v 0.436543822 0.891851187 0.0364392288
v 0.441270381 0.883664966 -0.0356451087
v 0.436543822 0.891851187 0.0364392288
v 0.436544895 0.889147997 -0.0359981991
v 0.436544895 0.889147997 -0.0359981991
v 0.436543822 0.891851187 0.0364392288
v 0.435199797 0.898972332 0.0364036895
v 0.436544895 0.889147997 -0.0359981991
v 0.435199797 0.898972332 0.0364036895
v 0.435199618 0.896252573 -0.0364803784
v 0.435199618 0.896252573 -0.0364803784
v 0.435199797 0.898972332 0.0364036895
v 0.437596411 0.905811489 0.0363885984
v 0.435199618 0.896252573 -0.0364803784
v 0.437596411 0.905811489 0.0363885984
v 0.43759504 0.903075218 -0.0369624682
v 0.43759504 0.903075218 -0.0369624682
v 0.437596411 0.905811489 0.0363885984
v 0.443091482 0.91053611 0.036398001
v 0.43759504 0.903075218 -0.0369624682
v 0.443091482 0.91053611 0.036398001
v 0.443089247 0.907787621 -0.0373152718
v 0.443089247 0.907787621 -0.0373152718
v 0.443091482 0.91053611 0.036398001
v 0.450212598 0.911880255 0.0364293717
v 0.443089247 0.907787621 -0.0373152718
v 0.450212598 0.911880255 0.0364293717
v 0.450210124 0.909127235 -0.0374442711
v 0.450210124 0.909127235 -0.0374442711
v 0.450212598 0.911880255 0.0364293717
v 0.457051665 0.90948379 0.0364743099
v 0.450210124 0.909127235 -0.0374442711
v 0.457051665 0.90948379 0.0364743099
v 0.457049638 0.906735003 -0.0373148918
v 0.457049638 0.906735003 -0.0373148918
v 0.457051665 0.90948379 0.0364743099
v 0.461776167 0.903988838 0.0365207717
v 0.457049638 0.906735003 -0.0373148918
v 0.461776167 0.903988838 0.0365207717
v 0.461775094 0.901252031 -0.0369618014
v 0.461775094 0.901252031 -0.0369618014
v 0.461776167 0.903988838 0.0365207717
v 0.463120192 0.896867692 0.036556311
v 0.461775094 0.901252031 -0.0369618014
v 0.463120192 0.896867692 0.036556311
v 0.463120371 0.894147396 -0.0364796184
v 0.463120192 0.896867692 0.036556311
v 0.462398678 0.894699216 0.103132904
v 0.460007817 0.887888074 0.102492221
v 0.463120192 0.896867692 0.036556311
v 0.460007817 0.887888074 0.102492221
v 0.460723579 0.890028536 0.0365713984
v 0.460723579 0.890028536 0.0365713984
v 0.460007817 0.887888074 0.102492221
v 0.454517365 0.883186221 0.101976871
v 0.460723579 0.890028536 0.0365713984
v 0.454517365 0.883186221 0.101976871
v 0.455228508 0.885303855 0.0365619995
v 0.455228508 0.885303855 0.0365619995
v 0.454517365 0.883186221 0.101976871
v 0.447398484 0.881853521 0.10172496
v 0.455228508 0.885303855 0.0365619995
v 0.447398484 0.881853521 0.10172496
v 0.448107392 0.883959711 0.0365306288
v 0.448107392 0.883959711 0.0365306288
v 0.447398484 0.881853521 0.10172496
v 0.440558672 0.884247005 0.101803973
v 0.448107392 0.883959711 0.0365306288
v 0.440558672 0.884247005 0.101803973
v 0.441268325 0.886356175 0.0364856906
v 0.441268325 0.886356175 0.0364856906
v 0.440558672 0.884247005 0.101803973
v 0.435830683 0.889725447 0.102192737
v 0.441268325 0.886356175 0.0364856906
v 0.435830683 0.889725447 0.102192737
v 0.436543822 0.891851187 0.0364392288
v 0.436543822 0.891851187 0.0364392288
v 0.435830683 0.889725447 0.102192737
v 0.434481323 0.896820784 0.1027871
v 0.436543822 0.891851187 0.0364392288
v 0.434481323 0.896820784 0.1027871
v 0.435199797 0.898972332 0.0364036895
v 0.435199797 0.898972332 0.0364036895
v 0.434481323 0.896820784 0.1027871
v 0.436872184 0.903631926 0.103427783
v 0.435199797 0.898972332 0.0364036895
v 0.436872184 0.903631926 0.103427783
v 0.437596411 0.905811489 0.0363885984
v 0.437596411 0.905811489 0.0363885984
v 0.436872184 0.903631926 0.103427783
v 0.442362636 0.908333778 0.103943132
v 0.437596411 0.905811489 0.0363885984
v 0.442362636 0.908333778 0.103943132
v 0.443091482 0.91053611 0.036398001
v 0.443091482 0.91053611 0.036398001
v 0.442362636 0.908333778 0.103943132
v 0.449481517 0.909666479 0.104195043
v 0.443091482 0.91053611 0.036398001
v 0.449481517 0.909666479 0.104195043
v 0.450212598 0.911880255 0.0364293717
v 0.450212598 0.911880255 0.0364293717
v 0.449481517 0.909666479 0.104195043
v 0.456321329 0.907272995 0.10411603
v 0.450212598 0.911880255 0.0364293717
v 0.456321329 0.907272995 0.10411603
v 0.457051665 0.90948379 0.0364743099
v 0.457051665 0.90948379 0.0364743099
v 0.456321329 0.907272995 0.10411603
v 0.461049318 0.901794553 0.103727259
v 0.457051665 0.90948379 0.0364743099
v 0.461049318 0.901794553 0.103727259
v 0.461776167 0.903988838 0.0365207717
v 0.461776167 0.903988838 0.0365207717
v 0.461049318 0.901794553 0.103727259
v 0.462398678 0.894699216 0.103132904
v 0.461776167 0.903988838 0.0365207717
v 0.462398678 0.894699216 0.103132904
v 0.463120192 0.896867692 0.036556311
v 0.462398678 0.894699216 0.103132904
v 0.460958689 0.886939228 0.150172845
v 0.458615154 0.880479991 0.147869885
v 0.462398678 0.894699216 0.103132904
v 0.458615154 0.880479991 0.147869885
v 0.460007817 0.887888074 0.102492221
v 0.460007817 0.887888074 0.102492221
v 0.458615154 0.880479991 0.147869885
v 0.453159332 0.87603569 0.14613767
v 0.460007817 0.887888074 0.102492221
v 0.453159332 0.87603569 0.14613767
v 0.454517365 0.883186221 0.101976871
v 0.454517365 0.883186221 0.101976871
v 0.453159332 0.87603569 0.14613767
v 0.446053147 0.874797225 0.14544037
v 0.454517365 0.883186221 0.101976871
v 0.446053147 0.874797225 0.14544037
v 0.447398484 0.881853521 0.10172496
v 0.447398484 0.881853521 0.10172496
v 0.446053147 0.874797225 0.14544037
v 0.43920064 0.877096415 0.145964816
v 0.447398484 0.881853521 0.10172496
v 0.43920064 0.877096415 0.145964816
v 0.440558672 0.884247005 0.101803973
v 0.440558672 0.884247005 0.101803973
v 0.43920064 0.877096415 0.145964816
v 0.43443799 0.882317245 0.147570491
v 0.440558672 0.884247005 0.101803973
v 0.43443799 0.882317245 0.147570491
v 0.435830683 0.889725447 0.102192737
v 0.435830683 0.889725447 0.102192737
v 0.43443799 0.882317245 0.147570491
v 0.433041304 0.889060736 0.149827152
v 0.435830683 0.889725447 0.102192737
v 0.433041304 0.889060736 0.149827152
v 0.434481323 0.896820784 0.1027871
v 0.434481323 0.896820784 0.1027871
v 0.433041304 0.889060736 0.149827152
v 0.43538484 0.895520031 0.152130127
v 0.434481323 0.896820784 0.1027871
v 0.43538484 0.895520031 0.152130127
v 0.436872184 0.903631926 0.103427783
v 0.436872184 0.903631926 0.103427783
v 0.43538484 0.895520031 0.152130127
v 0.440840662 0.899964333 0.153862327
v 0.436872184 0.903631926 0.103427783
v 0.440840662 0.899964333 0.153862327
v 0.442362636 0.908333778 0.103943132
v 0.442362636 0.908333778 0.103943132
v 0.440840662 0.899964333 0.153862327
v 0.447946846 0.901202798 0.154559627
v 0.442362636 0.908333778 0.103943132
v 0.447946846 0.901202798 0.154559627
v 0.449481517 0.909666479 0.104195043
v 0.449481517 0.909666479 0.104195043
v 0.447946846 0.901202798 0.154559627
v 0.454799354 0.898903549 0.154035181
v 0.449481517 0.909666479 0.104195043
v 0.454799354 0.898903549 0.154035181
v 0.456321329 0.907272995 0.10411603
v 0.456321329 0.907272995 0.10411603
v 0.454799354 0.898903549 0.154035181
v 0.459562004 0.893682718 0.152429506
v 0.456321329 0.907272995 0.10411603
v 0.459562004 0.893682718 0.152429506
v 0.461049318 0.901794553 0.103727259
v 0.461049318 0.901794553 0.103727259
v 0.459562004 0.893682718 0.152429506
v 0.460958689 0.886939228 0.150172845
v 0.461049318 0.901794553 0.103727259
v 0.460958689 0.886939228 0.150172845
v 0.462398678 0.894699216 0.103132904
v 0.460958689 0.886939228 0.150172845
v 0.459695637 0.870678782 0.173744917
v 0.45756045 0.866438508 0.168269604
v 0.460958689 0.886939228 0.150172845
v 0.45756045 0.866438508 0.168269604
v 0.458615154 0.880479991 0.147869885
v 0.458615154 0.880479991 0.147869885
v 0.45756045 0.866438508 0.168269604
v 0.452252626 0.863555491 0.164265454
v 0.458615154 0.880479991 0.147869885
v 0.452252626 0.863555491 0.164265454
v 0.453159332 0.87603569 0.14613767
v 0.453159332 0.87603569 0.14613767
v 0.452252626 0.863555491 0.164265454
v 0.445194393 0.862802327 0.162805349
v 0.453159332 0.87603569 0.14613767
v 0.445194393 0.862802327 0.162805349
v 0.446053147 0.874797225 0.14544037
v 0.446053147 0.874797225 0.14544037
v 0.445194393 0.862802327 0.162805349
v 0.438276976 0.864380717 0.164280534
v 0.446053147 0.874797225 0.14544037
v 0.438276976 0.864380717 0.164280534
v 0.43920064 0.877096415 0.145964816
v 0.43920064 0.877096415 0.145964816
v 0.438276976 0.864380717 0.164280534
v 0.433353931 0.867867768 0.168295741
v 0.43920064 0.877096415 0.145964816
v 0.433353931 0.867867768 0.168295741
v 0.43443799 0.882317245 0.147570491
v 0.43443799 0.882317245 0.147570491
v 0.433353931 0.867867768 0.168295741
v 0.431744337 0.872329175 0.173775092
v 0.43443799 0.882317245 0.147570491
v 0.431744337 0.872329175 0.173775092
v 0.433041304 0.889060736 0.149827152
v 0.433041304 0.889060736 0.149827152
v 0.431744337 0.872329175 0.173775092
v 0.433879554 0.87656951 0.179250389
v 0.433041304 0.889060736 0.149827152
v 0.433879554 0.87656951 0.179250389
v 0.43538484 0.895520031 0.152130127
v 0.43538484 0.895520031 0.152130127
v 0.433879554 0.87656951 0.179250389
v 0.439187378 0.879452467 0.183254555
v 0.43538484 0.895520031 0.152130127
v 0.439187378 0.879452467 0.183254555
v 0.440840662 0.899964333 0.153862327
v 0.440840662 0.899964333 0.153862327
v 0.439187378 0.879452467 0.183254555
v 0.446245611 0.880205691 0.184714645
v 0.440840662 0.899964333 0.153862327
v 0.446245611 0.880205691 0.184714645
v 0.447946846 0.901202798 0.154559627
v 0.447946846 0.901202798 0.154559627
v 0.446245611 0.880205691 0.184714645
v 0.453163028 0.8786273 0.18323946
v 0.447946846 0.901202798 0.154559627
v 0.453163028 0.8786273 0.18323946
v 0.454799354 0.898903549 0.154035181
v 0.454799354 0.898903549 0.154035181
v 0.453163028 0.8786273 0.18323946
v 0.458086073 0.87514019 0.179224253
v 0.454799354 0.898903549 0.154035181
v 0.458086073 0.87514019 0.179224253
v 0.459562004 0.893682718 0.152429506
v 0.459562004 0.893682718 0.152429506
v 0.458086073 0.87514019 0.179224253
v 0.459695637 0.870678782 0.173744917
v 0.459562004 0.893682718 0.152429506
v 0.459695637 0.870678782 0.173744917
v 0.460958689 0.886939228 0.150172845
v 0.459695637 0.870678782 0.173744917
v 0.458571315 0.84585619 0.182877377
v 0.456620574 0.844765067 0.175983757
v 0.459695637 0.870678782 0.173744917
v 0.456620574 0.844765067 0.175983757
v 0.45756045 0.866438508 0.168269604
v 0.45756045 0.866438508 0.168269604
v 0.456620574 0.844765067 0.175983757
v 0.451448888 0.844206333 0.17093797
v 0.45756045 0.866438508 0.168269604
v 0.451448888 0.844206333 0.17093797
v 0.452252626 0.863555491 0.164265454
v 0.452252626 0.863555491 0.164265454
v 0.451448888 0.844206333 0.17093797
v 0.444442093 0.844329715 0.169092044
v 0.452252626 0.863555491 0.164265454
v 0.444442093 0.844329715 0.169092044
v 0.445194393 0.862802327 0.162805349
v 0.445194393 0.862802327 0.162805349
v 0.444442093 0.844329715 0.169092044
v 0.437477589 0.845102131 0.170940608
v 0.445194393 0.862802327 0.162805349
v 0.437477589 0.845102131 0.170940608
v 0.438276976 0.864380717 0.164280534
v 0.438276976 0.864380717 0.164280534
v 0.437477589 0.845102131 0.170940608
v 0.432421535 0.846316636 0.175988317
v 0.438276976 0.864380717 0.164280534
v 0.432421535 0.846316636 0.175988317
v 0.433353931 0.867867768 0.168295741
v 0.433353931 0.867867768 0.168295741
v 0.432421535 0.846316636 0.175988317
v 0.430628687 0.847647786 0.182882637
v 0.433353931 0.867867768 0.168295741
v 0.430628687 0.847647786 0.182882637
v 0.431744337 0.872329175 0.173775092
v 0.431744337 0.872329175 0.173775092
v 0.430628687 0.847647786 0.182882637
v 0.432579428 0.848738968 0.189776257
v 0.431744337 0.872329175 0.173775092
v 0.432579428 0.848738968 0.189776257
v 0.433879554 0.87656951 0.179250389
v 0.433879554 0.87656951 0.179250389
v 0.432579428 0.848738968 0.189776257
v 0.437751114 0.849297702 0.194822028
v 0.433879554 0.87656951 0.179250389
v 0.437751114 0.849297702 0.194822028
v 0.439187378 0.879452467 0.183254555
v 0.439187378 0.879452467 0.183254555
v 0.437751114 0.849297702 0.194822028
v 0.444757909 0.849174321 0.196667954
v 0.439187378 0.879452467 0.183254555
v 0.444757909 0.849174321 0.196667954
v 0.446245611 0.880205691 0.184714645
v 0.446245611 0.880205691 0.184714645
v 0.444757909 0.849174321 0.196667954
v 0.451722413 0.848401904 0.194819391
v 0.446245611 0.880205691 0.184714645
v 0.451722413 0.848401904 0.194819391
v 0.453163028 0.8786273 0.18323946
v 0.453163028 0.8786273 0.18323946
v 0.451722413 0.848401904 0.194819391
v 0.456778467 0.8471874 0.189771697
v 0.453163028 0.8786273 0.18323946
v 0.456778467 0.8471874 0.189771697
v 0.458086073 0.87514019 0.179224253
v 0.458086073 0.87514019 0.179224253
v 0.456778467 0.8471874 0.189771697
v 0.458571315 0.84585619 0.182877377
v 0.458086073 0.87514019 0.179224253
v 0.458571315 0.84585619 0.182877377
v 0.459695637 0.870678782 0.173744917
v 0.458571315 0.84585619 0.182877377
v 0.456208736 0.816686928 0.183076248
v 0.454367846 0.817253232 0.176089942
v 0.458571315 0.84585619 0.182877377
v 0.454367846 0.817253232 0.176089942
v 0.456620574 0.844765067 0.175983757
v 0.456620574 0.844765067 0.175983757
v 0.454367846 0.817253232 0.176089942
v 0.449298769 0.818139613 0.170987323
v 0.456620574 0.844765067 0.175983757
v 0.449298769 0.818139613 0.170987323
v 0.451448888 0.844206333 0.17093797
v 0.451448888 0.844206333 0.17093797
v 0.449298769 0.818139613 0.170987323
v 0.442359716 0.819108665 0.169135645
v 0.451448888 0.844206333 0.17093797
v 0.442359716 0.819108665 0.169135645
v 0.444442093 0.844329715 0.169092044
v 0.444442093 0.844329715 0.169092044
v 0.442359716 0.819108665 0.169135645
v 0.435410053 0.819900692 0.171031073
v 0.444442093 0.844329715 0.169092044
v 0.435410053 0.819900692 0.171031073
v 0.437477589 0.845102131 0.170940608
v 0.437477589 0.845102131 0.170940608
v 0.435410053 0.819900692 0.171031073
v 0.430311859 0.82030344 0.176165715
v 0.437477589 0.845102131 0.170940608
v 0.430311859 0.82030344 0.176165715
v 0.432421535 0.846316636 0.175988317
v 0.432421535 0.846316636 0.175988317
v 0.430311859 0.82030344 0.176165715
v 0.428431273 0.820209086 0.183163747
v 0.432421535 0.846316636 0.175988317
v 0.428431273 0.820209086 0.183163747
v 0.430628687 0.847647786 0.182882637
v 0.430628687 0.847647786 0.182882637
v 0.428431273 0.820209086 0.183163747
v 0.430272162 0.819642782 0.190150067
v 0.430628687 0.847647786 0.182882637
v 0.430272162 0.819642782 0.190150067
v 0.432579428 0.848738968 0.189776257
v 0.432579428 0.848738968 0.189776257
v 0.430272162 0.819642782 0.190150067
v 0.435341239 0.818756342 0.195252672
v 0.432579428 0.848738968 0.189776257
v 0.435341239 0.818756342 0.195252672
v 0.437751114 0.849297702 0.194822028
v 0.437751114 0.849297702 0.194822028
v 0.435341239 0.818756342 0.195252672
v 0.442280293 0.81778729 0.19710435
v 0.437751114 0.849297702 0.194822028
v 0.442280293 0.81778729 0.19710435
v 0.444757909 0.849174321 0.196667954
v 0.444757909 0.849174321 0.196667954
v 0.442280293 0.81778729 0.19710435
v 0.449229956 0.816995323 0.195208922
v 0.444757909 0.849174321 0.196667954
v 0.449229956 0.816995323 0.195208922
v 0.451722413 0.848401904 0.194819391
v 0.451722413 0.848401904 0.194819391
v 0.449229956 0.816995323 0.195208922
v 0.45432812 0.816592515 0.190074295
v 0.451722413 0.848401904 0.194819391
v 0.45432812 0.816592515 0.190074295
v 0.456778467 0.8471874 0.189771697
v 0.456778467 0.8471874 0.189771697
v 0.45432812 0.816592515 0.190074295
v 0.456208736 0.816686928 0.183076248
v 0.456778467 0.8471874 0.189771697
v 0.456208736 0.816686928 0.183076248
v 0.458571315 0.84585619 0.182877377
v 0.456208736 0.816686928 0.183076248
v 0.451060891 0.787594974 0.180072024
v 0.449285984 0.788531363 0.173108488
v 0.456208736 0.816686928 0.183076248
v 0.449285984 0.788531363 0.173108488
v 0.454367846 0.817253232 0.176089942
v 0.454367846 0.817253232 0.176089942
v 0.449285984 0.788531363 0.173108488
v 0.444369078 0.790208578 0.168055847
v 0.454367846 0.817253232 0.176089942
v 0.444369078 0.790208578 0.168055847
v 0.449298769 0.818139613 0.170987323
v 0.449298769 0.818139613 0.170987323
v 0.444369078 0.790208578 0.168055847
v 0.437627733 0.792177141 0.166267917
v 0.449298769 0.818139613 0.170987323
v 0.437627733 0.792177141 0.166267917
v 0.442359716 0.819108665 0.169135645
v 0.442359716 0.819108665 0.169135645
v 0.437627733 0.792177141 0.166267917
v 0.430868208 0.793909609 0.168223813
v 0.442359716 0.819108665 0.169135645
v 0.430868208 0.793909609 0.168223813
v 0.435410053 0.819900692 0.171031073
v 0.435410053 0.819900692 0.171031073
v 0.430868208 0.793909609 0.168223813
v 0.425901741 0.794941783 0.173399433
v 0.435410053 0.819900692 0.171031073
v 0.425901741 0.794941783 0.173399433
v 0.430311859 0.82030344 0.176165715
v 0.430311859 0.82030344 0.176165715
v 0.425901741 0.794941783 0.173399433
v 0.424059123 0.794997036 0.180407971
v 0.430311859 0.82030344 0.176165715
v 0.424059123 0.794997036 0.180407971
v 0.428431273 0.820209086 0.183163747
v 0.428431273 0.820209086 0.183163747
v 0.424059123 0.794997036 0.180407971
v 0.42583403 0.794060588 0.187371507
v 0.428431273 0.820209086 0.183163747
v 0.42583403 0.794060588 0.187371507
v 0.430272162 0.819642782 0.190150067
v 0.430272162 0.819642782 0.190150067
v 0.42583403 0.794060588 0.187371507
v 0.430750906 0.792383373 0.192424163
v 0.430272162 0.819642782 0.190150067
v 0.430750906 0.792383373 0.192424163
v 0.435341239 0.818756342 0.195252672
v 0.435341239 0.818756342 0.195252672
v 0.430750906 0.792383373 0.192424163
v 0.437492281 0.79041481 0.194212079
v 0.435341239 0.818756342 0.195252672
v 0.437492281 0.79041481 0.194212079
v 0.442280293 0.81778729 0.19710435
v 0.442280293 0.81778729 0.19710435
v 0.437492281 0.79041481 0.194212079
v 0.444251806 0.788682342 0.192256197
v 0.442280293 0.81778729 0.19710435
v 0.444251806 0.788682342 0.192256197
v 0.449229956 0.816995323 0.195208922
v 0.449229956 0.816995323 0.195208922
v 0.444251806 0.788682342 0.192256197
v 0.449218273 0.787650228 0.187080577
v 0.449229956 0.816995323 0.195208922
v 0.449218273 0.787650228 0.187080577
v 0.45432812 0.816592515 0.190074295
v 0.45432812 0.816592515 0.190074295
v 0.449218273 0.787650228 0.187080577
v 0.451060891 0.787594974 0.180072024
v 0.45432812 0.816592515 0.190074295
v 0.451060891 0.787594974 0.180072024
v 0.456208736 0.816686928 0.183076248
v 0.451060891 0.787594974 0.180072024
v 0.440759748 0.762403429 0.179995075
v 0.439035237 0.763195038 0.173000976
v 0.451060891 0.787594974 0.180072024
v 0.439035237 0.763195038 0.173000976
v 0.449285984 0.788531363 0.173108488
v 0.449285984 0.788531363 0.173108488
v 0.439035237 0.763195038 0.173000976
v 0.434621781 0.765810013 0.167882264
v 0.449285984 0.788531363 0.173108488
v 0.434621781 0.765810013 0.167882264
v 0.444369078 0.790208578 0.168055847
v 0.444369078 0.790208578 0.168055847
v 0.434621781 0.765810013 0.167882264
v 0.428701967 0.769547701 0.166010484
v 0.444369078 0.790208578 0.168055847
v 0.428701967 0.769547701 0.166010484
v 0.437627733 0.792177141 0.166267917
v 0.437627733 0.792177141 0.166267917
v 0.428701967 0.769547701 0.166010484
v 0.422862023 0.773406565 0.167887196
v 0.437627733 0.792177141 0.166267917
v 0.422862023 0.773406565 0.167887196
v 0.430868208 0.793909609 0.168223813
v 0.430868208 0.793909609 0.168223813
v 0.422862023 0.773406565 0.167887196
v 0.41866672 0.776352704 0.173009515
v 0.430868208 0.793909609 0.168223813
v 0.41866672 0.776352704 0.173009515
v 0.425901741 0.794941783 0.173399433
v 0.425901741 0.794941783 0.173399433
v 0.41866672 0.776352704 0.173009515
v 0.417240232 0.777596593 0.180004925
v 0.425901741 0.794941783 0.173399433
v 0.417240232 0.777596593 0.180004925
v 0.424059123 0.794997036 0.180407971
v 0.424059123 0.794997036 0.180407971
v 0.417240232 0.777596593 0.180004925
v 0.418964773 0.776804984 0.186999023
v 0.424059123 0.794997036 0.180407971
v 0.418964773 0.776804984 0.186999023
v 0.42583403 0.794060588 0.187371507
v 0.42583403 0.794060588 0.187371507
v 0.418964773 0.776804984 0.186999023
v 0.423378229 0.774190009 0.192117736
v 0.42583403 0.794060588 0.187371507
v 0.423378229 0.774190009 0.192117736
v 0.430750906 0.792383373 0.192424163
v 0.430750906 0.792383373 0.192424163
v 0.423378229 0.774190009 0.192117736
v 0.429298043 0.770452321 0.193989515
v 0.430750906 0.792383373 0.192424163
v 0.429298043 0.770452321 0.193989515
v 0.437492281 0.79041481 0.194212079
v 0.437492281 0.79041481 0.194212079
v 0.429298043 0.770452321 0.193989515
v 0.435137987 0.766593397 0.192112803
v 0.437492281 0.79041481 0.194212079
v 0.435137987 0.766593397 0.192112803
v 0.444251806 0.788682342 0.192256197
v 0.444251806 0.788682342 0.192256197
v 0.435137987 0.766593397 0.192112803
v 0.43933326 0.763647318 0.186990485
v 0.444251806 0.788682342 0.192256197
v 0.43933326 0.763647318 0.186990485
v 0.449218273 0.787650228 0.187080577
v 0.449218273 0.787650228 0.187080577
v 0.43933326 0.763647318 0.186990485
v 0.440759748 0.762403429 0.179995075
v 0.449218273 0.787650228 0.187080577
v 0.440759748 0.762403429 0.179995075
v 0.451060891 0.787594974 0.180072024
v 0.440759748 0.762403429 0.179995075
v 0.422555596 0.743756533 0.182154477
v 0.421215743 0.744944036 0.17513217
v 0.440759748 0.762403429 0.179995075
v 0.421215743 0.744944036 0.17513217
v 0.439035237 0.763195038 0.173000976
v 0.439035237 0.763195038 0.173000976
v 0.421215743 0.744944036 0.17513217
v 0.417946726 0.748785257 0.169928655
v 0.439035237 0.763195038 0.173000976
v 0.417946726 0.748785257 0.169928655
v 0.434621781 0.765810013 0.167882264
v 0.434621781 0.765810013 0.167882264
v 0.417946726 0.748785257 0.169928655
v 0.413624465 0.754250944 0.167938218
v 0.434621781 0.765810013 0.167882264
v 0.413624465 0.754250944 0.167938218
v 0.428701967 0.769547701 0.166010484
v 0.428701967 0.769547701 0.166010484
v 0.413624465 0.754250944 0.167938218
v 0.409407109 0.759876668 0.169694185
v 0.428701967 0.769547701 0.166010484
v 0.409407109 0.759876668 0.169694185
v 0.422862023 0.773406565 0.167887196
v 0.422862023 0.773406565 0.167887196
v 0.409407109 0.759876668 0.169694185
v 0.406424731 0.764154971 0.174726054
v 0.422862023 0.773406565 0.167887196
v 0.406424731 0.764154971 0.174726054
v 0.41866672 0.776352704 0.173009515
v 0.41866672 0.776352704 0.173009515
v 0.406424731 0.764154971 0.174726054
v 0.405476391 0.765939415 0.181685537
v 0.41866672 0.776352704 0.173009515
v 0.405476391 0.765939415 0.181685537
v 0.417240232 0.777596593 0.180004925
v 0.417240232 0.777596593 0.180004925
v 0.405476391 0.765939415 0.181685537
v 0.406816244 0.764751971 0.188707829
v 0.417240232 0.777596593 0.180004925
v 0.406816244 0.764751971 0.188707829
v 0.418964773 0.776804984 0.186999023
v 0.418964773 0.776804984 0.186999023
v 0.406816244 0.764751971 0.188707829
v 0.410085291 0.760910749 0.193911344
v 0.418964773 0.776804984 0.186999023
v 0.410085291 0.760910749 0.193911344
v 0.423378229 0.774190009 0.192117736
v 0.423378229 0.774190009 0.192117736
v 0.410085291 0.760910749 0.193911344
v 0.414407521 0.755445004 0.195901781
v 0.423378229 0.774190009 0.192117736
v 0.414407521 0.755445004 0.195901781
v 0.429298043 0.770452321 0.193989515
v 0.429298043 0.770452321 0.193989515
v 0.414407521 0.755445004 0.195901781
v 0.418624878 0.749819338 0.194145814
v 0.429298043 0.770452321 0.193989515
v 0.418624878 0.749819338 0.194145814
v 0.435137987 0.766593397 0.192112803
v 0.435137987 0.766593397 0.192112803
v 0.418624878 0.749819338 0.194145814
v 0.421607286 0.745541036 0.189113945
v 0.435137987 0.766593397 0.192112803
v 0.421607286 0.745541036 0.189113945
v 0.43933326 0.763647318 0.186990485
v 0.43933326 0.763647318 0.186990485
v 0.421607286 0.745541036 0.189113945
v 0.422555596 0.743756533 0.182154477
v 0.43933326 0.763647318 0.186990485
v 0.422555596 0.743756533 0.182154477
v 0.440759748 0.762403429 0.179995075
v 0.422555596 0.743756533 0.182154477
v 0.39983511 0.730227232 0.182372227
v 0.399095416 0.731836081 0.175344944
v 0.422555596 0.743756533 0.182154477
v 0.399095416 0.731836081 0.175344944
v 0.421215743 0.744944036 0.17513217
v 0.421215743 0.744944036 0.17513217
v 0.399095416 0.731836081 0.175344944
v 0.396853238 0.736356974 0.170143753
v 0.421215743 0.744944036 0.17513217
v 0.396853238 0.736356974 0.170143753
v 0.417946726 0.748785257 0.169928655
v 0.417946726 0.748785257 0.169928655
v 0.396853238 0.736356974 0.170143753
v 0.393709362 0.742578506 0.168162316
v 0.417946726 0.748785257 0.169928655
v 0.393709362 0.742578506 0.168162316
v 0.413624465 0.754250944 0.167938218
v 0.413624465 0.754250944 0.167938218
v 0.393709362 0.742578506 0.168162316
v 0.390506148 0.748833716 0.169931546
v 0.413624465 0.754250944 0.167938218
v 0.390506148 0.748833716 0.169931546
v 0.409407109 0.759876668 0.169694185
v 0.409407109 0.759876668 0.169694185
v 0.390506148 0.748833716 0.169931546
v 0.388101906 0.75344646 0.174977377
v 0.409407109 0.759876668 0.169694185
v 0.388101906 0.75344646 0.174977377
v 0.406424731 0.764154971 0.174726054
v 0.406424731 0.764154971 0.174726054
v 0.388101906 0.75344646 0.174977377
v 0.3871409 0.755180717 0.181947783
v 0.406424731 0.764154971 0.174726054
v 0.3871409 0.755180717 0.181947783
v 0.405476391 0.765939415 0.181685537
v 0.405476391 0.765939415 0.181685537
v 0.3871409 0.755180717 0.181947783
v 0.387880564 0.753571928 0.188975051
v 0.405476391 0.765939415 0.181685537
v 0.387880564 0.753571928 0.188975051
v 0.406816244 0.764751971 0.188707829
v 0.406816244 0.764751971 0.188707829
v 0.387880564 0.753571928 0.188975051
v 0.390122741 0.749051034 0.194176242
v 0.406816244 0.764751971 0.188707829
v 0.390122741 0.749051034 0.194176242
v 0.410085291 0.760910749 0.193911344
v 0.410085291 0.760910749 0.193911344
v 0.390122741 0.749051034 0.194176242
v 0.393266648 0.742829502 0.196157694
v 0.410085291 0.760910749 0.193911344
v 0.393266648 0.742829502 0.196157694
v 0.414407521 0.755445004 0.195901781
v 0.414407521 0.755445004 0.195901781
v 0.393266648 0.742829502 0.196157694
v 0.396469861 0.736574292 0.194388464
v 0.414407521 0.755445004 0.195901781
v 0.396469861 0.736574292 0.194388464
v 0.418624878 0.749819338 0.194145814
v 0.418624878 0.749819338 0.194145814
v 0.396469861 0.736574292 0.194388464
v 0.398874104 0.731961548 0.189342633
v 0.418624878 0.749819338 0.194145814
v 0.398874104 0.731961548 0.189342633
v 0.421607286 0.745541036 0.189113945
v 0.421607286 0.745541036 0.189113945
v 0.398874104 0.731961548 0.189342633
v 0.39983511 0.730227232 0.182372227
v 0.421607286 0.745541036 0.189113945
v 0.39983511 0.730227232 0.182372227
v 0.422555596 0.743756533 0.182154477
v 0.39983511 0.730227232 0.182372227
v 0.376602441 0.720158935 0.18160814
v 0.376171261 0.721917033 0.174590945
v 0.39983511 0.730227232 0.182372227
v 0.376171261 0.721917033 0.174590945
v 0.399095416 0.731836081 0.175344944
v 0.399095416 0.731836081 0.175344944
v 0.376171261 0.721917033 0.174590945
v 0.374448776 0.726681292 0.169408947
v 0.399095416 0.731836081 0.175344944
v 0.374448776 0.726681292 0.169408947
v 0.396853238 0.736356974 0.170143753
v 0.396853238 0.736356974 0.170143753
v 0.374448776 0.726681292 0.169408947
v 0.371896505 0.733175039 0.167450652
v 0.396853238 0.736356974 0.170143753
v 0.371896505 0.733175039 0.167450652
v 0.393709362 0.742578506 0.168162316
v 0.393709362 0.742578506 0.168162316
v 0.371896505 0.733175039 0.167450652
v 0.369198352 0.739658356 0.169240788
v 0.393709362 0.742578506 0.168162316
v 0.369198352 0.739658356 0.169240788
v 0.390506148 0.748833716 0.169931546
v 0.390506148 0.748833716 0.169931546
v 0.369198352 0.739658356 0.169240788
v 0.367077231 0.744394004 0.174299717
v 0.390506148 0.748833716 0.169931546
v 0.367077231 0.744394004 0.174299717
v 0.388101906 0.75344646 0.174977377
v 0.388101906 0.75344646 0.174977377
v 0.367077231 0.744394004 0.174299717
v 0.366101563 0.746113062 0.181271866
v 0.388101906 0.75344646 0.174977377
v 0.366101563 0.746113062 0.181271866
v 0.3871409 0.755180717 0.181947783
v 0.3871409 0.755180717 0.181947783
v 0.366101563 0.746113062 0.181271866
v 0.366532743 0.744354963 0.188289061
v 0.3871409 0.755180717 0.181947783
v 0.366532743 0.744354963 0.188289061
v 0.387880564 0.753571928 0.188975051
v 0.387880564 0.753571928 0.188975051
v 0.366532743 0.744354963 0.188289061
v 0.368255228 0.739590704 0.193471059
v 0.387880564 0.753571928 0.188975051
v 0.368255228 0.739590704 0.193471059
v 0.390122741 0.749051034 0.194176242
v 0.390122741 0.749051034 0.194176242
v 0.368255228 0.739590704 0.193471059
v 0.370807499 0.733096957 0.195429355
v 0.390122741 0.749051034 0.194176242
v 0.370807499 0.733096957 0.195429355
v 0.393266648 0.742829502 0.196157694
v 0.393266648 0.742829502 0.196157694
v 0.370807499 0.733096957 0.195429355
v 0.373505652 0.726613641 0.193639204
v 0.393266648 0.742829502 0.196157694
v 0.373505652 0.726613641 0.193639204
v 0.396469861 0.736574292 0.194388464
v 0.396469861 0.736574292 0.194388464
v 0.373505652 0.726613641 0.193639204
v 0.375626773 0.721877992 0.188580289
v 0.396469861 0.736574292 0.194388464
v 0.375626773 0.721877992 0.188580289
v 0.398874104 0.731961548 0.189342633
v 0.398874104 0.731961548 0.189342633
v 0.375626773 0.721877992 0.188580289
v 0.376602441 0.720158935 0.18160814
v 0.398874104 0.731961548 0.189342633
v 0.376602441 0.720158935 0.18160814
v 0.39983511 0.730227232 0.182372227
v 0.376602441 0.720158935 0.18160814
v 0.356667995 0.712684393 0.180642679
v 0.356272757 0.714456975 0.173627004
v 0.376602441 0.720158935 0.18160814
v 0.356272757 0.714456975 0.173627004
v 0.376171261 0.721917033 0.174590945
v 0.376171261 0.721917033 0.174590945
v 0.356272757 0.714456975 0.173627004
v 0.354610473 0.719245374 0.168447569
v 0.376171261 0.721917033 0.174590945
v 0.354610473 0.719245374 0.168447569
v 0.374448776 0.726681292 0.169408947
v 0.374448776 0.726681292 0.169408947
v 0.354610473 0.719245374 0.168447569
v 0.352126479 0.72576642 0.166492224
v 0.374448776 0.726681292 0.169408947
v 0.352126479 0.72576642 0.166492224
v 0.371896505 0.733175039 0.167450652
v 0.371896505 0.733175039 0.167450652
v 0.352126479 0.72576642 0.166492224
v 0.34948644 0.732272923 0.168284893
v 0.371896505 0.733175039 0.167450652
v 0.34948644 0.732272923 0.168284893
v 0.369198352 0.739658356 0.169240788
v 0.369198352 0.739658356 0.169240788
v 0.34948644 0.732272923 0.168284893
v 0.347397715 0.737021446 0.173345223
v 0.369198352 0.739658356 0.169240788
v 0.347397715 0.737021446 0.173345223
v 0.367077231 0.744394004 0.174299717
v 0.367077231 0.744394004 0.174299717
v 0.347397715 0.737021446 0.173345223
v 0.34641999 0.73873961 0.180317327
v 0.367077231 0.744394004 0.174299717
v 0.34641999 0.73873961 0.180317327
v 0.366101563 0.746113062 0.181271866
v 0.366101563 0.746113062 0.181271866
v 0.34641999 0.73873961 0.180317327
v 0.346815228 0.736967027 0.187333003
v 0.366101563 0.746113062 0.181271866
v 0.346815228 0.736967027 0.187333003
v 0.366532743 0.744354963 0.188289061
v 0.366532743 0.744354963 0.188289061
v 0.346815228 0.736967027 0.187333003
v 0.348477542 0.732178628 0.192512423
v 0.366532743 0.744354963 0.188289061
v 0.348477542 0.732178628 0.192512423
v 0.368255228 0.739590704 0.193471059
v 0.368255228 0.739590704 0.193471059
v 0.348477542 0.732178628 0.192512423
v 0.350961506 0.725657582 0.194467768
v 0.368255228 0.739590704 0.193471059
v 0.350961506 0.725657582 0.194467768
v 0.370807499 0.733096957 0.195429355
v 0.370807499 0.733096957 0.195429355
v 0.350961506 0.725657582 0.194467768
v 0.353601545 0.71915108 0.192675099
v 0.370807499 0.733096957 0.195429355
v 0.353601545 0.71915108 0.192675099
v 0.373505652 0.726613641 0.193639204
v 0.373505652 0.726613641 0.193639204
v 0.353601545 0.71915108 0.192675099
v 0.355690271 0.714402556 0.187614769
v 0.373505652 0.726613641 0.193639204
v 0.355690271 0.714402556 0.187614769
v 0.375626773 0.721877992 0.188580289
v 0.375626773 0.721877992 0.188580289
v 0.355690271 0.714402556 0.187614769
v 0.356667995 0.712684393 0.180642679
v 0.375626773 0.721877992 0.188580289
v 0.356667995 0.712684393 0.180642679
v 0.376602441 0.720158935 0.18160814
v 0.356667995 0.712684393 0.180642679
v 0.343434662 0.70709902 0.18017368
v 0.342950791 0.708836138 0.173154682
v 0.356667995 0.712684393 0.180642679
v 0.342950791 0.708836138 0.173154682
v 0.356272757 0.714456975 0.173627004
v 0.356272757 0.714456975 0.173627004
v 0.342950791 0.708836138 0.173154682
v 0.341140389 0.713564634 0.167969882
v 0.356272757 0.714456975 0.173627004
v 0.341140389 0.713564634 0.167969882
v 0.354610473 0.719245374 0.168447569
v 0.354610473 0.719245374 0.168447569
v 0.341140389 0.713564634 0.167969882
v 0.338488519 0.720017433 0.166008547
v 0.354610473 0.719245374 0.168447569
v 0.338488519 0.720017433 0.166008547
v 0.352126479 0.72576642 0.166492224
v 0.352126479 0.72576642 0.166492224
v 0.338488519 0.720017433 0.166008547
v 0.335705727 0.726465583 0.167796195
v 0.352126479 0.72576642 0.166492224
v 0.335705727 0.726465583 0.167796195
v 0.34948644 0.732272923 0.168284893
v 0.34948644 0.732272923 0.168284893
v 0.335705727 0.726465583 0.167796195
v 0.333537698 0.731181264 0.172853857
v 0.34948644 0.732272923 0.168284893
v 0.333537698 0.731181264 0.172853857
v 0.347397715 0.737021446 0.173345223
v 0.347397715 0.737021446 0.173345223
v 0.333537698 0.731181264 0.172853857
v 0.332565337 0.732900977 0.179826319
v 0.347397715 0.737021446 0.173345223
v 0.332565337 0.732900977 0.179826319
v 0.34641999 0.73873961 0.180317327
v 0.34641999 0.73873961 0.180317327
v 0.332565337 0.732900977 0.179826319
v 0.333049208 0.731163859 0.186845317
v 0.34641999 0.73873961 0.180317327
v 0.333049208 0.731163859 0.186845317
v 0.346815228 0.736967027 0.187333003
v 0.346815228 0.736967027 0.187333003
v 0.333049208 0.731163859 0.186845317
v 0.33485961 0.726435363 0.192030117
v 0.346815228 0.736967027 0.187333003
v 0.33485961 0.726435363 0.192030117
v 0.348477542 0.732178628 0.192512423
v 0.348477542 0.732178628 0.192512423
v 0.33485961 0.726435363 0.192030117
v 0.33751148 0.719982564 0.193991467
v 0.348477542 0.732178628 0.192512423
v 0.33751148 0.719982564 0.193991467
v 0.350961506 0.725657582 0.194467768
v 0.350961506 0.725657582 0.194467768
v 0.33751148 0.719982564 0.193991467
v 0.340294272 0.713534415 0.192203805
v 0.350961506 0.725657582 0.194467768
v 0.340294272 0.713534415 0.192203805
v 0.353601545 0.71915108 0.192675099
v 0.353601545 0.71915108 0.192675099
v 0.340294272 0.713534415 0.192203805
v 0.342462301 0.708818734 0.187146157
v 0.353601545 0.71915108 0.192675099
v 0.342462301 0.708818734 0.187146157
v 0.355690271 0.714402556 0.187614769
v 0.355690271 0.714402556 0.187614769
v 0.342462301 0.708818734 0.187146157
v 0.343434662 0.70709902 0.18017368
v 0.355690271 0.714402556 0.187614769
v 0.343434662 0.70709902 0.18017368
v 0.356667995 0.712684393 0.180642679
v 0.343568861 0.707155228 -0.180000007
v 0.343031466 0.708966613 -0.173003703
v 0.341145933 0.713734329 -0.167882055
v 0.338417441 0.720180988 -0.1660074
v 0.335577101 0.72657913 -0.167882055
v 0.333385974 0.731214404 -0.173003703
v 0.332431138 0.73284477 -0.180000007
v 0.332968533 0.731033385 -0.186996296
v 0.334854066 0.726265669 -0.192117944
v 0.337582558 0.719819009 -0.1939926
v 0.340422899 0.713420868 -0.192117944
v 0.342614055 0.708785594 -0.186996296
v 0.342462301 0.708818734 0.187146157
v 0.340294272 0.713534415 0.192203805
v 0.33751148 0.719982564 0.193991467
v 0.33485961 0.726435363 0.192030117
v 0.333049208 0.731163859 0.186845317
v 0.332565337 0.732900977 0.179826319
v 0.333537698 0.731181264 0.172853857
v 0.335705727 0.726465583 0.167796195
v 0.338488519 0.720017433 0.166008547
v 0.341140389 0.713564634 0.167969882
v 0.342950791 0.708836138 0.173154682
v 0.343434662 0.70709902 0.18017368
v -0.279000014 0.823000014 0.0960000008
v -0.279000014 0.833000004 0.0960000008
v -0.279000014 0.833000004 -0.131999999
v -0.279000014 0.823000014 -0.131999999
v 0.00899999961 0.823000014 -0.131999999
v 0.00899999961 0.833000004 -0.131999999
v 0.00899999961 0.833000004 0.0960000008
v 0.00899999961 0.823000014 0.0960000008
v -0.273000002 0.816999972 -0.131999999
v 0.00300000003 0.816999972 -0.131999999
v 0.00300000003 0.816999972 0.0960000008
v -0.273000002 0.816999972 0.0960000008
v -0.273000002 0.838999987 0.0960000008
v 0.00300000003 0.838999987 0.0960000008
v 0.00300000003 0.838999987 -0.131999999
v -0.273000002 0.838999987 -0.131999999
v -0.273000002 0.833000004 -0.137999997
v 0.00300000003 0.833000004 -0.137999997
v 0.00300000003 0.823000014 -0.137999997
v -0.273000002 0.823000014 -0.137999997
v -0.273000002 0.823000014 0.101999998
v 0.00300000003 0.823000014 0.101999998
v 0.00300000003 0.833000004 0.101999998
v -0.273000002 0.833000004 0.101999998
v -0.273000002 0.823000014 -0.137999997
v 0.00300000003 0.823000014 -0.137999997
v 0.00300000003 0.816999972 -0.131999999
v -0.273000002 0.816999972 -0.131999999
v -0.273000002 0.816999972 0.0960000008
v 0.00300000003 0.816999972 0.0960000008
v 0.00300000003 0.823000014 0.101999998
v -0.273000002 0.823000014 0.101999998
v -0.273000002 0.838999987 -0.131999999
v 0.00300000003 0.838999987 -0.131999999
v 0.00300000003 0.833000004 -0.137999997
v -0.273000002 0.833000004 -0.137999997
v -0.273000002 0.833000004 0.101999998
v 0.00300000003 0.833000004 0.101999998
v 0.00300000003 0.838999987 0.0960000008
v -0.273000002 0.838999987 0.0960000008
v -0.279000014 0.823000014 -0.131999999
v -0.279000014 0.833000004 -0.131999999
v -0.273000002 0.833000004 -0.137999997
v -0.273000002 0.823000014 -0.137999997
v -0.273000002 0.823000014 0.101999998
v -0.273000002 0.833000004 0.101999998
v -0.279000014 0.833000004 0.0960000008
v -0.279000014 0.823000014 0.0960000008
v 0.00300000003 0.823000014 -0.137999997
v 0.00300000003 0.833000004 -0.137999997
v 0.00899999961 0.833000004 -0.131999999
v 0.00899999961 0.823000014 -0.131999999
v 0.00899999961 0.823000014 0.0960000008
v 0.00899999961 0.833000004 0.0960000008
v 0.00300000003 0.833000004 0.101999998
v 0.00300000003 0.823000014 0.101999998
v -0.273000002 0.816999972 -0.131999999
v -0.273000002 0.816999972 0.0960000008
v -0.279000014 0.823000014 0.0960000008
v -0.279000014 0.823000014 -0.131999999
v -0.279000014 0.833000004 -0.131999999
v -0.279000014 0.833000004 0.0960000008
v -0.273000002 0.838999987 0.0960000008
v -0.273000002 0.838999987 -0.131999999
v 0.00899999961 0.823000014 -0.131999999
v 0.00899999961 0.823000014 0.0960000008
v 0.00300000003 0.816999972 0.0960000008
v 0.00300000003 0.816999972 -0.131999999
v 0.00300000003 0.838999987 -0.131999999
v 0.00300000003 0.838999987 0.0960000008
v 0.00899999961 0.833000004 0.0960000008
v 0.00899999961 0.833000004 -0.131999999
v -0.273000002 0.823000014 -0.137999997
v -0.273000002 0.816999972 -0.131999999
v -0.279000014 0.823000014 -0.131999999
v -0.279000014 0.823000014 0.0960000008
v -0.273000002 0.816999972 0.0960000008
v -0.273000002 0.823000014 0.101999998
v -0.279000014 0.833000004 -0.131999999
v -0.273000002 0.838999987 -0.131999999
v -0.273000002 0.833000004 -0.137999997
v -0.273000002 0.833000004 0.101999998
v -0.273000002 0.838999987 0.0960000008
v -0.279000014 0.833000004 0.0960000008
v 0.00899999961 0.823000014 -0.131999999
v 0.00300000003 0.816999972 -0.131999999
v 0.00300000003 0.823000014 -0.137999997
v 0.00300000003 0.823000014 0.101999998
v 0.00300000003 0.816999972 0.0960000008
v 0.00899999961 0.823000014 0.0960000008
v 0.00300000003 0.833000004 -0.137999997
v 0.00300000003 0.838999987 -0.131999999
v 0.00899999961 0.833000004 -0.131999999
v 0.00899999961 0.833000004 0.0960000008
v 0.00300000003 0.838999987 0.0960000008
v 0.00300000003 0.833000004 0.101999998
v -0.275000006 0.842499971 -0.137500003
v -0.275000006 0.859499991 -0.137500003
v -0.275000006 0.859499991 -0.140499994
v -0.275000006 0.842499971 -0.140499994
v 0.00499999989 0.842499971 -0.140499994
v 0.00499999989 0.859499991 -0.140499994
v 0.00499999989 0.859499991 -0.137500003
v 0.00499999989 0.842499971 -0.137500003
v -0.270999998 0.838500023 -0.140499994
v 0.00100000005 0.838500023 -0.140499994
v 0.00100000005 0.838500023 -0.137500003
v -0.270999998 0.838500023 -0.137500003
v -0.270999998 0.863499999 -0.137500003
v 0.00100000005 0.863499999 -0.137500003
v 0.00100000005 0.863499999 -0.140499994
v -0.270999998 0.863499999 -0.140499994
v -0.270999998 0.859499991 -0.144500002
v 0.00100000005 0.859499991 -0.144500002
v 0.00100000005 0.842499971 -0.144500002
v -0.270999998 0.842499971 -0.144500002
v -0.270999998 0.842499971 -0.133499995
v 0.00100000005 0.842499971 -0.133499995
v 0.00100000005 0.859499991 -0.133499995
v -0.270999998 0.859499991 -0.133499995
v -0.270999998 0.842499971 -0.144500002
v 0.00100000005 0.842499971 -0.144500002
v 0.00100000005 0.838500023 -0.140499994
v -0.270999998 0.838500023 -0.140499994
v -0.270999998 0.838500023 -0.137500003
v 0.00100000005 0.838500023 -0.137500003
v 0.00100000005 0.842499971 -0.133499995
v -0.270999998 0.842499971 -0.133499995
v -0.270999998 0.863499999 -0.140499994
v 0.00100000005 0.863499999 -0.140499994
v 0.00100000005 0.859499991 -0.144500002
v -0.270999998 0.859499991 -0.144500002
v -0.270999998 0.859499991 -0.133499995
v 0.00100000005 0.859499991 -0.133499995
v 0.00100000005 0.863499999 -0.137500003
v -0.270999998 0.863499999 -0.137500003
v -0.275000006 0.842499971 -0.140499994
v -0.275000006 0.859499991 -0.140499994
v -0.270999998 0.859499991 -0.144500002
v -0.270999998 0.842499971 -0.144500002
v -0.270999998 0.842499971 -0.133499995
v -0.270999998 0.859499991 -0.133499995
v -0.275000006 0.859499991 -0.137500003
v -0.275000006 0.842499971 -0.137500003
v 0.00100000005 0.842499971 -0.144500002
v 0.00100000005 0.859499991 -0.144500002
v 0.00499999989 0.859499991 -0.140499994
v 0.00499999989 0.842499971 -0.140499994
v 0.00499999989 0.842499971 -0.137500003
v 0.00499999989 0.859499991 -0.137500003
v 0.00100000005 0.859499991 -0.133499995
v 0.00100000005 0.842499971 -0.133499995
v -0.270999998 0.838500023 -0.140499994
v -0.270999998 0.838500023 -0.137500003
v -0.275000006 0.842499971 -0.137500003
v -0.275000006 0.842499971 -0.140499994
v -0.275000006 0.859499991 -0.140499994
v -0.275000006 0.859499991 -0.137500003
v -0.270999998 0.863499999 -0.137500003
v -0.270999998 0.863499999 -0.140499994
v 0.00499999989 0.842499971 -0.140499994
v 0.00499999989 0.842499971 -0.137500003
v 0.00100000005 0.838500023 -0.137500003
v 0.00100000005 0.838500023 -0.140499994
v 0.00100000005 0.863499999 -0.140499994
v 0.00100000005 0.863499999 -0.137500003
v 0.00499999989 0.859499991 -0.137500003
v 0.00499999989 0.859499991 -0.140499994
v -0.270999998 0.842499971 -0.144500002
v -0.270999998 0.838500023 -0.140499994
v -0.275000006 0.842499971 -0.140499994
v -0.275000006 0.842499971 -0.137500003
v -0.270999998 0.838500023 -0.137500003
v -0.270999998 0.842499971 -0.133499995
v -0.275000006 0.859499991 -0.140499994
v -0.270999998 0.863499999 -0.140499994
v -0.270999998 0.859499991 -0.144500002
v -0.270999998 0.859499991 -0.133499995
v -0.270999998 0.863499999 -0.137500003
v -0.275000006 0.859499991 -0.137500003
v 0.00499999989 0.842499971 -0.140499994
v 0.00100000005 0.838500023 -0.140499994
v 0.00100000005 0.842499971 -0.144500002
v 0.00100000005 0.842499971 -0.133499995
v 0.00100000005 0.838500023 -0.137500003
v 0.00499999989 0.842499971 -0.137500003
v 0.00100000005 0.859499991 -0.144500002
v 0.00100000005 0.863499999 -0.140499994
v 0.00499999989 0.859499991 -0.140499994
v 0.00499999989 0.859499991 -0.137500003
v 0.00100000005 0.863499999 -0.137500003
v 0.00100000005 0.859499991 -0.133499995
v -0.275000006 0.842499971 0.104500003
v -0.275000006 0.859499991 0.104500003
v -0.275000006 0.859499991 0.101499997
v -0.275000006 0.842499971 0.101499997
v 0.00499999989 0.842499971 0.101499997
v 0.00499999989 0.859499991 0.101499997
v 0.00499999989 0.859499991 0.104500003
v 0.00499999989 0.842499971 0.104500003
v -0.270999998 0.838500023 0.101499997
v 0.00100000005 0.838500023 0.101499997
v 0.00100000005 0.838500023 0.104500003
v -0.270999998 0.838500023 0.104500003
v -0.270999998 0.863499999 0.104500003
v 0.00100000005 0.863499999 0.104500003
v 0.00100000005 0.863499999 0.101499997
v -0.270999998 0.863499999 0.101499997
v -0.270999998 0.859499991 0.0974999964
v 0.00100000005 0.859499991 0.0974999964
v 0.00100000005 0.842499971 0.0974999964
v -0.270999998 0.842499971 0.0974999964
v -0.270999998 0.842499971 0.108499996
v 0.00100000005 0.842499971 0.108499996
v 0.00100000005 0.859499991 0.108499996
v -0.270999998 0.859499991 0.108499996
v -0.270999998 0.842499971 0.0974999964
v 0.00100000005 0.842499971 0.0974999964
v 0.00100000005 0.838500023 0.101499997
v -0.270999998 0.838500023 0.101499997
v -0.270999998 0.838500023 0.104500003
v 0.00100000005 0.838500023 0.104500003
v 0.00100000005 0.842499971 0.108499996
v -0.270999998 0.842499971 0.108499996
v -0.270999998 0.863499999 0.101499997
v 0.00100000005 0.863499999 0.101499997
v 0.00100000005 0.859499991 0.0974999964
v -0.270999998 0.859499991 0.0974999964
v -0.270999998 0.859499991 0.108499996
v 0.00100000005 0.859499991 0.108499996
v 0.00100000005 0.863499999 0.104500003
v -0.270999998 0.863499999 0.104500003
v -0.275000006 0.842499971 0.101499997
v -0.275000006 0.859499991 0.101499997
v -0.270999998 0.859499991 0.0974999964
v -0.270999998 0.842499971 0.0974999964
v -0.270999998 0.842499971 0.108499996
v -0.270999998 0.859499991 0.108499996
v -0.275000006 0.859499991 0.104500003
v -0.275000006 0.842499971 0.104500003
v 0.00100000005 0.842499971 0.0974999964
v 0.00100000005 0.859499991 0.0974999964
v 0.00499999989 0.859499991 0.101499997
v 0.00499999989 0.842499971 0.101499997
v 0.00499999989 0.842499971 0.104500003
v 0.00499999989 0.859499991 0.104500003
v 0.00100000005 0.859499991 0.108499996
v 0.00100000005 0.842499971 0.108499996
v -0.270999998 0.838500023 0.101499997
v -0.270999998 0.838500023 0.104500003
v -0.275000006 0.842499971 0.104500003
v -0.275000006 0.842499971 0.101499997
v -0.275000006 0.859499991 0.101499997
v -0.275000006 0.859499991 0.104500003
v -0.270999998 0.863499999 0.104500003
v -0.270999998 0.863499999 0.101499997
v 0.00499999989 0.842499971 0.101499997
v 0.00499999989 0.842499971 0.104500003
v 0.00100000005 0.838500023 0.104500003
v 0.00100000005 0.838500023 0.101499997
v 0.00100000005 0.863499999 0.101499997
v 0.00100000005 0.863499999 0.104500003
v 0.00499999989 0.859499991 0.104500003
v 0.00499999989 0.859499991 0.101499997
v -0.270999998 0.842499971 0.0974999964
v -0.270999998 0.838500023 0.101499997
v -0.275000006 0.842499971 0.101499997
v -0.275000006 0.842499971 0.104500003
v -0.270999998 0.838500023 0.104500003
v -0.270999998 0.842499971 0.108499996
v -0.275000006 0.859499991 0.101499997
v -0.270999998 0.863499999 0.101499997
v -0.270999998 0.859499991 0.0974999964
v -0.270999998 0.859499991 0.108499996
v -0.270999998 0.863499999 0.104500003
v -0.275000006 0.859499991 0.104500003
v 0.00499999989 0.842499971 0.101499997
v 0.00100000005 0.838500023 0.101499997
v 0.00100000005 0.842499971 0.0974999964
v 0.00100000005 0.842499971 0.108499996
v 0.00100000005 0.838500023 0.104500003
v 0.00499999989 0.842499971 0.104500003
v 0.00100000005 0.859499991 0.0974999964
v 0.00100000005 0.863499999 0.101499997
v 0.00499999989 0.859499991 0.101499997
v 0.00499999989 0.859499991 0.104500003
v 0.00100000005 0.863499999 0.104500003
v 0.00100000005 0.859499991 0.108499996
v -0.279500008 0.842499971 0.0930000022
v -0.279500008 0.859499991 0.0930000022
v -0.279500008 0.859499991 -0.128999993
v -0.279500008 0.842499971 -0.128999993
v -0.2685 0.842499971 -0.128999993
v -0.2685 0.859499991 -0.128999993
v -0.2685 0.859499991 0.0930000022
v -0.2685 0.842499971 0.0930000022
v -0.2755 0.838500023 -0.128999993
v -0.272500008 0.838500023 -0.128999993
v -0.272500008 0.838500023 0.0930000022
v -0.2755 0.838500023 0.0930000022
v -0.2755 0.863499999 0.0930000022
v -0.272500008 0.863499999 0.0930000022
v -0.272500008 0.863499999 -0.128999993
v -0.2755 0.863499999 -0.128999993
v -0.2755 0.859499991 -0.133000001
v -0.272500008 0.859499991 -0.133000001
v -0.272500008 0.842499971 -0.133000001
v -0.2755 0.842499971 -0.133000001
v -0.2755 0.842499971 0.0970000029
v -0.272500008 0.842499971 0.0970000029
v -0.272500008 0.859499991 0.0970000029
v -0.2755 0.859499991 0.0970000029
v -0.2755 0.842499971 -0.133000001
v -0.272500008 0.842499971 -0.133000001
v -0.272500008 0.838500023 -0.128999993
v -0.2755 0.838500023 -0.128999993
v -0.2755 0.838500023 0.0930000022
v -0.272500008 0.838500023 0.0930000022
v -0.272500008 0.842499971 0.0970000029
v -0.2755 0.842499971 0.0970000029
v -0.2755 0.863499999 -0.128999993
v -0.272500008 0.863499999 -0.128999993
v -0.272500008 0.859499991 -0.133000001
v -0.2755 0.859499991 -0.133000001
v -0.2755 0.859499991 0.0970000029
v -0.272500008 0.859499991 0.0970000029
v -0.272500008 0.863499999 0.0930000022
v -0.2755 0.863499999 0.0930000022
v -0.279500008 0.842499971 -0.128999993
v -0.279500008 0.859499991 -0.128999993
v -0.2755 0.859499991 -0.133000001
v -0.2755 0.842499971 -0.133000001
v -0.2755 0.842499971 0.0970000029
v -0.2755 0.859499991 0.0970000029
v -0.279500008 0.859499991 0.0930000022
v -0.279500008 0.842499971 0.0930000022
v -0.272500008 0.842499971 -0.133000001
v -0.272500008 0.859499991 -0.133000001
v -0.2685 0.859499991 -0.128999993
v -0.2685 0.842499971 -0.128999993
v -0.2685 0.842499971 0.0930000022
v -0.2685 0.859499991 0.0930000022
v -0.272500008 0.859499991 0.0970000029
v -0.272500008 0.842499971 0.0970000029
v -0.2755 0.838500023 -0.128999993
v -0.2755 0.838500023 0.0930000022
v -0.279500008 0.842499971 0.0930000022
v -0.279500008 0.842499971 -0.128999993
v -0.279500008 0.859499991 -0.128999993
v -0.279500008 0.859499991 0.0930000022
v -0.2755 0.863499999 0.0930000022
v -0.2755 0.863499999 -0.128999993
v -0.2685 0.842499971 -0.128999993
v -0.2685 0.842499971 0.0930000022
v -0.272500008 0.838500023 0.0930000022
v -0.272500008 0.838500023 -0.128999993
v -0.272500008 0.863499999 -0.128999993
v -0.272500008 0.863499999 0.0930000022
v -0.2685 0.859499991 0.0930000022
v -0.2685 0.859499991 -0.128999993
v -0.2755 0.842499971 -0.133000001
v -0.2755 0.838500023 -0.128999993
v -0.279500008 0.842499971 -0.128999993
v -0.279500008 0.842499971 0.0930000022
v -0.2755 0.838500023 0.0930000022
v -0.2755 0.842499971 0.0970000029
v -0.279500008 0.859499991 -0.128999993
v -0.2755 0.863499999 -0.128999993
v -0.2755 0.859499991 -0.133000001
v -0.2755 0.859499991 0.0970000029
v -0.2755 0.863499999 0.0930000022
v -0.279500008 0.859499991 0.0930000022
v -0.2685 0.842499971 -0.128999993
v -0.272500008 0.838500023 -0.128999993
v -0.272500008 0.842499971 -0.133000001
v -0.272500008 0.842499971 0.0970000029
v -0.272500008 0.838500023 0.0930000022
v -0.2685 0.842499971 0.0930000022
v -0.272500008 0.859499991 -0.133000001
v -0.272500008 0.863499999 -0.128999993
v -0.2685 0.859499991 -0.128999993
v -0.2685 0.859499991 0.0930000022
v -0.272500008 0.863499999 0.0930000022
v -0.272500008 0.859499991 0.0970000029
v -0.00150000001 0.842499971 0.0930000022
v -0.00150000001 0.859499991 0.0930000022
v -0.00150000001 0.859499991 -0.128999993
v -0.00150000001 0.842499971 -0.128999993
v 0.00949999969 0.842499971 -0.128999993
v 0.00949999969 0.859499991 -0.128999993
v 0.00949999969 0.859499991 0.0930000022
v 0.00949999969 0.842499971 0.0930000022
v 0.00249999994 0.838500023 -0.128999993
v 0.00549999997 0.838500023 -0.128999993
v 0.00549999997 0.838500023 0.0930000022
v 0.00249999994 0.838500023 0.0930000022
v 0.00249999994 0.863499999 0.0930000022
v 0.00549999997 0.863499999 0.0930000022
v 0.00549999997 0.863499999 -0.128999993
v 0.00249999994 0.863499999 -0.128999993
v 0.00249999994 0.859499991 -0.133000001
v 0.00549999997 0.859499991 -0.133000001
v 0.00549999997 0.842499971 -0.133000001
v 0.00249999994 0.842499971 -0.133000001
v 0.00249999994 0.842499971 0.0970000029
v 0.00549999997 0.842499971 0.0970000029
v 0.00549999997 0.859499991 0.0970000029
v 0.00249999994 0.859499991 0.0970000029
v 0.00249999994 0.842499971 -0.133000001
v 0.00549999997 0.842499971 -0.133000001
v 0.00549999997 0.838500023 -0.128999993
v 0.00249999994 0.838500023 -0.128999993
v 0.00249999994 0.838500023 0.0930000022
v 0.00549999997 0.838500023 0.0930000022
v 0.00549999997 0.842499971 0.0970000029
v 0.00249999994 0.842499971 0.0970000029
v 0.00249999994 0.863499999 -0.128999993
v 0.00549999997 0.863499999 -0.128999993
v 0.00549999997 0.859499991 -0.133000001
v 0.00249999994 0.859499991 -0.133000001
v 0.00249999994 0.859499991 0.0970000029
v 0.00549999997 0.859499991 0.0970000029
v 0.00549999997 0.863499999 0.0930000022
v 0.00249999994 0.863499999 0.0930000022
v -0.00150000001 0.842499971 -0.128999993
v -0.00150000001 0.859499991 -0.128999993
v 0.00249999994 0.859499991 -0.133000001
v 0.00249999994 0.842499971 -0.133000001
v 0.00249999994 0.842499971 0.0970000029
v 0.00249999994 0.859499991 0.0970000029
v -0.00150000001 0.859499991 0.0930000022
v -0.00150000001 0.842499971 0.0930000022
v 0.00549999997 0.842499971 -0.133000001
v 0.00549999997 0.859499991 -0.133000001
v 0.00949999969 0.859499991 -0.128999993
v 0.00949999969 0.842499971 -0.128999993
v 0.00949999969 0.842499971 0.0930000022
v 0.00949999969 0.859499991 0.0930000022
v 0.00549999997 0.859499991 0.0970000029
v 0.00549999997 0.842499971 0.0970000029
v 0.00249999994 0.838500023 -0.128999993
v 0.00249999994 0.838500023 0.0930000022
v -0.00150000001 0.842499971 0.0930000022
v -0.00150000001 0.842499971 -0.128999993
v -0.00150000001 0.859499991 -0.128999993
v -0.00150000001 0.859499991 0.0930000022
v 0.00249999994 0.863499999 0.0930000022
v 0.00249999994 0.863499999 -0.128999993
v 0.00949999969 0.842499971 -0.128999993
v 0.00949999969 0.842499971 0.0930000022
v 0.00549999997 0.838500023 0.0930000022
v 0.00549999997 0.838500023 -0.128999993
v 0.00549999997 0.863499999 -0.128999993
v 0.00549999997 0.863499999 0.0930000022
v 0.00949999969 0.859499991 0.0930000022
v 0.00949999969 0.859499991 -0.128999993
v 0.00249999994 0.842499971 -0.133000001
v 0.00249999994 0.838500023 -0.128999993
v -0.00150000001 0.842499971 -0.128999993
v -0.00150000001 0.842499971 0.0930000022
v 0.00249999994 0.838500023 0.0930000022
v 0.00249999994 0.842499971 0.0970000029
v -0.00150000001 0.859499991 -0.128999993
v 0.00249999994 0.863499999 -0.128999993
v 0.00249999994 0.859499991 -0.133000001
v 0.00249999994 0.859499991 0.0970000029
v 0.00249999994 0.863499999 0.0930000022
v -0.00150000001 0.859499991 0.0930000022
v 0.00949999969 0.842499971 -0.128999993
v 0.00549999997 0.838500023 -0.128999993
v 0.00549999997 0.842499971 -0.133000001
v 0.00549999997 0.842499971 0.0970000029
v 0.00549999997 0.838500023 0.0930000022
v 0.00949999969 0.842499971 0.0930000022
v 0.00549999997 0.859499991 -0.133000001
v 0.00549999997 0.863499999 -0.128999993
v 0.00949999969 0.859499991 -0.128999993
v 0.00949999969 0.859499991 0.0930000022
v 0.00549999997 0.863499999 0.0930000022
v 0.00549999997 0.859499991 0.0970000029
v -0.344999999 0.00999999978 -0.200000003
v -0.337000012 0 -0.200000003
v -0.337000012 0.00449110987 -0.177421674
v -0.344999999 0.0137299001 -0.181248516
v -0.344999999 0.0137299001 -0.181248516
v -0.337000012 0.00449110987 -0.177421674
v -0.337000012 0.0172806997 -0.1582807
v -0.344999999 0.0243517701 -0.165351763
v -0.344999999 0.0243517701 -0.165351763
v -0.337000012 0.0172806997 -0.1582807
v -0.337000012 0.036421679 -0.145491108
v -0.344999999 0.0402485095 -0.154729903
v -0.344999999 0.0402485095 -0.154729903
v -0.337000012 0.036421679 -0.145491108
v -0.337000012 0.0590000004 -0.141000003
v -0.344999999 0.0590000004 -0.150999993
v -0.344999999 0.0590000004 -0.150999993
v -0.337000012 0.0590000004 -0.141000003
v -0.337000012 0.0815783218 -0.145491108
v -0.344999999 0.0777514875 -0.154729903
v -0.344999999 0.0777514875 -0.154729903
v -0.337000012 0.0815783218 -0.145491108
v -0.337000012 0.100719303 -0.1582807
v -0.344999999 0.0936482325 -0.165351763
v -0.344999999 0.0936482325 -0.165351763
v -0.337000012 0.100719303 -0.1582807
v -0.337000012 0.113508888 -0.177421674
v -0.344999999 0.104270101 -0.181248516
v -0.344999999 0.104270101 -0.181248516
v -0.337000012 0.113508888 -0.177421674
v -0.337000012 0.118000001 -0.200000003
v -0.344999999 0.108000003 -0.200000003
v -0.344999999 0.108000003 -0.200000003
v -0.337000012 0.118000001 -0.200000003
v -0.337000012 0.113508888 -0.222578317
v -0.344999999 0.104270101 -0.21875149
v -0.344999999 0.104270101 -0.21875149
v -0.337000012 0.113508888 -0.222578317
v -0.337000012 0.100719303 -0.241719306
v -0.344999999 0.0936482325 -0.234648228
v -0.344999999 0.0936482325 -0.234648228
v -0.337000012 0.100719303 -0.241719306
v -0.337000012 0.0815783218 -0.254508883
v -0.344999999 0.0777514875 -0.245270103
v -0.344999999 0.0777514875 -0.245270103
v -0.337000012 0.0815783218 -0.254508883
v -0.337000012 0.0590000004 -0.259000003
v -0.344999999 0.0590000004 -0.248999998
v -0.344999999 0.0590000004 -0.248999998
v -0.337000012 0.0590000004 -0.259000003
v -0.337000012 0.036421679 -0.254508883
v -0.344999999 0.0402485095 -0.245270103
v -0.344999999 0.0402485095 -0.245270103
v -0.337000012 0.036421679 -0.254508883
v -0.337000012 0.0172806997 -0.241719306
v -0.344999999 0.0243517701 -0.234648228
v -0.344999999 0.0243517701 -0.234648228
v -0.337000012 0.0172806997 -0.241719306
v -0.337000012 0.00449110987 -0.222578317
v -0.344999999 0.0137299001 -0.21875149
v -0.344999999 0.0137299001 -0.21875149
v -0.337000012 0.00449110987 -0.222578317
v -0.337000012 0 -0.200000003
v -0.344999999 0.00999999978 -0.200000003
v -0.337000012 0 -0.200000003
v -0.303000003 0 -0.200000003
v -0.303000003 0.00449110987 -0.177421674
v -0.337000012 0.00449110987 -0.177421674
v -0.303000003 0.0172806997 -0.1582807
v -0.337000012 0.0172806997 -0.1582807
v -0.303000003 0.036421679 -0.145491108
v -0.337000012 0.036421679 -0.145491108
v -0.303000003 0.0590000004 -0.141000003
v -0.337000012 0.0590000004 -0.141000003
v -0.303000003 0.0815783218 -0.145491108
v -0.337000012 0.0815783218 -0.145491108
v -0.303000003 0.100719303 -0.1582807
v -0.337000012 0.100719303 -0.1582807
v -0.303000003 0.113508888 -0.177421674
v -0.337000012 0.113508888 -0.177421674
v -0.303000003 0.118000001 -0.200000003
v -0.337000012 0.118000001 -0.200000003
v -0.303000003 0.113508888 -0.222578317
v -0.337000012 0.113508888 -0.222578317
v -0.303000003 0.100719303 -0.241719306
v -0.337000012 0.100719303 -0.241719306
v -0.303000003 0.0815783218 -0.254508883
v -0.337000012 0.0815783218 -0.254508883
v -0.303000003 0.0590000004 -0.259000003
v -0.337000012 0.0590000004 -0.259000003
v -0.303000003 0.036421679 -0.254508883
v -0.337000012 0.036421679 -0.254508883
v -0.303000003 0.0172806997 -0.241719306
v -0.337000012 0.0172806997 -0.241719306
v -0.303000003 0.00449110987 -0.222578317
v -0.337000012 0.00449110987 -0.222578317
v -0.303000003 0 -0.200000003
v -0.337000012 0 -0.200000003
v -0.303000003 0 -0.200000003
v -0.294999987 0.00999999978 -0.200000003
v -0.294999987 0.0137299001 -0.181248516
v -0.303000003 0.00449110987 -0.177421674
v -0.303000003 0.00449110987 -0.177421674
v -0.294999987 0.0137299001 -0.181248516
v -0.294999987 0.0243517701 -0.165351763
v -0.303000003 0.0172806997 -0.1582807
v -0.303000003 0.0172806997 -0.1582807
v -0.294999987 0.0243517701 -0.165351763
v -0.294999987 0.0402485095 -0.154729903
v -0.303000003 0.036421679 -0.145491108
v -0.303000003 0.036421679 -0.145491108
v -0.294999987 0.0402485095 -0.154729903
v -0.294999987 0.0590000004 -0.150999993
v -0.303000003 0.0590000004 -0.141000003
v -0.303000003 0.0590000004 -0.141000003
v -0.294999987 0.0590000004 -0.150999993
v -0.294999987 0.0777514875 -0.154729903
v -0.303000003 0.0815783218 -0.145491108
v -0.303000003 0.0815783218 -0.145491108
v -0.294999987 0.0777514875 -0.154729903
v -0.294999987 0.0936482325 -0.165351763
v -0.303000003 0.100719303 -0.1582807
v -0.303000003 0.100719303 -0.1582807
v -0.294999987 0.0936482325 -0.165351763
v -0.294999987 0.104270101 -0.181248516
v -0.303000003 0.113508888 -0.177421674
v -0.303000003 0.113508888 -0.177421674
v -0.294999987 0.104270101 -0.181248516
v -0.294999987 0.108000003 -0.200000003
v -0.303000003 0.118000001 -0.200000003
v -0.303000003 0.118000001 -0.200000003
v -0.294999987 0.108000003 -0.200000003
v -0.294999987 0.104270101 -0.21875149
v -0.303000003 0.113508888 -0.222578317
v -0.303000003 0.113508888 -0.222578317
v -0.294999987 0.104270101 -0.21875149
v -0.294999987 0.0936482325 -0.234648228
v -0.303000003 0.100719303 -0.241719306
v -0.303000003 0.100719303 -0.241719306
v -0.294999987 0.0936482325 -0.234648228
v -0.294999987 0.0777514875 -0.245270103
v -0.303000003 0.0815783218 -0.254508883
v -0.303000003 0.0815783218 -0.254508883
v -0.294999987 0.0777514875 -0.245270103
v -0.294999987 0.0590000004 -0.248999998
v -0.303000003 0.0590000004 -0.259000003
v -0.303000003 0.0590000004 -0.259000003
v -0.294999987 0.0590000004 -0.248999998
v -0.294999987 0.0402485095 -0.245270103
v -0.303000003 0.036421679 -0.254508883
v -0.303000003 0.036421679 -0.254508883
v -0.294999987 0.0402485095 -0.245270103
v -0.294999987 0.0243517701 -0.234648228
v -0.303000003 0.0172806997 -0.241719306
v -0.303000003 0.0172806997 -0.241719306
v -0.294999987 0.0243517701 -0.234648228
v -0.294999987 0.0137299001 -0.21875149
v -0.303000003 0.00449110987 -0.222578317
v -0.303000003 0.00449110987 -0.222578317
v -0.294999987 0.0137299001 -0.21875149
v -0.294999987 0.00999999978 -0.200000003
v -0.303000003 0 -0.200000003
v -0.344999999 0.00999999978 -0.200000003
v -0.344999999 0.0137299001 -0.181248516
v -0.344999999 0.0243517701 -0.165351763
v -0.344999999 0.0402485095 -0.154729903
v -0.344999999 0.0590000004 -0.150999993
v -0.344999999 0.0777514875 -0.154729903
v -0.344999999 0.0936482325 -0.165351763
v -0.344999999 0.104270101 -0.181248516
v -0.344999999 0.108000003 -0.200000003
v -0.344999999 0.104270101 -0.21875149
v -0.344999999 0.0936482325 -0.234648228
v -0.344999999 0.0777514875 -0.245270103
v -0.344999999 0.0590000004 -0.248999998
v -0.344999999 0.0402485095 -0.245270103
v -0.344999999 0.0243517701 -0.234648228
v -0.344999999 0.0137299001 -0.21875149
v -0.294999987 0.0137299001 -0.21875149
v -0.294999987 0.0243517701 -0.234648228
v -0.294999987 0.0402485095 -0.245270103
v -0.294999987 0.0590000004 -0.248999998
v -0.294999987 0.0777514875 -0.245270103
v -0.294999987 0.0936482325 -0.234648228
v -0.294999987 0.104270101 -0.21875149
v -0.294999987 0.108000003 -0.200000003
v -0.294999987 0.104270101 -0.181248516
v -0.294999987 0.0936482325 -0.165351763
v -0.294999987 0.0777514875 -0.154729903
v -0.294999987 0.0590000004 -0.150999993
v -0.294999987 0.0402485095 -0.154729903
v -0.294999987 0.0243517701 -0.165351763
v -0.294999987 0.0137299001 -0.181248516
v -0.294999987 0.00999999978 -0.200000003
v -0.344999999 0.00999999978 0.200000003
v -0.337000012 0 0.200000003
v -0.337000012 0.00449110987 0.222578317
v -0.344999999 0.0137299001 0.21875149
v -0.344999999 0.0137299001 0.21875149
v -0.337000012 0.00449110987 0.222578317
v -0.337000012 0.0172806997 0.241719306
v -0.344999999 0.0243517701 0.234648228
v -0.344999999 0.0243517701 0.234648228
v -0.337000012 0.0172806997 0.241719306
v -0.337000012 0.036421679 0.254508883
v -0.344999999 0.0402485095 0.245270103
v -0.344999999 0.0402485095 0.245270103
v -0.337000012 0.036421679 0.254508883
v -0.337000012 0.0590000004 0.259000003
v -0.344999999 0.0590000004 0.248999998
v -0.344999999 0.0590000004 0.248999998
v -0.337000012 0.0590000004 0.259000003
v -0.337000012 0.0815783218 0.254508883
v -0.344999999 0.0777514875 0.245270103
v -0.344999999 0.0777514875 0.245270103
v -0.337000012 0.0815783218 0.254508883
v -0.337000012 0.100719303 0.241719306
v -0.344999999 0.0936482325 0.234648228
v -0.344999999 0.0936482325 0.234648228
v -0.337000012 0.100719303 0.241719306
v -0.337000012 0.113508888 0.222578317
v -0.344999999 0.104270101 0.21875149
v -0.344999999 0.104270101 0.21875149
v -0.337000012 0.113508888 0.222578317
v -0.337000012 0.118000001 0.200000003
v -0.344999999 0.108000003 0.200000003
v -0.344999999 0.108000003 0.200000003
v -0.337000012 0.118000001 0.200000003
v -0.337000012 0.113508888 0.177421674
v -0.344999999 0.104270101 0.181248516
v -0.344999999 0.104270101 0.181248516
v -0.337000012 0.113508888 0.177421674
v -0.337000012 0.100719303 0.1582807
v -0.344999999 0.0936482325 0.165351763
v -0.344999999 0.0936482325 0.165351763
v -0.337000012 0.100719303 0.1582807
v -0.337000012 0.0815783218 0.145491108
v -0.344999999 0.0777514875 0.154729903
v -0.344999999 0.0777514875 0.154729903
v -0.337000012 0.0815783218 0.145491108
v -0.337000012 0.0590000004 0.141000003
v -0.344999999 0.0590000004 0.150999993
v -0.344999999 0.0590000004 0.150999993
v -0.337000012 0.0590000004 0.141000003
v -0.337000012 0.036421679 0.145491108
v -0.344999999 0.0402485095 0.154729903
v -0.344999999 0.0402485095 0.154729903
v -0.337000012 0.036421679 0.145491108
v -0.337000012 0.0172806997 0.1582807
v -0.344999999 0.0243517701 0.165351763
v -0.344999999 0.0243517701 0.165351763
v -0.337000012 0.0172806997 0.1582807
v -0.337000012 0.00449110987 0.177421674
v -0.344999999 0.0137299001 0.181248516
v -0.344999999 0.0137299001 0.181248516
v -0.337000012 0.00449110987 0.177421674
v -0.337000012 0 0.200000003
v -0.344999999 0.00999999978 0.200000003
v -0.337000012 0 0.200000003
v -0.303000003 0 0.200000003
v -0.303000003 0.00449110987 0.222578317
v -0.337000012 0.00449110987 0.222578317
v -0.303000003 0.0172806997 0.241719306
v -0.337000012 0.0172806997 0.241719306
v -0.303000003 0.036421679 0.254508883
v -0.337000012 0.036421679 0.254508883
v -0.303000003 0.0590000004 0.259000003
v -0.337000012 0.0590000004 0.259000003
v -0.303000003 0.0815783218 0.254508883
v -0.337000012 0.0815783218 0.254508883
v -0.303000003 0.100719303 0.241719306
v -0.337000012 0.100719303 0.241719306
v -0.303000003 0.113508888 0.222578317
v -0.337000012 0.113508888 0.222578317
v -0.303000003 0.118000001 0.200000003
v -0.337000012 0.118000001 0.200000003
v -0.303000003 0.113508888 0.177421674
v -0.337000012 0.113508888 0.177421674
v -0.303000003 0.100719303 0.1582807
v -0.337000012 0.100719303 0.1582807
v -0.303000003 0.0815783218 0.145491108
v -0.337000012 0.0815783218 0.145491108
v -0.303000003 0.0590000004 0.141000003
v -0.337000012 0.0590000004 0.141000003
v -0.303000003 0.036421679 0.145491108
v -0.337000012 0.036421679 0.145491108
v -0.303000003 0.0172806997 0.1582807
v -0.337000012 0.0172806997 0.1582807
v -0.303000003 0.00449110987 0.177421674
v -0.337000012 0.00449110987 0.177421674
v -0.303000003 0 0.200000003
v -0.337000012 0 0.200000003
v -0.303000003 0 0.200000003
v -0.294999987 0.00999999978 0.200000003
v -0.294999987 0.0137299001 0.21875149
v -0.303000003 0.00449110987 0.222578317
v -0.303000003 0.00449110987 0.222578317
v -0.294999987 0.0137299001 0.21875149
v -0.294999987 0.0243517701 0.234648228
v -0.303000003 0.0172806997 0.241719306
v -0.303000003 0.0172806997 0.241719306
v -0.294999987 0.0243517701 0.234648228
v -0.294999987 0.0402485095 0.245270103
v -0.303000003 0.036421679 0.254508883
v -0.303000003 0.036421679 0.254508883
v -0.294999987 0.0402485095 0.245270103
v -0.294999987 0.0590000004 0.248999998
v -0.303000003 0.0590000004 0.259000003
v -0.303000003 0.0590000004 0.259000003
v -0.294999987 0.0590000004 0.248999998
v -0.294999987 0.0777514875 0.245270103
v -0.303000003 0.0815783218 0.254508883
v -0.303000003 0.0815783218 0.254508883
v -0.294999987 0.0777514875 0.245270103
v -0.294999987 0.0936482325 0.234648228
v -0.303000003 0.100719303 0.241719306
v -0.303000003 0.100719303 0.241719306
v -0.294999987 0.0936482325 0.234648228
v -0.294999987 0.104270101 0.21875149
v -0.303000003 0.113508888 0.222578317
v -0.303000003 0.113508888 0.222578317
v -0.294999987 0.104270101 0.21875149
v -0.294999987 0.108000003 0.200000003
v -0.303000003 0.118000001 0.200000003
v -0.303000003 0.118000001 0.200000003
v -0.294999987 0.108000003 0.200000003
v -0.294999987 0.104270101 0.181248516
v -0.303000003 0.113508888 0.177421674
v -0.303000003 0.113508888 0.177421674
v -0.294999987 0.104270101 0.181248516
v -0.294999987 0.0936482325 0.165351763
v -0.303000003 0.100719303 0.1582807
v -0.303000003 0.100719303 0.1582807
v -0.294999987 0.0936482325 0.165351763
v -0.294999987 0.0777514875 0.154729903
v -0.303000003 0.0815783218 0.145491108
v -0.303000003 0.0815783218 0.145491108
v -0.294999987 0.0777514875 0.154729903
v -0.294999987 0.0590000004 0.150999993
v -0.303000003 0.0590000004 0.141000003
v -0.303000003 0.0590000004 0.141000003
v -0.294999987 0.0590000004 0.150999993
v -0.294999987 0.0402485095 0.154729903
v -0.303000003 0.036421679 0.145491108
v -0.303000003 0.036421679 0.145491108
v -0.294999987 0.0402485095 0.154729903
v -0.294999987 0.0243517701 0.165351763
v -0.303000003 0.0172806997 0.1582807
v -0.303000003 0.0172806997 0.1582807
v -0.294999987 0.0243517701 0.165351763
v -0.294999987 0.0137299001 0.181248516
v -0.303000003 0.00449110987 0.177421674
v -0.303000003 0.00449110987 0.177421674
v -0.294999987 0.0137299001 0.181248516
v -0.294999987 0.00999999978 0.200000003
v -0.303000003 0 0.200000003
v -0.344999999 0.00999999978 0.200000003
v -0.344999999 0.0137299001 0.21875149
v -0.344999999 0.0243517701 0.234648228
v -0.344999999 0.0402485095 0.245270103
v -0.344999999 0.0590000004 0.248999998
v -0.344999999 0.0777514875 0.245270103
v -0.344999999 0.0936482325 0.234648228
v -0.344999999 0.104270101 0.21875149
v -0.344999999 0.108000003 0.200000003
v -0.344999999 0.104270101 0.181248516
v -0.344999999 0.0936482325 0.165351763
v -0.344999999 0.0777514875 0.154729903
v -0.344999999 0.0590000004 0.150999993
v -0.344999999 0.0402485095 0.154729903
v -0.344999999 0.0243517701 0.165351763
v -0.344999999 0.0137299001 0.181248516
v -0.294999987 0.0137299001 0.181248516
v -0.294999987 0.0243517701 0.165351763
v -0.294999987 0.0402485095 0.154729903
v -0.294999987 0.0590000004 0.150999993
v -0.294999987 0.0777514875 0.154729903
v -0.294999987 0.0936482325 0.165351763
v -0.294999987 0.104270101 0.181248516
v -0.294999987 0.108000003 0.200000003
v -0.294999987 0.104270101 0.21875149
v -0.294999987 0.0936482325 0.234648228
v -0.294999987 0.0777514875 0.245270103
v -0.294999987 0.0590000004 0.248999998
v -0.294999987 0.0402485095 0.245270103
v -0.294999987 0.0243517701 0.234648228
v -0.294999987 0.0137299001 0.21875149
v -0.294999987 0.00999999978 0.200000003
v 0.294999987 0.00999999978 -0.200000003
v 0.303000003 0 -0.200000003
v 0.303000003 0.00449110987 -0.177421674
v 0.294999987 0.0137299001 -0.181248516
v 0.294999987 0.0137299001 -0.181248516
v 0.303000003 0.00449110987 -0.177421674
v 0.303000003 0.0172806997 -0.1582807
v 0.294999987 0.0243517701 -0.165351763
v 0.294999987 0.0243517701 -0.165351763
v 0.303000003 0.0172806997 -0.1582807
v 0.303000003 0.036421679 -0.145491108
v 0.294999987 0.0402485095 -0.154729903
v 0.294999987 0.0402485095 -0.154729903
v 0.303000003 0.036421679 -0.145491108
v 0.303000003 0.0590000004 -0.141000003
v 0.294999987 0.0590000004 -0.150999993
v 0.294999987 0.0590000004 -0.150999993
v 0.303000003 0.0590000004 -0.141000003
v 0.303000003 0.0815783218 -0.145491108
v 0.294999987 0.0777514875 -0.154729903
v 0.294999987 0.0777514875 -0.154729903
v 0.303000003 0.0815783218 -0.145491108
v 0.303000003 0.100719303 -0.1582807
v 0.294999987 0.0936482325 -0.165351763
v 0.294999987 0.0936482325 -0.165351763
v 0.303000003 0.100719303 -0.1582807
v 0.303000003 0.113508888 -0.177421674
v 0.294999987 0.104270101 -0.181248516
v 0.294999987 0.104270101 -0.181248516
v 0.303000003 0.113508888 -0.177421674
v 0.303000003 0.118000001 -0.200000003
v 0.294999987 0.108000003 -0.200000003
v 0.294999987 0.108000003 -0.200000003
v 0.303000003 0.118000001 -0.200000003
v 0.303000003 0.113508888 -0.222578317
v 0.294999987 0.104270101 -0.21875149
v 0.294999987 0.104270101 -0.21875149
v 0.303000003 0.113508888 -0.222578317
v 0.303000003 0.100719303 -0.241719306
v 0.294999987 0.0936482325 -0.234648228
v 0.294999987 0.0936482325 -0.234648228
v 0.303000003 0.100719303 -0.241719306
v 0.303000003 0.0815783218 -0.254508883
v 0.294999987 0.0777514875 -0.245270103
v 0.294999987 0.0777514875 -0.245270103
v 0.303000003 0.0815783218 -0.254508883
v 0.303000003 0.0590000004 -0.259000003
v 0.294999987 0.0590000004 -0.248999998
v 0.294999987 0.0590000004 -0.248999998
v 0.303000003 0.0590000004 -0.259000003
v 0.303000003 0.036421679 -0.254508883
v 0.294999987 0.0402485095 -0.245270103
v 0.294999987 0.0402485095 -0.245270103
v 0.303000003 0.036421679 -0.254508883
v 0.303000003 0.0172806997 -0.241719306
v 0.294999987 0.0243517701 -0.234648228
v 0.294999987 0.0243517701 -0.234648228
v 0.303000003 0.0172806997 -0.241719306
v 0.303000003 0.00449110987 -0.222578317
v 0.294999987 0.0137299001 -0.21875149
v 0.294999987 0.0137299001 -0.21875149
v 0.303000003 0.00449110987 -0.222578317
v 0.303000003 0 -0.200000003
v 0.294999987 0.00999999978 -0.200000003
v 0.303000003 0 -0.200000003
v 0.337000012 0 -0.200000003
v 0.337000012 0.00449110987 -0.177421674
v 0.303000003 0.00449110987 -0.177421674
v 0.337000012 0.0172806997 -0.1582807
v 0.303000003 0.0172806997 -0.1582807
v 0.337000012 0.036421679 -0.145491108
v 0.303000003 0.036421679 -0.145491108
v 0.337000012 0.0590000004 -0.141000003
v 0.303000003 0.0590000004 -0.141000003
v 0.337000012 0.0815783218 -0.145491108
v 0.303000003 0.0815783218 -0.145491108
v 0.337000012 0.100719303 -0.1582807
v 0.303000003 0.100719303 -0.1582807
v 0.337000012 0.113508888 -0.177421674
v 0.303000003 0.113508888 -0.177421674
v 0.337000012 0.118000001 -0.200000003
v 0.303000003 0.118000001 -0.200000003
v 0.337000012 0.113508888 -0.222578317
v 0.303000003 0.113508888 -0.222578317
v 0.337000012 0.100719303 -0.241719306
v 0.303000003 0.100719303 -0.241719306
v 0.337000012 0.0815783218 -0.254508883
v 0.303000003 0.0815783218 -0.254508883
v 0.337000012 0.0590000004 -0.259000003
v 0.303000003 0.0590000004 -0.259000003
v 0.337000012 0.036421679 -0.254508883
v 0.303000003 0.036421679 -0.254508883
v 0.337000012 0.0172806997 -0.241719306
v 0.303000003 0.0172806997 -0.241719306
v 0.337000012 0.00449110987 -0.222578317
v 0.303000003 0.00449110987 -0.222578317
v 0.337000012 0 -0.200000003
v 0.303000003 0 -0.200000003
v 0.337000012 0 -0.200000003
v 0.344999999 0.00999999978 -0.200000003
v 0.344999999 0.0137299001 -0.181248516
v 0.337000012 0.00449110987 -0.177421674
v 0.337000012 0.00449110987 -0.177421674
v 0.344999999 0.0137299001 -0.181248516
v 0.344999999 0.0243517701 -0.165351763
v 0.337000012 0.0172806997 -0.1582807
v 0.337000012 0.0172806997 -0.1582807
v 0.344999999 0.0243517701 -0.165351763
v 0.344999999 0.0402485095 -0.154729903
v 0.337000012 0.036421679 -0.145491108
v 0.337000012 0.036421679 -0.145491108
v 0.344999999 0.0402485095 -0.154729903
v 0.344999999 0.0590000004 -0.150999993
v 0.337000012 0.0590000004 -0.141000003
v 0.337000012 0.0590000004 -0.141000003
v 0.344999999 0.0590000004 -0.150999993
v 0.344999999 0.0777514875 -0.154729903
v 0.337000012 0.0815783218 -0.145491108
v 0.337000012 0.0815783218 -0.145491108
v 0.344999999 0.0777514875 -0.154729903
v 0.344999999 0.0936482325 -0.165351763
v 0.337000012 0.100719303 -0.1582807
v 0.337000012 0.100719303 -0.1582807
v 0.344999999 0.0936482325 -0.165351763
v 0.344999999 0.104270101 -0.181248516
v 0.337000012 0.113508888 -0.177421674
v 0.337000012 0.113508888 -0.177421674
v 0.344999999 0.104270101 -0.181248516
v 0.344999999 0.108000003 -0.200000003
v 0.337000012 0.118000001 -0.200000003
v 0.337000012 0.118000001 -0.200000003
v 0.344999999 0.108000003 -0.200000003
v 0.344999999 0.104270101 -0.21875149
v 0.337000012 0.113508888 -0.222578317
v 0.337000012 0.113508888 -0.222578317
v 0.344999999 0.104270101 -0.21875149
v 0.344999999 0.0936482325 -0.234648228
v 0.337000012 0.100719303 -0.241719306
v 0.337000012 0.100719303 -0.241719306
v 0.344999999 0.0936482325 -0.234648228
v 0.344999999 0.0777514875 -0.245270103
v 0.337000012 0.0815783218 -0.254508883
v 0.337000012 0.0815783218 -0.254508883
v 0.344999999 0.0777514875 -0.245270103
v 0.344999999 0.0590000004 -0.248999998
v 0.337000012 0.0590000004 -0.259000003
v 0.337000012 0.0590000004 -0.259000003
v 0.344999999 0.0590000004 -0.248999998
v 0.344999999 0.0402485095 -0.245270103
v 0.337000012 0.036421679 -0.254508883
v 0.337000012 0.036421679 -0.254508883
v 0.344999999 0.0402485095 -0.245270103
v 0.344999999 0.0243517701 -0.234648228
v 0.337000012 0.0172806997 -0.241719306
v 0.337000012 0.0172806997 -0.241719306
v 0.344999999 0.0243517701 -0.234648228
v 0.344999999 0.0137299001 -0.21875149
v 0.337000012 0.00449110987 -0.222578317
v 0.337000012 0.00449110987 -0.222578317
v 0.344999999 0.0137299001 -0.21875149
v 0.344999999 0.00999999978 -0.200000003
v 0.337000012 0 -0.200000003
v 0.294999987 0.00999999978 -0.200000003
v 0.294999987 0.0137299001 -0.181248516
v 0.294999987 0.0243517701 -0.165351763
v 0.294999987 0.0402485095 -0.154729903
v 0.294999987 0.0590000004 -0.150999993
v 0.294999987 0.0777514875 -0.154729903
v 0.294999987 0.0936482325 -0.165351763
v 0.294999987 0.104270101 -0.181248516
v 0.294999987 0.108000003 -0.200000003
v 0.294999987 0.104270101 -0.21875149
v 0.294999987 0.0936482325 -0.234648228
v 0.294999987 0.0777514875 -0.245270103
v 0.294999987 0.0590000004 -0.248999998
v 0.294999987 0.0402485095 -0.245270103
v 0.294999987 0.0243517701 -0.234648228
v 0.294999987 0.0137299001 -0.21875149
v 0.344999999 0.0137299001 -0.21875149
v 0.344999999 0.0243517701 -0.234648228
v 0.344999999 0.0402485095 -0.245270103
v 0.344999999 0.0590000004 -0.248999998
v 0.344999999 0.0777514875 -0.245270103
v 0.344999999 0.0936482325 -0.234648228
v 0.344999999 0.104270101 -0.21875149
v 0.344999999 0.108000003 -0.200000003
v 0.344999999 0.104270101 -0.181248516
v 0.344999999 0.0936482325 -0.165351763
v 0.344999999 0.0777514875 -0.154729903
v 0.344999999 0.0590000004 -0.150999993
v 0.344999999 0.0402485095 -0.154729903
v 0.344999999 0.0243517701 -0.165351763
v 0.344999999 0.0137299001 -0.181248516
v 0.344999999 0.00999999978 -0.200000003
v 0.294999987 0.00999999978 0.200000003
v 0.303000003 0 0.200000003
v 0.303000003 0.00449110987 0.222578317
v 0.294999987 0.0137299001 0.21875149
v 0.294999987 0.0137299001 0.21875149
v 0.303000003 0.00449110987 0.222578317
v 0.303000003 0.0172806997 0.241719306
v 0.294999987 0.0243517701 0.234648228
v 0.294999987 0.0243517701 0.234648228
v 0.303000003 0.0172806997 0.241719306
v 0.303000003 0.036421679 0.254508883
v 0.294999987 0.0402485095 0.245270103
v 0.294999987 0.0402485095 0.245270103
v 0.303000003 0.036421679 0.254508883
v 0.303000003 0.0590000004 0.259000003
v 0.294999987 0.0590000004 0.248999998
v 0.294999987 0.0590000004 0.248999998
v 0.303000003 0.0590000004 0.259000003
v 0.303000003 0.0815783218 0.254508883
v 0.294999987 0.0777514875 0.245270103
v 0.294999987 0.0777514875 0.245270103
v 0.303000003 0.0815783218 0.254508883
v 0.303000003 0.100719303 0.241719306
v 0.294999987 0.0936482325 0.234648228
v 0.294999987 0.0936482325 0.234648228
v 0.303000003 0.100719303 0.241719306
v 0.303000003 0.113508888 0.222578317
v 0.294999987 0.104270101 0.21875149
v 0.294999987 0.104270101 0.21875149
v 0.303000003 0.113508888 0.222578317
v 0.303000003 0.118000001 0.200000003
v 0.294999987 0.108000003 0.200000003
v 0.294999987 0.108000003 0.200000003
v 0.303000003 0.118000001 0.200000003
v 0.303000003 0.113508888 0.177421674
v 0.294999987 0.104270101 0.181248516
v 0.294999987 0.104270101 0.181248516
v 0.303000003 0.113508888 0.177421674
v 0.303000003 0.100719303 0.1582807
v 0.294999987 0.0936482325 0.165351763
v 0.294999987 0.0936482325 0.165351763
v 0.303000003 0.100719303 0.1582807
v 0.303000003 0.0815783218 0.145491108
v 0.294999987 0.0777514875 0.154729903
v 0.294999987 0.0777514875 0.154729903
v 0.303000003 0.0815783218 0.145491108
v 0.303000003 0.0590000004 0.141000003
v 0.294999987 0.0590000004 0.150999993
v 0.294999987 0.0590000004 0.150999993
v 0.303000003 0.0590000004 0.141000003
v 0.303000003 0.036421679 0.145491108
v 0.294999987 0.0402485095 0.154729903
v 0.294999987 0.0402485095 0.154729903
v 0.303000003 0.036421679 0.145491108
v 0.303000003 0.0172806997 0.1582807
v 0.294999987 0.0243517701 0.165351763
v 0.294999987 0.0243517701 0.165351763
v 0.303000003 0.0172806997 0.1582807
v 0.303000003 0.00449110987 0.177421674
v 0.294999987 0.0137299001 0.181248516
v 0.294999987 0.0137299001 0.181248516
v 0.303000003 0.00449110987 0.177421674
v 0.303000003 0 0.200000003
v 0.294999987 0.00999999978 0.200000003
v 0.303000003 0 0.200000003
v 0.337000012 0 0.200000003
v 0.337000012 0.00449110987 0.222578317
v 0.303000003 0.00449110987 0.222578317
v 0.337000012 0.0172806997 0.241719306
v 0.303000003 0.0172806997 0.241719306
v 0.337000012 0.036421679 0.254508883
v 0.303000003 0.036421679 0.254508883
v 0.337000012 0.0590000004 0.259000003
v 0.303000003 0.0590000004 0.259000003
v 0.337000012 0.0815783218 0.254508883
v 0.303000003 0.0815783218 0.254508883
v 0.337000012 0.100719303 0.241719306
v 0.303000003 0.100719303 0.241719306
v 0.337000012 0.113508888 0.222578317
v 0.303000003 0.113508888 0.222578317
v 0.337000012 0.118000001 0.200000003
v 0.303000003 0.118000001 0.200000003
v 0.337000012 0.113508888 0.177421674
v 0.303000003 0.113508888 0.177421674
v 0.337000012 0.100719303 0.1582807
v 0.303000003 0.100719303 0.1582807
v 0.337000012 0.0815783218 0.145491108
v 0.303000003 0.0815783218 0.145491108
v 0.337000012 0.0590000004 0.141000003
v 0.303000003 0.0590000004 0.141000003
v 0.337000012 0.036421679 0.145491108
v 0.303000003 0.036421679 0.145491108
v 0.337000012 0.0172806997 0.1582807
v 0.303000003 0.0172806997 0.1582807
v 0.337000012 0.00449110987 0.177421674
v 0.303000003 0.00449110987 0.177421674
v 0.337000012 0 0.200000003
v 0.303000003 0 0.200000003
v 0.337000012 0 0.200000003
v 0.344999999 0.00999999978 0.200000003
v 0.344999999 0.0137299001 0.21875149
v 0.337000012 0.00449110987 0.222578317
v 0.337000012 0.00449110987 0.222578317
v 0.344999999 0.0137299001 0.21875149
v 0.344999999 0.0243517701 0.234648228
v 0.337000012 0.0172806997 0.241719306
v 0.337000012 0.0172806997 0.241719306
v 0.344999999 0.0243517701 0.234648228
v 0.344999999 0.0402485095 0.245270103
v 0.337000012 0.036421679 0.254508883
v 0.337000012 0.036421679 0.254508883
v 0.344999999 0.0402485095 0.245270103
v 0.344999999 0.0590000004 0.248999998
v 0.337000012 0.0590000004 0.259000003
v 0.337000012 0.0590000004 0.259000003
v 0.344999999 0.0590000004 0.248999998
v 0.344999999 0.0777514875 0.245270103
v 0.337000012 0.0815783218 0.254508883
v 0.337000012 0.0815783218 0.254508883
v 0.344999999 0.0777514875 0.245270103
v 0.344999999 0.0936482325 0.234648228
v 0.337000012 0.100719303 0.241719306
v 0.337000012 0.100719303 0.241719306
v 0.344999999 0.0936482325 0.234648228
v 0.344999999 0.104270101 0.21875149
v 0.337000012 0.113508888 0.222578317
v 0.337000012 0.113508888 0.222578317
v 0.344999999 0.104270101 0.21875149
v 0.344999999 0.108000003 0.200000003
v 0.337000012 0.118000001 0.200000003
v 0.337000012 0.118000001 0.200000003
v 0.344999999 0.108000003 0.200000003
v 0.344999999 0.104270101 0.181248516
v 0.337000012 0.113508888 0.177421674
v 0.337000012 0.113508888 0.177421674
v 0.344999999 0.104270101 0.181248516
v 0.344999999 0.0936482325 0.165351763
v 0.337000012 0.100719303 0.1582807
v 0.337000012 0.100719303 0.1582807
v 0.344999999 0.0936482325 0.165351763
v 0.344999999 0.0777514875 0.154729903
v 0.337000012 0.0815783218 0.145491108
v 0.337000012 0.0815783218 0.145491108
v 0.344999999 0.0777514875 0.154729903
v 0.344999999 0.0590000004 0.150999993
v 0.337000012 0.0590000004 0.141000003
v 0.337000012 0.0590000004 0.141000003
v 0.344999999 0.0590000004 0.150999993
v 0.344999999 0.0402485095 0.154729903
v 0.337000012 0.036421679 0.145491108
v 0.337000012 0.036421679 0.145491108
v 0.344999999 0.0402485095 0.154729903
v 0.344999999 0.0243517701 0.165351763
v 0.337000012 0.0172806997 0.1582807
v 0.337000012 0.0172806997 0.1582807
v 0.344999999 0.0243517701 0.165351763
v 0.344999999 0.0137299001 0.181248516
v 0.337000012 0.00449110987 0.177421674
v 0.337000012 0.00449110987 0.177421674
v 0.344999999 0.0137299001 0.181248516
v 0.344999999 0.00999999978 0.200000003
v 0.337000012 0 0.200000003
v 0.294999987 0.00999999978 0.200000003
v 0.294999987 0.0137299001 0.21875149
v 0.294999987 0.0243517701 0.234648228
v 0.294999987 0.0402485095 0.245270103
v 0.294999987 0.0590000004 0.248999998
v 0.294999987 0.0777514875 0.245270103
v 0.294999987 0.0936482325 0.234648228
v 0.294999987 0.104270101 0.21875149
v 0.294999987 0.108000003 0.200000003
v 0.294999987 0.104270101 0.181248516
v 0.294999987 0.0936482325 0.165351763
v 0.294999987 0.0777514875 0.154729903
v 0.294999987 0.0590000004 0.150999993
v 0.294999987 0.0402485095 0.154729903
v 0.294999987 0.0243517701 0.165351763
v 0.294999987 0.0137299001 0.181248516
v 0.344999999 0.0137299001 0.181248516
v 0.344999999 0.0243517701 0.165351763
v 0.344999999 0.0402485095 0.154729903
v 0.344999999 0.0590000004 0.150999993
v 0.344999999 0.0777514875 0.154729903
v 0.344999999 0.0936482325 0.165351763
v 0.344999999 0.104270101 0.181248516
v 0.344999999 0.108000003 0.200000003
v 0.344999999 0.104270101 0.21875149
v 0.344999999 0.0936482325 0.234648228
v 0.344999999 0.0777514875 0.245270103
v 0.344999999 0.0590000004 0.248999998
v 0.344999999 0.0402485095 0.245270103
v 0.344999999 0.0243517701 0.234648228
v 0.344999999 0.0137299001 0.21875149
v 0.344999999 0.00999999978 0.200000003
v 0.446999997 0.906000018 -0.100000001
v 0.446999997 0.906000018 0.100000001
v 0.456 0.903588474 0.100000001
v 0.456 0.903588474 -0.100000001
v 0.456 0.903588474 -0.100000001
v 0.456 0.903588474 0.100000001
v 0.462588459 0.897000015 0.100000001
v 0.462588459 0.897000015 -0.100000001
v 0.462588459 0.897000015 -0.100000001
v 0.462588459 0.897000015 0.100000001
v 0.465000004 0.888000011 0.100000001
v 0.465000004 0.888000011 -0.100000001
v 0.465000004 0.888000011 -0.100000001
v 0.465000004 0.888000011 0.100000001
v 0.462588459 0.879000008 0.100000001
v 0.462588459 0.879000008 -0.100000001
v 0.462588459 0.879000008 -0.100000001
v 0.462588459 0.879000008 0.100000001
v 0.456 0.872411549 0.100000001
v 0.456 0.872411549 -0.100000001
v 0.456 0.872411549 -0.100000001
v 0.456 0.872411549 0.100000001
v 0.446999997 0.870000005 0.100000001
v 0.446999997 0.870000005 -0.100000001
v 0.446999997 0.870000005 -0.100000001
v 0.446999997 0.870000005 0.100000001
v 0.437999994 0.872411549 0.100000001
v 0.437999994 0.872411549 -0.100000001
v 0.437999994 0.872411549 -0.100000001
v 0.437999994 0.872411549 0.100000001
v 0.431411535 0.879000008 0.100000001
v 0.431411535 0.879000008 -0.100000001
v 0.431411535 0.879000008 -0.100000001
v 0.431411535 0.879000008 0.100000001
v 0.42899999 0.888000011 0.100000001
v 0.42899999 0.888000011 -0.100000001
v 0.42899999 0.888000011 -0.100000001
v 0.42899999 0.888000011 0.100000001
v 0.431411535 0.897000015 0.100000001
v 0.431411535 0.897000015 -0.100000001
v 0.431411535 0.897000015 -0.100000001
v 0.431411535 0.897000015 0.100000001
v 0.437999994 0.903588474 0.100000001
v 0.437999994 0.903588474 -0.100000001
v 0.437999994 0.903588474 -0.100000001
v 0.437999994 0.903588474 0.100000001
v 0.446999997 0.906000018 0.100000001
v 0.446999997 0.906000018 -0.100000001
v 0.446999997 0.906000018 -0.100000001
v 0.456 0.903588474 -0.100000001
v 0.462588459 0.897000015 -0.100000001
v 0.465000004 0.888000011 -0.100000001
v 0.462588459 0.879000008 -0.100000001
v 0.456 0.872411549 -0.100000001
v 0.446999997 0.870000005 -0.100000001
v 0.437999994 0.872411549 -0.100000001
v 0.431411535 0.879000008 -0.100000001
v 0.42899999 0.888000011 -0.100000001
v 0.431411535 0.897000015 -0.100000001
v 0.437999994 0.903588474 -0.100000001
v 0.437999994 0.903588474 0.100000001
v 0.431411535 0.897000015 0.100000001
v 0.42899999 0.888000011 0.100000001
v 0.431411535 0.879000008 0.100000001
v 0.437999994 0.872411549 0.100000001
v 0.446999997 0.870000005 0.100000001
v 0.456 0.872411549 0.100000001
v 0.462588459 0.879000008 0.100000001
v 0.465000004 0.888000011 0.100000001
v 0.462588459 0.897000015 0.100000001
v 0.456 0.903588474 0.100000001
v 0.446999997 0.906000018 0.100000001
v -0.273499995 0.300000012 0.0914999992
v -0.273499995 0.374000013 0.0914999992
v -0.273499995 0.374000013 -0.141499996
v -0.273499995 0.300000012 -0.141499996
v -0.0465000011 0.300000012 -0.141499996
v -0.0465000011 0.374000013 -0.141499996
v -0.0465000011 0.374000013 0.0914999992
v -0.0465000011 0.300000012 0.0914999992
v -0.264499992 0.291000009 -0.141499996
v -0.0555000007 0.291000009 -0.141499996
v -0.0555000007 0.291000009 0.0914999992
v -0.264499992 0.291000009 0.0914999992
v -0.264499992 0.382999986 0.0914999992
v -0.0555000007 0.382999986 0.0914999992
v -0.0555000007 0.382999986 -0.141499996
v -0.264499992 0.382999986 -0.141499996
v -0.264499992 0.374000013 -0.1505
v -0.0555000007 0.374000013 -0.1505
v -0.0555000007 0.300000012 -0.1505
v -0.264499992 0.300000012 -0.1505
v -0.264499992 0.300000012 0.100500003
v -0.0555000007 0.300000012 0.100500003
v -0.0555000007 0.374000013 0.100500003
v -0.264499992 0.374000013 0.100500003
v -0.264499992 0.300000012 -0.1505
v -0.0555000007 0.300000012 -0.1505
v -0.0555000007 0.291000009 -0.141499996
v -0.264499992 0.291000009 -0.141499996
v -0.264499992 0.291000009 0.0914999992
v -0.0555000007 0.291000009 0.0914999992
v -0.0555000007 0.300000012 0.100500003
v -0.264499992 0.300000012 0.100500003
v -0.264499992 0.382999986 -0.141499996
v -0.0555000007 0.382999986 -0.141499996
v -0.0555000007 0.374000013 -0.1505
v -0.264499992 0.374000013 -0.1505
v -0.264499992 0.374000013 0.100500003
v -0.0555000007 0.374000013 0.100500003
v -0.0555000007 0.382999986 0.0914999992
v -0.264499992 0.382999986 0.0914999992
v -0.273499995 0.300000012 -0.141499996
v -0.273499995 0.374000013 -0.141499996
v -0.264499992 0.374000013 -0.1505
v -0.264499992 0.300000012 -0.1505
v -0.264499992 0.300000012 0.100500003
v -0.264499992 0.374000013 0.100500003
v -0.273499995 0.374000013 0.0914999992
v -0.273499995 0.300000012 0.0914999992
v -0.0555000007 0.300000012 -0.1505
v -0.0555000007 0.374000013 -0.1505
v -0.0465000011 0.374000013 -0.141499996
v -0.0465000011 0.300000012 -0.141499996
v -0.0465000011 0.300000012 0.0914999992
v -0.0465000011 0.374000013 0.0914999992
v -0.0555000007 0.374000013 0.100500003
v -0.0555000007 0.300000012 0.100500003
v -0.264499992 0.291000009 -0.141499996
v -0.264499992 0.291000009 0.0914999992
v -0.273499995 0.300000012 0.0914999992
v -0.273499995 0.300000012 -0.141499996
v -0.273499995 0.374000013 -0.141499996
v -0.273499995 0.374000013 0.0914999992
v -0.264499992 0.382999986 0.0914999992
v -0.264499992 0.382999986 -0.141499996
v -0.0465000011 0.300000012 -0.141499996
v -0.0465000011 0.300000012 0.0914999992
v -0.0555000007 0.291000009 0.0914999992
v -0.0555000007 0.291000009 -0.141499996
v -0.0555000007 0.382999986 -0.141499996
v -0.0555000007 0.382999986 0.0914999992
v -0.0465000011 0.374000013 0.0914999992
v -0.0465000011 0.374000013 -0.141499996
v -0.264499992 0.300000012 -0.1505
v -0.264499992 0.291000009 -0.141499996
v -0.273499995 0.300000012 -0.141499996
v -0.273499995 0.300000012 0.0914999992
v -0.264499992 0.291000009 0.0914999992
v -0.264499992 0.300000012 0.100500003
v -0.273499995 0.374000013 -0.141499996
v -0.264499992 0.382999986 -0.141499996
v -0.264499992 0.374000013 -0.1505
v -0.264499992 0.374000013 0.100500003
v -0.264499992 0.382999986 0.0914999992
v -0.273499995 0.374000013 0.0914999992
v -0.0465000011 0.300000012 -0.141499996
v -0.0555000007 0.291000009 -0.141499996
v -0.0555000007 0.300000012 -0.1505
v -0.0555000007 0.300000012 0.100500003
v -0.0555000007 0.291000009 0.0914999992
v -0.0465000011 0.300000012 0.0914999992
v -0.0555000007 0.374000013 -0.1505
v -0.0555000007 0.382999986 -0.141499996
v -0.0465000011 0.374000013 -0.141499996
v -0.0465000011 0.374000013 0.0914999992
v -0.0555000007 0.382999986 0.0914999992
v -0.0555000007 0.374000013 0.100500003
v -0.272000015 0.384000003 -0.0170000009
v -0.272000015 0.386000007 -0.0170000009
v -0.272000015 0.386000007 -0.0329999998
v -0.272000015 0.384000003 -0.0329999998
v -0.0480000004 0.384000003 -0.0329999998
v -0.0480000004 0.386000007 -0.0329999998
v -0.0480000004 0.386000007 -0.0170000009
v -0.0480000004 0.384000003 -0.0170000009
v -0.270999998 0.382999986 -0.0329999998
v -0.0489999987 0.382999986 -0.0329999998
v -0.0489999987 0.382999986 -0.0170000009
v -0.270999998 0.382999986 -0.0170000009
v -0.270999998 0.386999995 -0.0170000009
v -0.0489999987 0.386999995 -0.0170000009
v -0.0489999987 0.386999995 -0.0329999998
v -0.270999998 0.386999995 -0.0329999998
v -0.270999998 0.386000007 -0.0340000018
v -0.0489999987 0.386000007 -0.0340000018
v -0.0489999987 0.384000003 -0.0340000018
v -0.270999998 0.384000003 -0.0340000018
v -0.270999998 0.384000003 -0.0160000008
v -0.0489999987 0.384000003 -0.0160000008
v -0.0489999987 0.386000007 -0.0160000008
v -0.270999998 0.386000007 -0.0160000008
v -0.270999998 0.384000003 -0.0340000018
v -0.0489999987 0.384000003 -0.0340000018
v -0.0489999987 0.382999986 -0.0329999998
v -0.270999998 0.382999986 -0.0329999998
v -0.270999998 0.382999986 -0.0170000009
v -0.0489999987 0.382999986 -0.0170000009
v -0.0489999987 0.384000003 -0.0160000008
v -0.270999998 0.384000003 -0.0160000008
v -0.270999998 0.386999995 -0.0329999998
v -0.0489999987 0.386999995 -0.0329999998
v -0.0489999987 0.386000007 -0.0340000018
v -0.270999998 0.386000007 -0.0340000018
v -0.270999998 0.386000007 -0.0160000008
v -0.0489999987 0.386000007 -0.0160000008
v -0.0489999987 0.386999995 -0.0170000009
v -0.270999998 0.386999995 -0.0170000009
v -0.272000015 0.384000003 -0.0329999998
v -0.272000015 0.386000007 -0.0329999998
v -0.270999998 0.386000007 -0.0340000018
v -0.270999998 0.384000003 -0.0340000018
v -0.270999998 0.384000003 -0.0160000008
v -0.270999998 0.386000007 -0.0160000008
v -0.272000015 0.386000007 -0.0170000009
v -0.272000015 0.384000003 -0.0170000009
v -0.0489999987 0.384000003 -0.0340000018
v -0.0489999987 0.386000007 -0.0340000018
v -0.0480000004 0.386000007 -0.0329999998
v -0.0480000004 0.384000003 -0.0329999998
v -0.0480000004 0.384000003 -0.0170000009
v -0.0480000004 0.386000007 -0.0170000009
v -0.0489999987 0.386000007 -0.0160000008
v -0.0489999987 0.384000003 -0.0160000008
v -0.270999998 0.382999986 -0.0329999998
v -0.270999998 0.382999986 -0.0170000009
v -0.272000015 0.384000003 -0.0170000009
v -0.272000015 0.384000003 -0.0329999998
v -0.272000015 0.386000007 -0.0329999998
v -0.272000015 0.386000007 -0.0170000009
v -0.270999998 0.386999995 -0.0170000009
v -0.270999998 0.386999995 -0.0329999998
v -0.0480000004 0.384000003 -0.0329999998
v -0.0480000004 0.384000003 -0.0170000009
v -0.0489999987 0.382999986 -0.0170000009
v -0.0489999987 0.382999986 -0.0329999998
v -0.0489999987 0.386999995 -0.0329999998
v -0.0489999987 0.386999995 -0.0170000009
v -0.0480000004 0.386000007 -0.0170000009
v -0.0480000004 0.386000007 -0.0329999998
v -0.270999998 0.384000003 -0.0340000018
v -0.270999998 0.382999986 -0.0329999998
v -0.272000015 0.384000003 -0.0329999998
v -0.272000015 0.384000003 -0.0170000009
v -0.270999998 0.382999986 -0.0170000009
v -0.270999998 0.384000003 -0.0160000008
v -0.272000015 0.386000007 -0.0329999998
v -0.270999998 0.386999995 -0.0329999998
v -0.270999998 0.386000007 -0.0340000018
v -0.270999998 0.386000007 -0.0160000008
v -0.270999998 0.386999995 -0.0170000009
v -0.272000015 0.386000007 -0.0170000009
v -0.0480000004 0.384000003 -0.0329999998
v -0.0489999987 0.382999986 -0.0329999998
v -0.0489999987 0.384000003 -0.0340000018
v -0.0489999987 0.384000003 -0.0160000008
v -0.0489999987 0.382999986 -0.0170000009
v -0.0480000004 0.384000003 -0.0170000009
v -0.0489999987 0.386000007 -0.0340000018
v -0.0489999987 0.386999995 -0.0329999998
v -0.0480000004 0.386000007 -0.0329999998
v -0.0480000004 0.386000007 -0.0170000009
v -0.0489999987 0.386999995 -0.0170000009
v -0.0489999987 0.386000007 -0.0160000008
v -0.00350000011 0.300000012 0.0914999992
v -0.00350000011 0.374000013 0.0914999992
v -0.00350000011 0.374000013 -0.141499996
v -0.00350000011 0.300000012 -0.141499996
v 0.223499998 0.300000012 -0.141499996
v 0.223499998 0.374000013 -0.141499996
v 0.223499998 0.374000013 0.0914999992
v 0.223499998 0.300000012 0.0914999992
v 0.00549999997 0.291000009 -0.141499996
v 0.214499995 0.291000009 -0.141499996
v 0.214499995 0.291000009 0.0914999992
v 0.00549999997 0.291000009 0.0914999992
v 0.00549999997 0.382999986 0.0914999992
v 0.214499995 0.382999986 0.0914999992
v 0.214499995 0.382999986 -0.141499996
v 0.00549999997 0.382999986 -0.141499996
v 0.00549999997 0.374000013 -0.1505
v 0.214499995 0.374000013 -0.1505
v 0.214499995 0.300000012 -0.1505
v 0.00549999997 0.300000012 -0.1505
v 0.00549999997 0.300000012 0.100500003
v 0.214499995 0.300000012 0.100500003
v 0.214499995 0.374000013 0.100500003
v 0.00549999997 0.374000013 0.100500003
v 0.00549999997 0.300000012 -0.1505
v 0.214499995 0.300000012 -0.1505
v 0.214499995 0.291000009 -0.141499996
v 0.00549999997 0.291000009 -0.141499996
v 0.00549999997 0.291000009 0.0914999992
v 0.214499995 0.291000009 0.0914999992
v 0.214499995 0.300000012 0.100500003
v 0.00549999997 0.300000012 0.100500003
v 0.00549999997 0.382999986 -0.141499996
v 0.214499995 0.382999986 -0.141499996
v 0.214499995 0.374000013 -0.1505
v 0.00549999997 0.374000013 -0.1505
v 0.00549999997 0.374000013 0.100500003
v 0.214499995 0.374000013 0.100500003
v 0.214499995 0.382999986 0.0914999992
v 0.00549999997 0.382999986 0.0914999992
v -0.00350000011 0.300000012 -0.141499996
v -0.00350000011 0.374000013 -0.141499996
v 0.00549999997 0.374000013 -0.1505
v 0.00549999997 0.300000012 -0.1505
v 0.00549999997 0.300000012 0.100500003
v 0.00549999997 0.374000013 0.100500003
v -0.00350000011 0.374000013 0.0914999992
v -0.00350000011 0.300000012 0.0914999992
v 0.214499995 0.300000012 -0.1505
v 0.214499995 0.374000013 -0.1505
v 0.223499998 0.374000013 -0.141499996
v 0.223499998 0.300000012 -0.141499996
v 0.223499998 0.300000012 0.0914999992
v 0.223499998 0.374000013 0.0914999992
v 0.214499995 0.374000013 0.100500003
v 0.214499995 0.300000012 0.100500003
v 0.00549999997 0.291000009 -0.141499996
v 0.00549999997 0.291000009 0.0914999992
v -0.00350000011 0.300000012 0.0914999992
v -0.00350000011 0.300000012 -0.141499996
v -0.00350000011 0.374000013 -0.141499996
v -0.00350000011 0.374000013 0.0914999992
v 0.00549999997 0.382999986 0.0914999992
v 0.00549999997 0.382999986 -0.141499996
v 0.223499998 0.300000012 -0.141499996
v 0.223499998 0.300000012 0.0914999992
v 0.214499995 0.291000009 0.0914999992
v 0.214499995 0.291000009 -0.141499996
v 0.214499995 0.382999986 -0.141499996
v 0.214499995 0.382999986 0.0914999992
v 0.223499998 0.374000013 0.0914999992
v 0.223499998 0.374000013 -0.141499996
v 0.00549999997 0.300000012 -0.1505
v 0.00549999997 0.291000009 -0.141499996
v -0.00350000011 0.300000012 -0.141499996
v -0.00350000011 0.300000012 0.0914999992
v 0.00549999997 0.291000009 0.0914999992
v 0.00549999997 0.300000012 0.100500003
v -0.00350000011 0.374000013 -0.141499996
v 0.00549999997 0.382999986 -0.141499996
v 0.00549999997 0.374000013 -0.1505
v 0.00549999997 0.374000013 0.100500003
v 0.00549999997 0.382999986 0.0914999992
v -0.00350000011 0.374000013 0.0914999992
v 0.223499998 0.300000012 -0.141499996
v 0.214499995 0.291000009 -0.141499996
v 0.214499995 0.300000012 -0.1505
v 0.214499995 0.300000012 0.100500003
v 0.214499995 0.291000009 0.0914999992
v 0.223499998 0.300000012 0.0914999992
v 0.214499995 0.374000013 -0.1505
v 0.214499995 0.382999986 -0.141499996
v 0.223499998 0.374000013 -0.141499996
v 0.223499998 0.374000013 0.0914999992
v 0.214499995 0.382999986 0.0914999992
v 0.214499995 0.374000013 0.100500003
v -0.00200000009 0.384000003 -0.0170000009
v -0.00200000009 0.386000007 -0.0170000009
v -0.00200000009 0.386000007 -0.0329999998
v -0.00200000009 0.384000003 -0.0329999998
v 0.222000003 0.384000003 -0.0329999998
v 0.222000003 0.386000007 -0.0329999998
v 0.222000003 0.386000007 -0.0170000009
v 0.222000003 0.384000003 -0.0170000009
v -0.00100000005 0.382999986 -0.0329999998
v 0.221000001 0.382999986 -0.0329999998
v 0.221000001 0.382999986 -0.0170000009
v -0.00100000005 0.382999986 -0.0170000009
v -0.00100000005 0.386999995 -0.0170000009
v 0.221000001 0.386999995 -0.0170000009
v 0.221000001 0.386999995 -0.0329999998
v -0.00100000005 0.386999995 -0.0329999998
v -0.00100000005 0.386000007 -0.0340000018
v 0.221000001 0.386000007 -0.0340000018
v 0.221000001 0.384000003 -0.0340000018
v -0.00100000005 0.384000003 -0.0340000018
v -0.00100000005 0.384000003 -0.0160000008
v 0.221000001 0.384000003 -0.0160000008
v 0.221000001 0.386000007 -0.0160000008
v -0.00100000005 0.386000007 -0.0160000008
v -0.00100000005 0.384000003 -0.0340000018
v 0.221000001 0.384000003 -0.0340000018
v 0.221000001 0.382999986 -0.0329999998
v -0.00100000005 0.382999986 -0.0329999998
v -0.00100000005 0.382999986 -0.0170000009
v 0.221000001 0.382999986 -0.0170000009
v 0.221000001 0.384000003 -0.0160000008
v -0.00100000005 0.384000003 -0.0160000008
v -0.00100000005 0.386999995 -0.0329999998
v 0.221000001 0.386999995 -0.0329999998
v 0.221000001 0.386000007 -0.0340000018
v -0.00100000005 0.386000007 -0.0340000018
v -0.00100000005 0.386000007 -0.0160000008
v 0.221000001 0.386000007 -0.0160000008
v 0.221000001 0.386999995 -0.0170000009
v -0.00100000005 0.386999995 -0.0170000009
v -0.00200000009 0.384000003 -0.0329999998
v -0.00200000009 0.386000007 -0.0329999998
v -0.00100000005 0.386000007 -0.0340000018
v -0.00100000005 0.384000003 -0.0340000018
v -0.00100000005 0.384000003 -0.0160000008
v -0.00100000005 0.386000007 -0.0160000008
v -0.00200000009 0.386000007 -0.0170000009
v -0.00200000009 0.384000003 -0.0170000009
v 0.221000001 0.384000003 -0.0340000018
v 0.221000001 0.386000007 -0.0340000018
v 0.222000003 0.386000007 -0.0329999998
v 0.222000003 0.384000003 -0.0329999998
v 0.222000003 0.384000003 -0.0170000009
v 0.222000003 0.386000007 -0.0170000009
v 0.221000001 0.386000007 -0.0160000008
v 0.221000001 0.384000003 -0.0160000008
v -0.00100000005 0.382999986 -0.0329999998
v -0.00100000005 0.382999986 -0.0170000009
v -0.00200000009 0.384000003 -0.0170000009
v -0.00200000009 0.384000003 -0.0329999998
v -0.00200000009 0.386000007 -0.0329999998
v -0.00200000009 0.386000007 -0.0170000009
v -0.00100000005 0.386999995 -0.0170000009
v -0.00100000005 0.386999995 -0.0329999998
v 0.222000003 0.384000003 -0.0329999998
v 0.222000003 0.384000003 -0.0170000009
v 0.221000001 0.382999986 -0.0170000009
v 0.221000001 0.382999986 -0.0329999998
v 0.221000001 0.386999995 -0.0329999998
v 0.221000001 0.386999995 -0.0170000009
v 0.222000003 0.386000007 -0.0170000009
v 0.222000003 0.386000007 -0.0329999998
v -0.00100000005 0.384000003 -0.0340000018
v -0.00100000005 0.382999986 -0.0329999998
v -0.00200000009 0.384000003 -0.0329999998
v -0.00200000009 0.384000003 -0.0170000009
v -0.00100000005 0.382999986 -0.0170000009
v -0.00100000005 0.384000003 -0.0160000008
v -0.00200000009 0.386000007 -0.0329999998
v -0.00100000005 0.386999995 -0.0329999998
v -0.00100000005 0.386000007 -0.0340000018
v -0.00100000005 0.386000007 -0.0160000008
v -0.00100000005 0.386999995 -0.0170000009
v -0.00200000009 0.386000007 -0.0170000009
v 0.222000003 0.384000003 -0.0329999998
v 0.221000001 0.382999986 -0.0329999998
v 0.221000001 0.384000003 -0.0340000018
v 0.221000001 0.384000003 -0.0160000008
v 0.221000001 0.382999986 -0.0170000009
v 0.222000003 0.384000003 -0.0170000009
v 0.221000001 0.386000007 -0.0340000018
v 0.221000001 0.386999995 -0.0329999998
v 0.222000003 0.386000007 -0.0329999998
v 0.222000003 0.386000007 -0.0170000009
v 0.221000001 0.386999995 -0.0170000009
v 0.221000001 0.386000007 -0.0160000008
v -0.159999996 0.549499989 0.158000007
v -0.159999996 0.564499974 0.158000007
v -0.159999996 0.564499974 0.142000005
v -0.159999996 0.549499989 0.142000005
v -0.0599999987 0.549499989 0.142000005
v -0.0599999987 0.564499974 0.142000005
v -0.0599999987 0.564499974 0.158000007
v -0.0599999987 0.549499989 0.158000007
v -0.155000001 0.544499993 0.142000005
v -0.0649999976 0.544499993 0.142000005
v -0.0649999976 0.544499993 0.158000007
v -0.155000001 0.544499993 0.158000007
v -0.155000001 0.569500029 0.158000007
v -0.0649999976 0.569500029 0.158000007
v -0.0649999976 0.569500029 0.142000005
v -0.155000001 0.569500029 0.142000005
v -0.155000001 0.564499974 0.136999995
v -0.0649999976 0.564499974 0.136999995
v -0.0649999976 0.549499989 0.136999995
v -0.155000001 0.549499989 0.136999995
v -0.155000001 0.549499989 0.163000003
v -0.0649999976 0.549499989 0.163000003
v -0.0649999976 0.564499974 0.163000003
v -0.155000001 0.564499974 0.163000003
v -0.155000001 0.549499989 0.136999995
v -0.0649999976 0.549499989 0.136999995
v -0.0649999976 0.544499993 0.142000005
v -0.155000001 0.544499993 0.142000005
v -0.155000001 0.544499993 0.158000007
v -0.0649999976 0.544499993 0.158000007
v -0.0649999976 0.549499989 0.163000003
v -0.155000001 0.549499989 0.163000003
v -0.155000001 0.569500029 0.142000005
v -0.0649999976 0.569500029 0.142000005
v -0.0649999976 0.564499974 0.136999995
v -0.155000001 0.564499974 0.136999995
v -0.155000001 0.564499974 0.163000003
v -0.0649999976 0.564499974 0.163000003
v -0.0649999976 0.569500029 0.158000007
v -0.155000001 0.569500029 0.158000007
v -0.159999996 0.549499989 0.142000005
v -0.159999996 0.564499974 0.142000005
v -0.155000001 0.564499974 0.136999995
v -0.155000001 0.549499989 0.136999995
v -0.155000001 0.549499989 0.163000003
v -0.155000001 0.564499974 0.163000003
v -0.159999996 0.564499974 0.158000007
v -0.159999996 0.549499989 0.158000007
v -0.0649999976 0.549499989 0.136999995
v -0.0649999976 0.564499974 0.136999995
v -0.0599999987 0.564499974 0.142000005
v -0.0599999987 0.549499989 0.142000005
v -0.0599999987 0.549499989 0.158000007
v -0.0599999987 0.564499974 0.158000007
v -0.0649999976 0.564499974 0.163000003
v -0.0649999976 0.549499989 0.163000003
v -0.155000001 0.544499993 0.142000005
v -0.155000001 0.544499993 0.158000007
v -0.159999996 0.549499989 0.158000007
v -0.159999996 0.549499989 0.142000005
v -0.159999996 0.564499974 0.142000005
v -0.159999996 0.564499974 0.158000007
v -0.155000001 0.569500029 0.158000007
v -0.155000001 0.569500029 0.142000005
v -0.0599999987 0.549499989 0.142000005
v -0.0599999987 0.549499989 0.158000007
v -0.0649999976 0.544499993 0.158000007
v -0.0649999976 0.544499993 0.142000005
v -0.0649999976 0.569500029 0.142000005
v -0.0649999976 0.569500029 0.158000007
v -0.0599999987 0.564499974 0.158000007
v -0.0599999987 0.564499974 0.142000005
v -0.155000001 0.549499989 0.136999995
v -0.155000001 0.544499993 0.142000005
v -0.159999996 0.549499989 0.142000005
v -0.159999996 0.549499989 0.158000007
v -0.155000001 0.544499993 0.158000007
v -0.155000001 0.549499989 0.163000003
v -0.159999996 0.564499974 0.142000005
v -0.155000001 0.569500029 0.142000005
v -0.155000001 0.564499974 0.136999995
v -0.155000001 0.564499974 0.163000003
v -0.155000001 0.569500029 0.158000007
v -0.159999996 0.564499974 0.158000007
v -0.0599999987 0.549499989 0.142000005
v -0.0649999976 0.544499993 0.142000005
v -0.0649999976 0.549499989 0.136999995
v -0.0649999976 0.549499989 0.163000003
v -0.0649999976 0.544499993 0.158000007
v -0.0599999987 0.549499989 0.158000007
v -0.0649999976 0.564499974 0.136999995
v -0.0649999976 0.569500029 0.142000005
v -0.0599999987 0.564499974 0.142000005
v -0.0599999987 0.564499974 0.158000007
v -0.0649999976 0.569500029 0.158000007
v -0.0649999976 0.564499974 0.163000003
v -0.244499996 0.846000016 0.0465000011
v -0.244499996 0.867999971 0.0465000011
v -0.244499996 0.867999971 -0.0965000018
v -0.244499996 0.846000016 -0.0965000018
v -0.155499995 0.846000016 -0.0965000018
v -0.155499995 0.867999971 -0.0965000018
v -0.155499995 0.867999971 0.0465000011
v -0.155499995 0.846000016 0.0465000011
v -0.238499999 0.839999974 -0.0965000018
v -0.161500007 0.839999974 -0.0965000018
v -0.161500007 0.839999974 0.0465000011
v -0.238499999 0.839999974 0.0465000011
v -0.238499999 0.874000013 0.0465000011
v -0.161500007 0.874000013 0.0465000011
v -0.161500007 0.874000013 -0.0965000018
v -0.238499999 0.874000013 -0.0965000018
v -0.238499999 0.867999971 -0.102499999
v -0.161500007 0.867999971 -0.102499999
v -0.161500007 0.846000016 -0.102499999
v -0.238499999 0.846000016 -0.102499999
v -0.238499999 0.846000016 0.0524999984
v -0.161500007 0.846000016 0.0524999984
v -0.161500007 0.867999971 0.0524999984
v -0.238499999 0.867999971 0.0524999984
v -0.238499999 0.846000016 -0.102499999
v -0.161500007 0.846000016 -0.102499999
v -0.161500007 0.839999974 -0.0965000018
v -0.238499999 0.839999974 -0.0965000018
v -0.238499999 0.839999974 0.0465000011
v -0.161500007 0.839999974 0.0465000011
v -0.161500007 0.846000016 0.0524999984
v -0.238499999 0.846000016 0.0524999984
v -0.238499999 0.874000013 -0.0965000018
v -0.161500007 0.874000013 -0.0965000018
v -0.161500007 0.867999971 -0.102499999
v -0.238499999 0.867999971 -0.102499999
v -0.238499999 0.867999971 0.0524999984
v -0.161500007 0.867999971 0.0524999984
v -0.161500007 0.874000013 0.0465000011
v -0.238499999 0.874000013 0.0465000011
v -0.244499996 0.846000016 -0.0965000018
v -0.244499996 0.867999971 -0.0965000018
v -0.238499999 0.867999971 -0.102499999
v -0.238499999 0.846000016 -0.102499999
v -0.238499999 0.846000016 0.0524999984
v -0.238499999 0.867999971 0.0524999984
v -0.244499996 0.867999971 0.0465000011
v -0.244499996 0.846000016 0.0465000011
v -0.161500007 0.846000016 -0.102499999
v -0.161500007 0.867999971 -0.102499999
v -0.155499995 0.867999971 -0.0965000018
v -0.155499995 0.846000016 -0.0965000018
v -0.155499995 0.846000016 0.0465000011
v -0.155499995 0.867999971 0.0465000011
v -0.161500007 0.867999971 0.0524999984
v -0.161500007 0.846000016 0.0524999984
v -0.238499999 0.839999974 -0.0965000018
v -0.238499999 0.839999974 0.0465000011
v -0.244499996 0.846000016 0.0465000011
v -0.244499996 0.846000016 -0.0965000018
v -0.244499996 0.867999971 -0.0965000018
v -0.244499996 0.867999971 0.0465000011
v -0.238499999 0.874000013 0.0465000011
v -0.238499999 0.874000013 -0.0965000018
v -0.155499995 0.846000016 -0.0965000018
v -0.155499995 0.846000016 0.0465000011
v -0.161500007 0.839999974 0.0465000011
v -0.161500007 0.839999974 -0.0965000018
v -0.161500007 0.874000013 -0.0965000018
v -0.161500007 0.874000013 0.0465000011
v -0.155499995 0.867999971 0.0465000011
v -0.155499995 0.867999971 -0.0965000018
v -0.238499999 0.846000016 -0.102499999
v -0.238499999 0.839999974 -0.0965000018
v -0.244499996 0.846000016 -0.0965000018
v -0.244499996 0.846000016 0.0465000011
v -0.238499999 0.839999974 0.0465000011
v -0.238499999 0.846000016 0.0524999984
v -0.244499996 0.867999971 -0.0965000018
v -0.238499999 0.874000013 -0.0965000018
v -0.238499999 0.867999971 -0.102499999
v -0.238499999 0.867999971 0.0524999984
v -0.238499999 0.874000013 0.0465000011
v -0.244499996 0.867999971 0.0465000011
v -0.155499995 0.846000016 -0.0965000018
v -0.161500007 0.839999974 -0.0965000018
v -0.161500007 0.846000016 -0.102499999
v -0.161500007 0.846000016 0.0524999984
v -0.161500007 0.839999974 0.0465000011
v -0.155499995 0.846000016 0.0465000011
v -0.161500007 0.867999971 -0.102499999
v -0.161500007 0.874000013 -0.0965000018
v -0.155499995 0.867999971 -0.0965000018
v -0.155499995 0.867999971 0.0465000011
v -0.161500007 0.874000013 0.0465000011
v -0.161500007 0.867999971 0.0524999984
v -0.132499993 0.846000016 0.0465000011
v -0.132499993 0.867999971 0.0465000011
v -0.132499993 0.867999971 -0.0965000018
v -0.132499993 0.846000016 -0.0965000018
v -0.0434999987 0.846000016 -0.0965000018
v -0.0434999987 0.867999971 -0.0965000018
v -0.0434999987 0.867999971 0.0465000011
v -0.0434999987 0.846000016 0.0465000011
v -0.126499996 0.839999974 -0.0965000018
v -0.0494999997 0.839999974 -0.0965000018
v -0.0494999997 0.839999974 0.0465000011
v -0.126499996 0.839999974 0.0465000011
v -0.126499996 0.874000013 0.0465000011
v -0.0494999997 0.874000013 0.0465000011
v -0.0494999997 0.874000013 -0.0965000018
v -0.126499996 0.874000013 -0.0965000018
v -0.126499996 0.867999971 -0.102499999
v -0.0494999997 0.867999971 -0.102499999
v -0.0494999997 0.846000016 -0.102499999
v -0.126499996 0.846000016 -0.102499999
v -0.126499996 0.846000016 0.0524999984
v -0.0494999997 0.846000016 0.0524999984
v -0.0494999997 0.867999971 0.0524999984
v -0.126499996 0.867999971 0.0524999984
v -0.126499996 0.846000016 -0.102499999
v -0.0494999997 0.846000016 -0.102499999
v -0.0494999997 0.839999974 -0.0965000018
v -0.126499996 0.839999974 -0.0965000018
v -0.126499996 0.839999974 0.0465000011
v -0.0494999997 0.839999974 0.0465000011
v -0.0494999997 0.846000016 0.0524999984
v -0.126499996 0.846000016 0.0524999984
v -0.126499996 0.874000013 -0.0965000018
v -0.0494999997 0.874000013 -0.0965000018
v -0.0494999997 0.867999971 -0.102499999
v -0.126499996 0.867999971 -0.102499999
v -0.126499996 0.867999971 0.0524999984
v -0.0494999997 0.867999971 0.0524999984
v -0.0494999997 0.874000013 0.0465000011
v -0.126499996 0.874000013 0.0465000011
v -0.132499993 0.846000016 -0.0965000018
v -0.132499993 0.867999971 -0.0965000018
v -0.126499996 0.867999971 -0.102499999
v -0.126499996 0.846000016 -0.102499999
v -0.126499996 0.846000016 0.0524999984
v -0.126499996 0.867999971 0.0524999984
v -0.132499993 0.867999971 0.0465000011
v -0.132499993 0.846000016 0.0465000011
v -0.0494999997 0.846000016 -0.102499999
v -0.0494999997 0.867999971 -0.102499999
v -0.0434999987 0.867999971 -0.0965000018
v -0.0434999987 0.846000016 -0.0965000018
v -0.0434999987 0.846000016 0.0465000011
v -0.0434999987 0.867999971 0.0465000011
v -0.0494999997 0.867999971 0.0524999984
v -0.0494999997 0.846000016 0.0524999984
v -0.126499996 0.839999974 -0.0965000018
v -0.126499996 0.839999974 0.0465000011
v -0.132499993 0.846000016 0.0465000011
v -0.132499993 0.846000016 -0.0965000018
v -0.132499993 0.867999971 -0.0965000018
v -0.132499993 0.867999971 0.0465000011
v -0.126499996 0.874000013 0.0465000011
v -0.126499996 0.874000013 -0.0965000018
v -0.0434999987 0.846000016 -0.0965000018
v -0.0434999987 0.846000016 0.0465000011
v -0.0494999997 0.839999974 0.0465000011
v -0.0494999997 0.839999974 -0.0965000018
v -0.0494999997 0.874000013 -0.0965000018
v -0.0494999997 0.874000013 0.0465000011
v -0.0434999987 0.867999971 0.0465000011
v -0.0434999987 0.867999971 -0.0965000018
v -0.126499996 0.846000016 -0.102499999
v -0.126499996 0.839999974 -0.0965000018
v -0.132499993 0.846000016 -0.0965000018
v -0.132499993 0.846000016 0.0465000011
v -0.126499996 0.839999974 0.0465000011
v -0.126499996 0.846000016 0.0524999984
v -0.132499993 0.867999971 -0.0965000018
v -0.126499996 0.874000013 -0.0965000018
v -0.126499996 0.867999971 -0.102499999
v -0.126499996 0.867999971 0.0524999984
v -0.126499996 0.874000013 0.0465000011
v -0.132499993 0.867999971 0.0465000011
v -0.0434999987 0.846000016 -0.0965000018
v -0.0494999997 0.839999974 -0.0965000018
v -0.0494999997 0.846000016 -0.102499999
v -0.0494999997 0.846000016 0.0524999984
v -0.0494999997 0.839999974 0.0465000011
v -0.0434999987 0.846000016 0.0465000011
v -0.0494999997 0.867999971 -0.102499999
v -0.0494999997 0.874000013 -0.0965000018
v -0.0434999987 0.867999971 -0.0965000018
v -0.0434999987 0.867999971 0.0465000011
v -0.0494999997 0.874000013 0.0465000011
v -0.0494999997 0.867999971 0.0524999984
v 0.280000001 0.810000002 -0.0799999982
v 0.286000013 0.823000014 -0.0799999982
v 0.282117873 0.823000014 -0.060483139
v 0.276574582 0.810000002 -0.0627792478
v 0.276574582 0.810000002 -0.0627792478
v 0.282117873 0.823000014 -0.060483139
v 0.271062464 0.823000014 -0.043937549
v 0.266819805 0.810000002 -0.048180189
v 0.266819805 0.810000002 -0.048180189
v 0.271062464 0.823000014 -0.043937549
v 0.25451687 0.823000014 -0.0328821391
v 0.25222075 0.810000002 -0.0384254195
v 0.25222075 0.810000002 -0.0384254195
v 0.25451687 0.823000014 -0.0328821391
v 0.234999999 0.823000014 -0.0289999992
v 0.234999999 0.810000002 -0.0350000001
v 0.234999999 0.810000002 -0.0350000001
v 0.234999999 0.823000014 -0.0289999992
v 0.215483144 0.823000014 -0.0328821391
v 0.217779249 0.810000002 -0.0384254195
v 0.217779249 0.810000002 -0.0384254195
v 0.215483144 0.823000014 -0.0328821391
v 0.19893755 0.823000014 -0.043937549
v 0.203180194 0.810000002 -0.048180189
v 0.203180194 0.810000002 -0.048180189
v 0.19893755 0.823000014 -0.043937549
v 0.18788214 0.823000014 -0.060483139
v 0.193425417 0.810000002 -0.0627792478
v 0.193425417 0.810000002 -0.0627792478
v 0.18788214 0.823000014 -0.060483139
v 0.184 0.823000014 -0.0799999982
v 0.189999998 0.810000002 -0.0799999982
v 0.189999998 0.810000002 -0.0799999982
v 0.184 0.823000014 -0.0799999982
v 0.18788214 0.823000014 -0.0995168611
v 0.193425417 0.810000002 -0.0972207487
v 0.193425417 0.810000002 -0.0972207487
v 0.18788214 0.823000014 -0.0995168611
v 0.19893755 0.823000014 -0.116062447
v 0.203180194 0.810000002 -0.111819811
v 0.203180194 0.810000002 -0.111819811
v 0.19893755 0.823000014 -0.116062447
v 0.215483144 0.823000014 -0.127117857
v 0.217779249 0.810000002 -0.121574581
v 0.217779249 0.810000002 -0.121574581
v 0.215483144 0.823000014 -0.127117857
v 0.234999999 0.823000014 -0.130999997
v 0.234999999 0.810000002 -0.125
v 0.234999999 0.810000002 -0.125
v 0.234999999 0.823000014 -0.130999997
v 0.25451687 0.823000014 -0.127117857
v 0.25222075 0.810000002 -0.121574581
v 0.25222075 0.810000002 -0.121574581
v 0.25451687 0.823000014 -0.127117857
v 0.271062464 0.823000014 -0.116062447
v 0.266819805 0.810000002 -0.111819811
v 0.266819805 0.810000002 -0.111819811
v 0.271062464 0.823000014 -0.116062447
v 0.282117873 0.823000014 -0.0995168611
v 0.276574582 0.810000002 -0.0972207487
v 0.276574582 0.810000002 -0.0972207487
v 0.282117873 0.823000014 -0.0995168611
v 0.286000013 0.823000014 -0.0799999982
v 0.280000001 0.810000002 -0.0799999982
v 0.286000013 0.823000014 -0.0799999982
v 0.286000013 0.949999988 -0.0799999982
v 0.282117873 0.949999988 -0.060483139
v 0.282117873 0.823000014 -0.060483139
v 0.271062464 0.949999988 -0.043937549
v 0.271062464 0.823000014 -0.043937549
v 0.25451687 0.949999988 -0.0328821391
v 0.25451687 0.823000014 -0.0328821391
v 0.234999999 0.949999988 -0.0289999992
v 0.234999999 0.823000014 -0.0289999992
v 0.215483144 0.949999988 -0.0328821391
v 0.215483144 0.823000014 -0.0328821391
v 0.19893755 0.949999988 -0.043937549
v 0.19893755 0.823000014 -0.043937549
v 0.18788214 0.949999988 -0.060483139
v 0.18788214 0.823000014 -0.060483139
v 0.184 0.949999988 -0.0799999982
v 0.184 0.823000014 -0.0799999982
v 0.18788214 0.949999988 -0.0995168611
v 0.18788214 0.823000014 -0.0995168611
v 0.19893755 0.949999988 -0.116062447
v 0.19893755 0.823000014 -0.116062447
v 0.215483144 0.949999988 -0.127117857
v 0.215483144 0.823000014 -0.127117857
v 0.234999999 0.949999988 -0.130999997
v 0.234999999 0.823000014 -0.130999997
v 0.25451687 0.949999988 -0.127117857
v 0.25451687 0.823000014 -0.127117857
v 0.271062464 0.949999988 -0.116062447
v 0.271062464 0.823000014 -0.116062447
v 0.282117873 0.949999988 -0.0995168611
v 0.282117873 0.823000014 -0.0995168611
v 0.286000013 0.949999988 -0.0799999982
v 0.286000013 0.823000014 -0.0799999982
v 0.286000013 0.949999988 -0.0799999982
v 0.26699999 0.972000003 -0.0799999982
v 0.264564157 0.972000003 -0.0677541271
v 0.282117873 0.949999988 -0.060483139
v 0.282117873 0.949999988 -0.060483139
v 0.264564157 0.972000003 -0.0677541271
v 0.257627428 0.972000003 -0.0573725812
v 0.271062464 0.949999988 -0.043937549
v 0.271062464 0.949999988 -0.043937549
v 0.257627428 0.972000003 -0.0573725812
v 0.247245863 0.972000003 -0.0504358485
v 0.25451687 0.949999988 -0.0328821391
v 0.25451687 0.949999988 -0.0328821391
v 0.247245863 0.972000003 -0.0504358485
v 0.234999999 0.972000003 -0.0480000004
v 0.234999999 0.949999988 -0.0289999992
v 0.234999999 0.949999988 -0.0289999992
v 0.234999999 0.972000003 -0.0480000004
v 0.222754136 0.972000003 -0.0504358485
v 0.215483144 0.949999988 -0.0328821391
v 0.215483144 0.949999988 -0.0328821391
v 0.222754136 0.972000003 -0.0504358485
v 0.212372586 0.972000003 -0.0573725812
v 0.19893755 0.949999988 -0.043937549
v 0.19893755 0.949999988 -0.043937549
v 0.212372586 0.972000003 -0.0573725812
v 0.205435857 0.972000003 -0.0677541271
v 0.18788214 0.949999988 -0.060483139
v 0.18788214 0.949999988 -0.060483139
v 0.205435857 0.972000003 -0.0677541271
v 0.202999994 0.972000003 -0.0799999982
v 0.184 0.949999988 -0.0799999982
v 0.184 0.949999988 -0.0799999982
v 0.202999994 0.972000003 -0.0799999982
v 0.205435857 0.972000003 -0.0922458693
v 0.18788214 0.949999988 -0.0995168611
v 0.18788214 0.949999988 -0.0995168611
v 0.205435857 0.972000003 -0.0922458693
v 0.212372586 0.972000003 -0.102627419
v 0.19893755 0.949999988 -0.116062447
v 0.19893755 0.949999988 -0.116062447
v 0.212372586 0.972000003 -0.102627419
v 0.222754136 0.972000003 -0.109564148
v 0.215483144 0.949999988 -0.127117857
v 0.215483144 0.949999988 -0.127117857
v 0.222754136 0.972000003 -0.109564148
v 0.234999999 0.972000003 -0.112000003
v 0.234999999 0.949999988 -0.130999997
v 0.234999999 0.949999988 -0.130999997
v 0.234999999 0.972000003 -0.112000003
v 0.247245863 0.972000003 -0.109564148
v 0.25451687 0.949999988 -0.127117857
v 0.25451687 0.949999988 -0.127117857
v 0.247245863 0.972000003 -0.109564148
v 0.257627428 0.972000003 -0.102627419
v 0.271062464 0.949999988 -0.116062447
v 0.271062464 0.949999988 -0.116062447
v 0.257627428 0.972000003 -0.102627419
v 0.264564157 0.972000003 -0.0922458693
v 0.282117873 0.949999988 -0.0995168611
v 0.282117873 0.949999988 -0.0995168611
v 0.264564157 0.972000003 -0.0922458693
v 0.26699999 0.972000003 -0.0799999982
v 0.286000013 0.949999988 -0.0799999982
v 0.26699999 0.972000003 -0.0799999982
v 0.25999999 0.99000001 -0.0799999982
v 0.258096993 0.99000001 -0.0704329088
v 0.264564157 0.972000003 -0.0677541271
v 0.264564157 0.972000003 -0.0677541271
v 0.258096993 0.99000001 -0.0704329088
v 0.252677679 0.99000001 -0.0623223297
v 0.257627428 0.972000003 -0.0573725812
v 0.257627428 0.972000003 -0.0573725812
v 0.252677679 0.99000001 -0.0623223297
v 0.244567096 0.99000001 -0.0569030084
v 0.247245863 0.972000003 -0.0504358485
v 0.247245863 0.972000003 -0.0504358485
v 0.244567096 0.99000001 -0.0569030084
v 0.234999999 0.99000001 -0.0549999997
v 0.234999999 0.972000003 -0.0480000004
v 0.234999999 0.972000003 -0.0480000004
v 0.234999999 0.99000001 -0.0549999997
v 0.225432903 0.99000001 -0.0569030084
v 0.222754136 0.972000003 -0.0504358485
v 0.222754136 0.972000003 -0.0504358485
v 0.225432903 0.99000001 -0.0569030084
v 0.217322335 0.99000001 -0.0623223297
v 0.212372586 0.972000003 -0.0573725812
v 0.212372586 0.972000003 -0.0573725812
v 0.217322335 0.99000001 -0.0623223297
v 0.211903006 0.99000001 -0.0704329088
v 0.205435857 0.972000003 -0.0677541271
v 0.205435857 0.972000003 -0.0677541271
v 0.211903006 0.99000001 -0.0704329088
v 0.209999993 0.99000001 -0.0799999982
v 0.202999994 0.972000003 -0.0799999982
v 0.202999994 0.972000003 -0.0799999982
v 0.209999993 0.99000001 -0.0799999982
v 0.211903006 0.99000001 -0.0895670876
v 0.205435857 0.972000003 -0.0922458693
v 0.205435857 0.972000003 -0.0922458693
v 0.211903006 0.99000001 -0.0895670876
v 0.217322335 0.99000001 -0.0976776704
v 0.212372586 0.972000003 -0.102627419
v 0.212372586 0.972000003 -0.102627419
v 0.217322335 0.99000001 -0.0976776704
v 0.225432903 0.99000001 -0.103096992
v 0.222754136 0.972000003 -0.109564148
v 0.222754136 0.972000003 -0.109564148
v 0.225432903 0.99000001 -0.103096992
v 0.234999999 0.99000001 -0.104999997
v 0.234999999 0.972000003 -0.112000003
v 0.234999999 0.972000003 -0.112000003
v 0.234999999 0.99000001 -0.104999997
v 0.244567096 0.99000001 -0.103096992
v 0.247245863 0.972000003 -0.109564148
v 0.247245863 0.972000003 -0.109564148
v 0.244567096 0.99000001 -0.103096992
v 0.252677679 0.99000001 -0.0976776704
v 0.257627428 0.972000003 -0.102627419
v 0.257627428 0.972000003 -0.102627419
v 0.252677679 0.99000001 -0.0976776704
v 0.258096993 0.99000001 -0.0895670876
v 0.264564157 0.972000003 -0.0922458693
v 0.264564157 0.972000003 -0.0922458693
v 0.258096993 0.99000001 -0.0895670876
v 0.25999999 0.99000001 -0.0799999982
v 0.26699999 0.972000003 -0.0799999982
v 0.280000001 0.810000002 -0.0799999982
v 0.276574582 0.810000002 -0.0627792478
v 0.266819805 0.810000002 -0.048180189
v 0.25222075 0.810000002 -0.0384254195
v 0.234999999 0.810000002 -0.0350000001
v 0.217779249 0.810000002 -0.0384254195
v 0.203180194 0.810000002 -0.048180189
v 0.193425417 0.810000002 -0.0627792478
v 0.189999998 0.810000002 -0.0799999982
v 0.193425417 0.810000002 -0.0972207487
v 0.203180194 0.810000002 -0.111819811
v 0.217779249 0.810000002 -0.121574581
v 0.234999999 0.810000002 -0.125
v 0.25222075 0.810000002 -0.121574581
v 0.266819805 0.810000002 -0.111819811
v 0.276574582 0.810000002 -0.0972207487
v 0.258096993 0.99000001 -0.0895670876
v 0.252677679 0.99000001 -0.0976776704
v 0.244567096 0.99000001 -0.103096992
v 0.234999999 0.99000001 -0.104999997
v 0.225432903 0.99000001 -0.103096992
v 0.217322335 0.99000001 -0.0976776704
v 0.211903006 0.99000001 -0.0895670876
v 0.209999993 0.99000001 -0.0799999982
v 0.211903006 0.99000001 -0.0704329088
v 0.217322335 0.99000001 -0.0623223297
v 0.225432903 0.99000001 -0.0569030084
v 0.234999999 0.99000001 -0.0549999997
v 0.244567096 0.99000001 -0.0569030084
v 0.252677679 0.99000001 -0.0623223297
v 0.258096993 0.99000001 -0.0704329088
v 0.25999999 0.99000001 -0.0799999982
v 0.264999986 0.987999976 -0.0799999982
v 0.264999986 1.02199996 -0.0799999982
v 0.262716383 1.02199996 -0.0685195029
v 0.262716383 0.987999976 -0.0685195029
v 0.256213188 1.02199996 -0.0587867983
v 0.256213188 0.987999976 -0.0587867983
v 0.246480495 1.02199996 -0.0522836111
v 0.246480495 0.987999976 -0.0522836111
v 0.234999999 1.02199996 -0.0500000007
v 0.234999999 0.987999976 -0.0500000007
v 0.223519504 1.02199996 -0.0522836111
v 0.223519504 0.987999976 -0.0522836111
v 0.213786796 1.02199996 -0.0587867983
v 0.213786796 0.987999976 -0.0587867983
v 0.207283616 1.02199996 -0.0685195029
v 0.207283616 0.987999976 -0.0685195029
v 0.204999998 1.02199996 -0.0799999982
v 0.204999998 0.987999976 -0.0799999982
v 0.207283616 1.02199996 -0.091480501
v 0.207283616 0.987999976 -0.091480501
v 0.213786796 1.02199996 -0.101213202
v 0.213786796 0.987999976 -0.101213202
v 0.223519504 1.02199996 -0.107716389
v 0.223519504 0.987999976 -0.107716389
v 0.234999999 1.02199996 -0.109999999
v 0.234999999 0.987999976 -0.109999999
v 0.246480495 1.02199996 -0.107716389
v 0.246480495 0.987999976 -0.107716389
v 0.256213188 1.02199996 -0.101213202
v 0.256213188 0.987999976 -0.101213202
v 0.262716383 1.02199996 -0.091480501
v 0.262716383 0.987999976 -0.091480501
v 0.264999986 1.02199996 -0.0799999982
v 0.264999986 0.987999976 -0.0799999982
v 0.264999986 0.987999976 -0.0799999982
v 0.262716383 0.987999976 -0.0685195029
v 0.256213188 0.987999976 -0.0587867983
v 0.246480495 0.987999976 -0.0522836111
v 0.234999999 0.987999976 -0.0500000007
v 0.223519504 0.987999976 -0.0522836111
v 0.213786796 0.987999976 -0.0587867983
v 0.207283616 0.987999976 -0.0685195029
v 0.204999998 0.987999976 -0.0799999982
v 0.207283616 0.987999976 -0.091480501
v 0.213786796 0.987999976 -0.101213202
v 0.223519504 0.987999976 -0.107716389
v 0.234999999 0.987999976 -0.109999999
v 0.246480495 0.987999976 -0.107716389
v 0.256213188 0.987999976 -0.101213202
v 0.262716383 0.987999976 -0.091480501
v 0.262716383 1.02199996 -0.091480501
v 0.256213188 1.02199996 -0.101213202
v 0.246480495 1.02199996 -0.107716389
v 0.234999999 1.02199996 -0.109999999
v 0.223519504 1.02199996 -0.107716389
v 0.213786796 1.02199996 -0.101213202
v 0.207283616 1.02199996 -0.091480501
v 0.204999998 1.02199996 -0.0799999982
v 0.207283616 1.02199996 -0.0685195029
v 0.213786796 1.02199996 -0.0587867983
v 0.223519504 1.02199996 -0.0522836111
v 0.234999999 1.02199996 -0.0500000007
v 0.246480495 1.02199996 -0.0522836111
v 0.256213188 1.02199996 -0.0587867983
v 0.262716383 1.02199996 -0.0685195029
v 0.264999986 1.02199996 -0.0799999982
v 0.203999996 0.877499998 -0.0270000007
v 0.266000003 0.877499998 -0.0270000007
v 0.266000003 0.912500024 -0.0270000007
v 0.203999996 0.912500024 -0.0270000007
v -0.280000001 0.712499976 0.231999993
v -0.280000001 0.771499991 0.231999993
v -0.280000001 0.771499991 0.230000004
v -0.280000001 0.712499976 0.230000004
v 0.170000002 0.712499976 0.230000004
v 0.170000002 0.771499991 0.230000004
v 0.170000002 0.771499991 0.231999993
v 0.170000002 0.712499976 0.231999993
v -0.277999997 0.710500002 0.230000004
v 0.167999998 0.710500002 0.230000004
v 0.167999998 0.710500002 0.231999993
v -0.277999997 0.710500002 0.231999993
v -0.277999997 0.773500025 0.231999993
v 0.167999998 0.773500025 0.231999993
v 0.167999998 0.773500025 0.230000004
v -0.277999997 0.773500025 0.230000004
v -0.277999997 0.771499991 0.228
v 0.167999998 0.771499991 0.228
v 0.167999998 0.712499976 0.228
v -0.277999997 0.712499976 0.228
v -0.277999997 0.712499976 0.233999997
v 0.167999998 0.712499976 0.233999997
v 0.167999998 0.771499991 0.233999997
v -0.277999997 0.771499991 0.233999997
v -0.277999997 0.712499976 0.228
v 0.167999998 0.712499976 0.228
v 0.167999998 0.710500002 0.230000004
v -0.277999997 0.710500002 0.230000004
v -0.277999997 0.710500002 0.231999993
v 0.167999998 0.710500002 0.231999993
v 0.167999998 0.712499976 0.233999997
v -0.277999997 0.712499976 0.233999997
v -0.277999997 0.773500025 0.230000004
v 0.167999998 0.773500025 0.230000004
v 0.167999998 0.771499991 0.228
v -0.277999997 0.771499991 0.228
v -0.277999997 0.771499991 0.233999997
v 0.167999998 0.771499991 0.233999997
v 0.167999998 0.773500025 0.231999993
v -0.277999997 0.773500025 0.231999993
v -0.280000001 0.712499976 0.230000004
v -0.280000001 0.771499991 0.230000004
v -0.277999997 0.771499991 0.228
v -0.277999997 0.712499976 0.228
v -0.277999997 0.712499976 0.233999997
v -0.277999997 0.771499991 0.233999997
v -0.280000001 0.771499991 0.231999993
v -0.280000001 0.712499976 0.231999993
v 0.167999998 0.712499976 0.228
v 0.167999998 0.771499991 0.228
v 0.170000002 0.771499991 0.230000004
v 0.170000002 0.712499976 0.230000004
v 0.170000002 0.712499976 0.231999993
v 0.170000002 0.771499991 0.231999993
v 0.167999998 0.771499991 0.233999997
v 0.167999998 0.712499976 0.233999997
v -0.277999997 0.710500002 0.230000004
v -0.277999997 0.710500002 0.231999993
v -0.280000001 0.712499976 0.231999993
v -0.280000001 0.712499976 0.230000004
v -0.280000001 0.771499991 0.230000004
v -0.280000001 0.771499991 0.231999993
v -0.277999997 0.773500025 0.231999993
v -0.277999997 0.773500025 0.230000004
v 0.170000002 0.712499976 0.230000004
v 0.170000002 0.712499976 0.231999993
v 0.167999998 0.710500002 0.231999993
v 0.167999998 0.710500002 0.230000004
v 0.167999998 0.773500025 0.230000004
v 0.167999998 0.773500025 0.231999993
v 0.170000002 0.771499991 0.231999993
v 0.170000002 0.771499991 0.230000004
v -0.277999997 0.712499976 0.228
v -0.277999997 0.710500002 0.230000004
v -0.280000001 0.712499976 0.230000004
v -0.280000001 0.712499976 0.231999993
v -0.277999997 0.710500002 0.231999993
v -0.277999997 0.712499976 0.233999997
v -0.280000001 0.771499991 0.230000004
v -0.277999997 0.773500025 0.230000004
v -0.277999997 0.771499991 0.228
v -0.277999997 0.771499991 0.233999997
v -0.277999997 0.773500025 0.231999993
v -0.280000001 0.771499991 0.231999993
v 0.170000002 0.712499976 0.230000004
v 0.167999998 0.710500002 0.230000004
v 0.167999998 0.712499976 0.228
v 0.167999998 0.712499976 0.233999997
v 0.167999998 0.710500002 0.231999993
v 0.170000002 0.712499976 0.231999993
v 0.167999998 0.771499991 0.228
v 0.167999998 0.773500025 0.230000004
v 0.170000002 0.771499991 0.230000004
v 0.170000002 0.771499991 0.231999993
v 0.167999998 0.773500025 0.231999993
v 0.167999998 0.771499991 0.233999997
vt 0.74000001 -0.246999994
vt 0.783999979 -0.246999994
vt 0.783999979 -0.256999999
vt 0.74000001 -0.256999999
vt 0.74000001 -0.256999999
vt 0.783999979 -0.256999999
vt 0.783999979 -0.246999994
vt 0.74000001 -0.246999994
vt -0.501999974 -0.256999999
vt 0.842000008 -0.256999999
vt 0.842000008 -0.246999994
vt -0.501999974 -0.246999994
vt -0.501999974 -0.246999994
vt 0.842000008 -0.246999994
vt 0.842000008 -0.256999999
vt -0.501999974 -0.256999999
vt -0.501999974 0.783999979
vt 0.842000008 0.783999979
vt 0.842000008 0.74000001
vt -0.501999974 0.74000001
vt -0.501999974 0.74000001
vt 0.842000008 0.74000001
vt 0.842000008 0.783999979
vt -0.501999974 0.783999979
vt -0.501999974 0.74000001
vt 0.842000008 0.74000001
vt 0.842000008 0.731999993
vt -0.501999974 0.731999993
vt -0.501999974 0.731999993
vt 0.842000008 0.731999993
vt 0.842000008 0.74000001
vt -0.501999974 0.74000001
vt -0.501999974 0.791999996
vt 0.842000008 0.791999996
vt 0.842000008 0.783999979
vt -0.501999974 0.783999979
vt -0.501999974 0.783999979
vt 0.842000008 0.783999979
vt 0.842000008 0.791999996
vt -0.501999974 0.791999996
vt 0.74000001 -0.50999999
vt 0.783999979 -0.50999999
vt 0.783999979 -0.501999974
vt 0.74000001 -0.501999974
vt 0.74000001 -0.501999974
vt 0.783999979 -0.501999974
vt 0.783999979 -0.50999999
vt 0.74000001 -0.50999999
vt 0.74000001 0.842000008
vt 0.783999979 0.842000008
vt 0.783999979 0.850000024
vt 0.74000001 0.850000024
vt 0.74000001 0.850000024
vt 0.783999979 0.850000024
vt 0.783999979 0.842000008
vt 0.74000001 0.842000008
vt -0.256999999 -0.501999974
vt -0.246999994 -0.501999974
vt -0.246999994 -0.50999999
vt -0.256999999 -0.50999999
vt -0.256999999 -0.50999999
vt -0.246999994 -0.50999999
vt -0.246999994 -0.501999974
vt -0.256999999 -0.501999974
vt -0.256999999 0.850000024
vt -0.246999994 0.850000024
vt -0.246999994 0.842000008
vt -0.256999999 0.842000008
vt -0.256999999 0.842000008
vt -0.246999994 0.842000008
vt -0.246999994 0.850000024
vt -0.256999999 0.850000024
vt -0.501999974 0.74000001
vt -0.501999974 0.731999993
vt -0.50999999 0.74000001
vt -0.50999999 0.74000001
vt -0.501999974 0.731999993
vt -0.501999974 0.74000001
vt -0.50999999 0.783999979
vt -0.501999974 0.791999996
vt -0.501999974 0.783999979
vt -0.501999974 0.783999979
vt -0.501999974 0.791999996
vt -0.50999999 0.783999979
vt 0.850000024 0.74000001
vt 0.842000008 0.731999993
vt 0.842000008 0.74000001
vt 0.842000008 0.74000001
vt 0.842000008 0.731999993
vt 0.850000024 0.74000001
vt 0.842000008 0.783999979
vt 0.842000008 0.791999996
vt 0.850000024 0.783999979
vt 0.850000024 0.783999979
vt 0.842000008 0.791999996
vt 0.842000008 0.783999979
vt 0.74000001 0.597000003
vt 0.783999979 0.597000003
vt 0.783999979 0.587000012
vt 0.74000001 0.587000012
vt 0.74000001 0.587000012
vt 0.783999979 0.587000012
vt 0.783999979 0.597000003
vt 0.74000001 0.597000003
vt -0.501999974 0.587000012
vt 0.842000008 0.587000012
vt 0.842000008 0.597000003
vt -0.501999974 0.597000003
vt -0.501999974 0.597000003
vt 0.842000008 0.597000003
vt 0.842000008 0.587000012
vt -0.501999974 0.587000012
vt -0.501999974 0.783999979
vt 0.842000008 0.783999979
vt 0.842000008 0.74000001
vt -0.501999974 0.74000001
vt -0.501999974 0.74000001
vt 0.842000008 0.74000001
vt 0.842000008 0.783999979
vt -0.501999974 0.783999979
vt -0.501999974 0.74000001
vt 0.842000008 0.74000001
vt 0.842000008 0.731999993
vt -0.501999974 0.731999993
vt -0.501999974 0.731999993
vt 0.842000008 0.731999993
vt 0.842000008 0.74000001
vt -0.501999974 0.74000001
vt -0.501999974 0.791999996
vt 0.842000008 0.791999996
vt 0.842000008 0.783999979
vt -0.501999974 0.783999979
vt -0.501999974 0.783999979
vt 0.842000008 0.783999979
vt 0.842000008 0.791999996
vt -0.501999974 0.791999996
vt 0.74000001 -0.50999999
vt 0.783999979 -0.50999999
vt 0.783999979 -0.501999974
vt 0.74000001 -0.501999974
vt 0.74000001 -0.501999974
vt 0.783999979 -0.501999974
vt 0.783999979 -0.50999999
vt 0.74000001 -0.50999999
vt 0.74000001 0.842000008
vt 0.783999979 0.842000008
vt 0.783999979 0.850000024
vt 0.74000001 0.850000024
vt 0.74000001 0.850000024
vt 0.783999979 0.850000024
vt 0.783999979 0.842000008
vt 0.74000001 0.842000008
vt 0.587000012 -0.501999974
vt 0.597000003 -0.501999974
vt 0.597000003 -0.50999999
vt 0.587000012 -0.50999999
vt 0.587000012 -0.50999999
vt 0.597000003 -0.50999999
vt 0.597000003 -0.501999974
vt 0.587000012 -0.501999974
vt 0.587000012 0.850000024
vt 0.597000003 0.850000024
vt 0.597000003 0.842000008
vt 0.587000012 0.842000008
vt 0.587000012 0.842000008
vt 0.597000003 0.842000008
vt 0.597000003 0.850000024
vt 0.587000012 0.850000024
vt -0.501999974 0.74000001
vt -0.501999974 0.731999993
vt -0.50999999 0.74000001
vt -0.50999999 0.74000001
vt -0.501999974 0.731999993
vt -0.501999974 0.74000001
vt -0.50999999 0.783999979
vt -0.501999974 0.791999996
vt -0.501999974 0.783999979
vt -0.501999974 0.783999979
vt -0.501999974 0.791999996
vt -0.50999999 0.783999979
vt 0.850000024 0.74000001
vt 0.842000008 0.731999993
vt 0.842000008 0.74000001
vt 0.842000008 0.74000001
vt 0.842000008 0.731999993
vt 0.850000024 0.74000001
vt 0.842000008 0.783999979
vt 0.842000008 0.791999996
vt 0.850000024 0.783999979
vt 0.850000024 0.783999979
vt 0.842000008 0.791999996
vt 0.842000008 0.783999979
vt 0.74000001 0.572000027
vt 0.783999979 0.572000027
vt 0.783999979 -0.231999993
vt 0.74000001 -0.231999993
vt 0.74000001 -0.231999993
vt 0.783999979 -0.231999993
vt 0.783999979 0.572000027
vt 0.74000001 0.572000027
vt -0.504999995 -0.231999993
vt -0.495000005 -0.231999993
vt -0.495000005 0.572000027
vt -0.504999995 0.572000027
vt -0.504999995 0.572000027
vt -0.495000005 0.572000027
vt -0.495000005 -0.231999993
vt -0.504999995 -0.231999993
vt -0.504999995 0.783999979
vt -0.495000005 0.783999979
vt -0.495000005 0.74000001
vt -0.504999995 0.74000001
vt -0.504999995 0.74000001
vt -0.495000005 0.74000001
vt -0.495000005 0.783999979
vt -0.504999995 0.783999979
vt -0.504999995 0.74000001
vt -0.495000005 0.74000001
vt -0.495000005 0.731999993
vt -0.504999995 0.731999993
vt -0.504999995 0.731999993
vt -0.495000005 0.731999993
vt -0.495000005 0.74000001
vt -0.504999995 0.74000001
vt -0.504999995 0.791999996
vt -0.495000005 0.791999996
vt -0.495000005 0.783999979
vt -0.504999995 0.783999979
vt -0.504999995 0.783999979
vt -0.495000005 0.783999979
vt -0.495000005 0.791999996
vt -0.504999995 0.791999996
vt 0.74000001 -0.513000011
vt 0.783999979 -0.513000011
vt 0.783999979 -0.504999995
vt 0.74000001 -0.504999995
vt 0.74000001 -0.504999995
vt 0.783999979 -0.504999995
vt 0.783999979 -0.513000011
vt 0.74000001 -0.513000011
vt 0.74000001 -0.495000005
vt 0.783999979 -0.495000005
vt 0.783999979 -0.486999989
vt 0.74000001 -0.486999989
vt 0.74000001 -0.486999989
vt 0.783999979 -0.486999989
vt 0.783999979 -0.495000005
vt 0.74000001 -0.495000005
vt -0.231999993 -0.504999995
vt 0.572000027 -0.504999995
vt 0.572000027 -0.513000011
vt -0.231999993 -0.513000011
vt -0.231999993 -0.513000011
vt 0.572000027 -0.513000011
vt 0.572000027 -0.504999995
vt -0.231999993 -0.504999995
vt -0.231999993 -0.486999989
vt 0.572000027 -0.486999989
vt 0.572000027 -0.495000005
vt -0.231999993 -0.495000005
vt -0.231999993 -0.495000005
vt 0.572000027 -0.495000005
vt 0.572000027 -0.486999989
vt -0.231999993 -0.486999989
vt -0.504999995 0.74000001
vt -0.504999995 0.731999993
vt -0.513000011 0.74000001
vt -0.513000011 0.74000001
vt -0.504999995 0.731999993
vt -0.504999995 0.74000001
vt -0.513000011 0.783999979
vt -0.504999995 0.791999996
vt -0.504999995 0.783999979
vt -0.504999995 0.783999979
vt -0.504999995 0.791999996
vt -0.513000011 0.783999979
vt -0.486999989 0.74000001
vt -0.495000005 0.731999993
vt -0.495000005 0.74000001
vt -0.495000005 0.74000001
vt -0.495000005 0.731999993
vt -0.486999989 0.74000001
vt -0.495000005 0.783999979
vt -0.495000005 0.791999996
vt -0.486999989 0.783999979
vt -0.486999989 0.783999979
vt -0.495000005 0.791999996
vt -0.495000005 0.783999979
vt 0.74000001 0.572000027
vt 0.783999979 0.572000027
vt 0.783999979 -0.231999993
vt 0.74000001 -0.231999993
vt 0.74000001 -0.231999993
vt 0.783999979 -0.231999993
vt 0.783999979 0.572000027
vt 0.74000001 0.572000027
vt 0.834999979 -0.231999993
vt 0.845000029 -0.231999993
vt 0.845000029 0.572000027
vt 0.834999979 0.572000027
vt 0.834999979 0.572000027
vt 0.845000029 0.572000027
vt 0.845000029 -0.231999993
vt 0.834999979 -0.231999993
vt 0.834999979 0.783999979
vt 0.845000029 0.783999979
vt 0.845000029 0.74000001
vt 0.834999979 0.74000001
vt 0.834999979 0.74000001
vt 0.845000029 0.74000001
vt 0.845000029 0.783999979
vt 0.834999979 0.783999979
vt 0.834999979 0.74000001
vt 0.845000029 0.74000001
vt 0.845000029 0.731999993
vt 0.834999979 0.731999993
vt 0.834999979 0.731999993
vt 0.845000029 0.731999993
vt 0.845000029 0.74000001
vt 0.834999979 0.74000001
vt 0.834999979 0.791999996
vt 0.845000029 0.791999996
vt 0.845000029 0.783999979
vt 0.834999979 0.783999979
vt 0.834999979 0.783999979
vt 0.845000029 0.783999979
vt 0.845000029 0.791999996
vt 0.834999979 0.791999996
vt 0.74000001 0.827000022
vt 0.783999979 0.827000022
vt 0.783999979 0.834999979
vt 0.74000001 0.834999979
vt 0.74000001 0.834999979
vt 0.783999979 0.834999979
vt 0.783999979 0.827000022
vt 0.74000001 0.827000022
vt 0.74000001 0.845000029
vt 0.783999979 0.845000029
vt 0.783999979 0.852999985
vt 0.74000001 0.852999985
vt 0.74000001 0.852999985
vt 0.783999979 0.852999985
vt 0.783999979 0.845000029
vt 0.74000001 0.845000029
vt -0.231999993 0.834999979
vt 0.572000027 0.834999979
vt 0.572000027 0.827000022
vt -0.231999993 0.827000022
vt -0.231999993 0.827000022
vt 0.572000027 0.827000022
vt 0.572000027 0.834999979
vt -0.231999993 0.834999979
vt -0.231999993 0.852999985
vt 0.572000027 0.852999985
vt 0.572000027 0.845000029
vt -0.231999993 0.845000029
vt -0.231999993 0.845000029
vt 0.572000027 0.845000029
vt 0.572000027 0.852999985
vt -0.231999993 0.852999985
vt 0.834999979 0.74000001
vt 0.834999979 0.731999993
vt 0.827000022 0.74000001
vt 0.827000022 0.74000001
vt 0.834999979 0.731999993
vt 0.834999979 0.74000001
vt 0.827000022 0.783999979
vt 0.834999979 0.791999996
vt 0.834999979 0.783999979
vt 0.834999979 0.783999979
vt 0.834999979 0.791999996
vt 0.827000022 0.783999979
vt 0.852999985 0.74000001
vt 0.845000029 0.731999993
vt 0.845000029 0.74000001
vt 0.845000029 0.74000001
vt 0.845000029 0.731999993
vt 0.852999985 0.74000001
vt 0.845000029 0.783999979
vt 0.845000029 0.791999996
vt 0.852999985 0.783999979
vt 0.852999985 0.783999979
vt 0.845000029 0.791999996
vt 0.845000029 0.783999979
vt 1.21399999 -0.246999994
vt 1.25800002 -0.246999994
vt 1.25800002 -0.256999999
vt 1.21399999 -0.256999999
vt 1.21399999 -0.256999999
vt 1.25800002 -0.256999999
vt 1.25800002 -0.246999994
vt 1.21399999 -0.246999994
vt -0.501999974 -0.256999999
vt 0.842000008 -0.256999999
vt 0.842000008 -0.246999994
vt -0.501999974 -0.246999994
vt -0.501999974 -0.246999994
vt 0.842000008 -0.246999994
vt 0.842000008 -0.256999999
vt -0.501999974 -0.256999999
vt -0.501999974 1.25800002
vt 0.842000008 1.25800002
vt 0.842000008 1.21399999
vt -0.501999974 1.21399999
vt -0.501999974 1.21399999
vt 0.842000008 1.21399999
vt 0.842000008 1.25800002
vt -0.501999974 1.25800002
vt -0.501999974 1.21399999
vt 0.842000008 1.21399999
vt 0.842000008 1.20599997
vt -0.501999974 1.20599997
vt -0.501999974 1.20599997
vt 0.842000008 1.20599997
vt 0.842000008 1.21399999
vt -0.501999974 1.21399999
vt -0.501999974 1.26600003
vt 0.842000008 1.26600003
vt 0.842000008 1.25800002
vt -0.501999974 1.25800002
vt -0.501999974 1.25800002
vt 0.842000008 1.25800002
vt 0.842000008 1.26600003
vt -0.501999974 1.26600003
vt 1.21399999 -0.50999999
vt 1.25800002 -0.50999999
vt 1.25800002 -0.501999974
vt 1.21399999 -0.501999974
vt 1.21399999 -0.501999974
vt 1.25800002 -0.501999974
vt 1.25800002 -0.50999999
vt 1.21399999 -0.50999999
vt 1.21399999 0.842000008
vt 1.25800002 0.842000008
vt 1.25800002 0.850000024
vt 1.21399999 0.850000024
vt 1.21399999 0.850000024
vt 1.25800002 0.850000024
vt 1.25800002 0.842000008
vt 1.21399999 0.842000008
vt -0.256999999 -0.501999974
vt -0.246999994 -0.501999974
vt -0.246999994 -0.50999999
vt -0.256999999 -0.50999999
vt -0.256999999 -0.50999999
vt -0.246999994 -0.50999999
vt -0.246999994 -0.501999974
vt -0.256999999 -0.501999974
vt -0.256999999 0.850000024
vt -0.246999994 0.850000024
vt -0.246999994 0.842000008
vt -0.256999999 0.842000008
vt -0.256999999 0.842000008
vt -0.246999994 0.842000008
vt -0.246999994 0.850000024
vt -0.256999999 0.850000024
vt -0.501999974 1.21399999
vt -0.501999974 1.20599997
vt -0.50999999 1.21399999
vt -0.50999999 1.21399999
vt -0.501999974 1.20599997
vt -0.501999974 1.21399999
vt -0.50999999 1.25800002
vt -0.501999974 1.26600003
vt -0.501999974 1.25800002
vt -0.501999974 1.25800002
vt -0.501999974 1.26600003
vt -0.50999999 1.25800002
vt 0.850000024 1.21399999
vt 0.842000008 1.20599997
vt 0.842000008 1.21399999
vt 0.842000008 1.21399999
vt 0.842000008 1.20599997
vt 0.850000024 1.21399999
vt 0.842000008 1.25800002
vt 0.842000008 1.26600003
vt 0.850000024 1.25800002
vt 0.850000024 1.25800002
vt 0.842000008 1.26600003
vt 0.842000008 1.25800002
vt 1.21399999 0.597000003
vt 1.25800002 0.597000003
vt 1.25800002 0.587000012
vt 1.21399999 0.587000012
vt 1.21399999 0.587000012
vt 1.25800002 0.587000012
vt 1.25800002 0.597000003
vt 1.21399999 0.597000003
vt -0.501999974 0.587000012
vt 0.842000008 0.587000012
vt 0.842000008 0.597000003
vt -0.501999974 0.597000003
vt -0.501999974 0.597000003
vt 0.842000008 0.597000003
vt 0.842000008 0.587000012
vt -0.501999974 0.587000012
vt -0.501999974 1.25800002
vt 0.842000008 1.25800002
vt 0.842000008 1.21399999
vt -0.501999974 1.21399999
vt -0.501999974 1.21399999
vt 0.842000008 1.21399999
vt 0.842000008 1.25800002
vt -0.501999974 1.25800002
vt -0.501999974 1.21399999
vt 0.842000008 1.21399999
vt 0.842000008 1.20599997
vt -0.501999974 1.20599997
vt -0.501999974 1.20599997
vt 0.842000008 1.20599997
vt 0.842000008 1.21399999
vt -0.501999974 1.21399999
vt -0.501999974 1.26600003
vt 0.842000008 1.26600003
vt 0.842000008 1.25800002
vt -0.501999974 1.25800002
vt -0.501999974 1.25800002
vt 0.842000008 1.25800002
vt 0.842000008 1.26600003
vt -0.501999974 1.26600003
vt 1.21399999 -0.50999999
vt 1.25800002 -0.50999999
vt 1.25800002 -0.501999974
vt 1.21399999 -0.501999974
vt 1.21399999 -0.501999974
vt 1.25800002 -0.501999974
vt 1.25800002 -0.50999999
vt 1.21399999 -0.50999999
vt 1.21399999 0.842000008
vt 1.25800002 0.842000008
vt 1.25800002 0.850000024
vt 1.21399999 0.850000024
vt 1.21399999 0.850000024
vt 1.25800002 0.850000024
vt 1.25800002 0.842000008
vt 1.21399999 0.842000008
vt 0.587000012 -0.501999974
vt 0.597000003 -0.501999974
vt 0.597000003 -0.50999999
vt 0.587000012 -0.50999999
vt 0.587000012 -0.50999999
vt 0.597000003 -0.50999999
vt 0.597000003 -0.501999974
vt 0.587000012 -0.501999974
vt 0.587000012 0.850000024
vt 0.597000003 0.850000024
vt 0.597000003 0.842000008
vt 0.587000012 0.842000008
vt 0.587000012 0.842000008
vt 0.597000003 0.842000008
vt 0.597000003 0.850000024
vt 0.587000012 0.850000024
vt -0.501999974 1.21399999
vt -0.501999974 1.20599997
vt -0.50999999 1.21399999
vt -0.50999999 1.21399999
vt -0.501999974 1.20599997
vt -0.501999974 1.21399999
vt -0.50999999 1.25800002
vt -0.501999974 1.26600003
vt -0.501999974 1.25800002
vt -0.501999974 1.25800002
vt -0.501999974 1.26600003
vt -0.50999999 1.25800002
vt 0.850000024 1.21399999
vt 0.842000008 1.20599997
vt 0.842000008 1.21399999
vt 0.842000008 1.21399999
vt 0.842000008 1.20599997
vt 0.850000024 1.21399999
vt 0.842000008 1.25800002
vt 0.842000008 1.26600003
vt 0.850000024 1.25800002
vt 0.850000024 1.25800002
vt 0.842000008 1.26600003
vt 0.842000008 1.25800002
vt 1.21399999 0.572000027
vt 1.25800002 0.572000027
vt 1.25800002 -0.231999993
vt 1.21399999 -0.231999993
vt 1.21399999 -0.231999993
vt 1.25800002 -0.231999993
vt 1.25800002 0.572000027
vt 1.21399999 0.572000027
vt -0.504999995 -0.231999993
vt -0.495000005 -0.231999993
vt -0.495000005 0.572000027
vt -0.504999995 0.572000027
vt -0.504999995 0.572000027
vt -0.495000005 0.572000027
vt -0.495000005 -0.231999993
vt -0.504999995 -0.231999993
vt -0.504999995 1.25800002
vt -0.495000005 1.25800002
vt -0.495000005 1.21399999
vt -0.504999995 1.21399999
vt -0.504999995 1.21399999
vt -0.495000005 1.21399999
vt -0.495000005 1.25800002
vt -0.504999995 1.25800002
vt -0.504999995 1.21399999
vt -0.495000005 1.21399999
vt -0.495000005 1.20599997
vt -0.504999995 1.20599997
vt -0.504999995 1.20599997
vt -0.495000005 1.20599997
vt -0.495000005 1.21399999
vt -0.504999995 1.21399999
vt -0.504999995 1.26600003
vt -0.495000005 1.26600003
vt -0.495000005 1.25800002
vt -0.504999995 1.25800002
vt -0.504999995 1.25800002
vt -0.495000005 1.25800002
vt -0.495000005 1.26600003
vt -0.504999995 1.26600003
vt 1.21399999 -0.513000011
vt 1.25800002 -0.513000011
vt 1.25800002 -0.504999995
vt 1.21399999 -0.504999995
vt 1.21399999 -0.504999995
vt 1.25800002 -0.504999995
vt 1.25800002 -0.513000011
vt 1.21399999 -0.513000011
vt 1.21399999 -0.495000005
vt 1.25800002 -0.495000005
vt 1.25800002 -0.486999989
vt 1.21399999 -0.486999989
vt 1.21399999 -0.486999989
vt 1.25800002 -0.486999989
vt 1.25800002 -0.495000005
vt 1.21399999 -0.495000005
vt -0.231999993 -0.504999995
vt 0.572000027 -0.504999995
vt 0.572000027 -0.513000011
vt -0.231999993 -0.513000011
vt -0.231999993 -0.513000011
vt 0.572000027 -0.513000011
vt 0.572000027 -0.504999995
vt -0.231999993 -0.504999995
vt -0.231999993 -0.486999989
vt 0.572000027 -0.486999989
vt 0.572000027 -0.495000005
vt -0.231999993 -0.495000005
vt -0.231999993 -0.495000005
vt 0.572000027 -0.495000005
vt 0.572000027 -0.486999989
vt -0.231999993 -0.486999989
vt -0.504999995 1.21399999
vt -0.504999995 1.20599997
vt -0.513000011 1.21399999
vt -0.513000011 1.21399999
vt -0.504999995 1.20599997
vt -0.504999995 1.21399999
vt -0.513000011 1.25800002
vt -0.504999995 1.26600003
vt -0.504999995 1.25800002
vt -0.504999995 1.25800002
vt -0.504999995 1.26600003
vt -0.513000011 1.25800002
vt -0.486999989 1.21399999
vt -0.495000005 1.20599997
vt -0.495000005 1.21399999
vt -0.495000005 1.21399999
vt -0.495000005 1.20599997
vt -0.486999989 1.21399999
vt -0.495000005 1.25800002
vt -0.495000005 1.26600003
vt -0.486999989 1.25800002
vt -0.486999989 1.25800002
vt -0.495000005 1.26600003
vt -0.495000005 1.25800002
vt 1.21399999 0.572000027
vt 1.25800002 0.572000027
vt 1.25800002 -0.231999993
vt 1.21399999 -0.231999993
vt 1.21399999 -0.231999993
vt 1.25800002 -0.231999993
vt 1.25800002 0.572000027
vt 1.21399999 0.572000027
vt 0.834999979 -0.231999993
vt 0.845000029 -0.231999993
vt 0.845000029 0.572000027
vt 0.834999979 0.572000027
vt 0.834999979 0.572000027
vt 0.845000029 0.572000027
vt 0.845000029 -0.231999993
vt 0.834999979 -0.231999993
vt 0.834999979 1.25800002
vt 0.845000029 1.25800002
vt 0.845000029 1.21399999
vt 0.834999979 1.21399999
vt 0.834999979 1.21399999
vt 0.845000029 1.21399999
vt 0.845000029 1.25800002
vt 0.834999979 1.25800002
vt 0.834999979 1.21399999
vt 0.845000029 1.21399999
vt 0.845000029 1.20599997
vt 0.834999979 1.20599997
vt 0.834999979 1.20599997
vt 0.845000029 1.20599997
vt 0.845000029 1.21399999
vt 0.834999979 1.21399999
vt 0.834999979 1.26600003
vt 0.845000029 1.26600003
vt 0.845000029 1.25800002
vt 0.834999979 1.25800002
vt 0.834999979 1.25800002
vt 0.845000029 1.25800002
vt 0.845000029 1.26600003
vt 0.834999979 1.26600003
vt 1.21399999 0.827000022
vt 1.25800002 0.827000022
vt 1.25800002 0.834999979
vt 1.21399999 0.834999979
vt 1.21399999 0.834999979
vt 1.25800002 0.834999979
vt 1.25800002 0.827000022
vt 1.21399999 0.827000022
vt 1.21399999 0.845000029
vt 1.25800002 0.845000029
vt 1.25800002 0.852999985
vt 1.21399999 0.852999985
vt 1.21399999 0.852999985
vt 1.25800002 0.852999985
vt 1.25800002 0.845000029
vt 1.21399999 0.845000029
vt -0.231999993 0.834999979
vt 0.572000027 0.834999979
vt 0.572000027 0.827000022
vt -0.231999993 0.827000022
vt -0.231999993 0.827000022
vt 0.572000027 0.827000022
vt 0.572000027 0.834999979
vt -0.231999993 0.834999979
vt -0.231999993 0.852999985
vt 0.572000027 0.852999985
vt 0.572000027 0.845000029
vt -0.231999993 0.845000029
vt -0.231999993 0.845000029
vt 0.572000027 0.845000029
vt 0.572000027 0.852999985
vt -0.231999993 0.852999985
vt 0.834999979 1.21399999
vt 0.834999979 1.20599997
vt 0.827000022 1.21399999
vt 0.827000022 1.21399999
vt 0.834999979 1.20599997
vt 0.834999979 1.21399999
vt 0.827000022 1.25800002
vt 0.834999979 1.26600003
vt 0.834999979 1.25800002
vt 0.834999979 1.25800002
vt 0.834999979 1.26600003
vt 0.827000022 1.25800002
vt 0.852999985 1.21399999
vt 0.845000029 1.20599997
vt 0.845000029 1.21399999
vt 0.845000029 1.21399999
vt 0.845000029 1.20599997
vt 0.852999985 1.21399999
vt 0.845000029 1.25800002
vt 0.845000029 1.26600003
vt 0.852999985 1.25800002
vt 0.852999985 1.25800002
vt 0.845000029 1.26600003
vt 0.845000029 1.25800002
vt 1.58500004 0.610000014
vt 1.72300005 0.610000014
vt 1.72300005 -0.270000011
vt 1.58500004 -0.270000011
vt 1.58500004 -0.270000011
vt 1.72300005 -0.270000011
vt 1.72300005 0.610000014
vt 1.58500004 0.610000014
vt -0.546999991 -0.270000011
vt 0.887000024 -0.270000011
vt 0.887000024 0.610000014
vt -0.546999991 0.610000014
vt -0.546999991 0.610000014
vt 0.887000024 0.610000014
vt 0.887000024 -0.270000011
vt -0.546999991 -0.270000011
vt -0.546999991 1.72300005
vt 0.887000024 1.72300005
vt 0.887000024 1.58500004
vt -0.546999991 1.58500004
vt -0.546999991 1.58500004
vt 0.887000024 1.58500004
vt 0.887000024 1.72300005
vt -0.546999991 1.72300005
vt -0.546999991 1.58500004
vt 0.887000024 1.58500004
vt 0.887000024 1.57099998
vt -0.546999991 1.57099998
vt -0.546999991 1.57099998
vt 0.887000024 1.57099998
vt 0.887000024 1.58500004
vt -0.546999991 1.58500004
vt -0.546999991 1.73699999
vt 0.887000024 1.73699999
vt 0.887000024 1.72300005
vt -0.546999991 1.72300005
vt -0.546999991 1.72300005
vt 0.887000024 1.72300005
vt 0.887000024 1.73699999
vt -0.546999991 1.73699999
vt 1.58500004 -0.56099999
vt 1.72300005 -0.56099999
vt 1.72300005 -0.546999991
vt 1.58500004 -0.546999991
vt 1.58500004 -0.546999991
vt 1.72300005 -0.546999991
vt 1.72300005 -0.56099999
vt 1.58500004 -0.56099999
vt 1.58500004 0.887000024
vt 1.72300005 0.887000024
vt 1.72300005 0.901000023
vt 1.58500004 0.901000023
vt 1.58500004 0.901000023
vt 1.72300005 0.901000023
vt 1.72300005 0.887000024
vt 1.58500004 0.887000024
vt -0.270000011 -0.546999991
vt 0.610000014 -0.546999991
vt 0.610000014 -0.56099999
vt -0.270000011 -0.56099999
vt -0.270000011 -0.56099999
vt 0.610000014 -0.56099999
vt 0.610000014 -0.546999991
vt -0.270000011 -0.546999991
vt -0.270000011 0.901000023
vt 0.610000014 0.901000023
vt 0.610000014 0.887000024
vt -0.270000011 0.887000024
vt -0.270000011 0.887000024
vt 0.610000014 0.887000024
vt 0.610000014 0.901000023
vt -0.270000011 0.901000023
vt -0.546999991 1.58500004
vt -0.546999991 1.57099998
vt -0.56099999 1.58500004
vt -0.56099999 1.58500004
vt -0.546999991 1.57099998
vt -0.546999991 1.58500004
vt -0.56099999 1.72300005
vt -0.546999991 1.73699999
vt -0.546999991 1.72300005
vt -0.546999991 1.72300005
vt -0.546999991 1.73699999
vt -0.56099999 1.72300005
vt 0.901000023 1.58500004
vt 0.887000024 1.57099998
vt 0.887000024 1.58500004
vt 0.887000024 1.58500004
vt 0.887000024 1.57099998
vt 0.901000023 1.58500004
vt 0.887000024 1.72300005
vt 0.887000024 1.73699999
vt 0.901000023 1.72300005
vt 0.901000023 1.72300005
vt 0.887000024 1.73699999
vt 0.887000024 1.72300005
vt 1.24399996 0.432000011
vt 1.352 0.432000011
vt 1.352 -0.0920000002
vt 1.24399996 -0.0920000002
vt 1.24399996 -0.0920000002
vt 1.352 -0.0920000002
vt 1.352 0.432000011
vt 1.24399996 0.432000011
vt -0.425999999 -0.0920000002
vt 0.326000005 -0.0920000002
vt 0.326000005 0.432000011
vt -0.425999999 0.432000011
vt -0.425999999 0.432000011
vt 0.326000005 0.432000011
vt 0.326000005 -0.0920000002
vt -0.425999999 -0.0920000002
vt -0.425999999 1.352
vt 0.326000005 1.352
vt 0.326000005 1.24399996
vt -0.425999999 1.24399996
vt -0.425999999 1.24399996
vt 0.326000005 1.24399996
vt 0.326000005 1.352
vt -0.425999999 1.352
vt -0.425999999 1.24399996
vt 0.326000005 1.24399996
vt 0.326000005 1.23000002
vt -0.425999999 1.23000002
vt -0.425999999 1.23000002
vt 0.326000005 1.23000002
vt 0.326000005 1.24399996
vt -0.425999999 1.24399996
vt -0.425999999 1.36600006
vt 0.326000005 1.36600006
vt 0.326000005 1.352
vt -0.425999999 1.352
vt -0.425999999 1.352
vt 0.326000005 1.352
vt 0.326000005 1.36600006
vt -0.425999999 1.36600006
vt 1.24399996 -0.439999998
vt 1.352 -0.439999998
vt 1.352 -0.425999999
vt 1.24399996 -0.425999999
vt 1.24399996 -0.425999999
vt 1.352 -0.425999999
vt 1.352 -0.439999998
vt 1.24399996 -0.439999998
vt 1.24399996 0.326000005
vt 1.352 0.326000005
vt 1.352 0.340000004
vt 1.24399996 0.340000004
vt 1.24399996 0.340000004
vt 1.352 0.340000004
vt 1.352 0.326000005
vt 1.24399996 0.326000005
vt -0.0920000002 -0.425999999
vt 0.432000011 -0.425999999
vt 0.432000011 -0.439999998
vt -0.0920000002 -0.439999998
vt -0.0920000002 -0.439999998
vt 0.432000011 -0.439999998
vt 0.432000011 -0.425999999
vt -0.0920000002 -0.425999999
vt -0.0920000002 0.340000004
vt 0.432000011 0.340000004
vt 0.432000011 0.326000005
vt -0.0920000002 0.326000005
vt -0.0920000002 0.326000005
vt 0.432000011 0.326000005
vt 0.432000011 0.340000004
vt -0.0920000002 0.340000004
vt -0.425999999 1.24399996
vt -0.425999999 1.23000002
vt -0.439999998 1.24399996
vt -0.439999998 1.24399996
vt -0.425999999 1.23000002
vt -0.425999999 1.24399996
vt -0.439999998 1.352
vt -0.425999999 1.36600006
vt -0.425999999 1.352
vt -0.425999999 1.352
vt -0.425999999 1.36600006
vt -0.439999998 1.352
vt 0.340000004 1.24399996
vt 0.326000005 1.23000002
vt 0.326000005 1.24399996
vt 0.326000005 1.24399996
vt 0.326000005 1.23000002
vt 0.340000004 1.24399996
vt 0.326000005 1.352
vt 0.326000005 1.36600006
vt 0.340000004 1.352
vt 0.340000004 1.352
vt 0.326000005 1.36600006
vt 0.326000005 1.352
vt 0 0
vt 0 1
vt 0.0833333284 1
vt 0.0833333284 0
vt 0.166666672 1
vt 0.166666672 0
vt 0.25 1
vt 0.25 0
vt 0.333333343 1
vt 0.333333343 0
vt 0.416666657 1
vt 0.416666657 0
vt 0.5 1
vt 0.5 0
vt 0.583333313 1
vt 0.583333313 0
vt 0.666666687 1
vt 0.666666687 0
vt 0.75 1
vt 0.75 0
vt 0.833333313 1
vt 0.833333313 0
vt 0.916666687 1
vt 0.916666687 0
vt 1 1
vt 1 0
vt 0.244000003 -0.230000004
vt 0.249894887 -0.208000004
vt 0.266000003 -0.191894874
vt 0.287999988 -0.186000004
vt 0.310000002 -0.191894874
vt 0.326105118 -0.208000004
vt 0.331999987 -0.230000004
vt 0.326105118 -0.252000004
vt 0.310000002 -0.268105119
vt 0.287999988 -0.273999989
vt 0.266000003 -0.268105119
vt 0.249894887 -0.252000004
vt 0.249894887 -0.252000004
vt 0.266000003 -0.268105119
vt 0.287999988 -0.273999989
vt 0.310000002 -0.268105119
vt 0.326105118 -0.252000004
vt 0.331999987 -0.230000004
vt 0.326105118 -0.208000004
vt 0.310000002 -0.191894874
vt 0.287999988 -0.186000004
vt 0.266000003 -0.191894874
vt 0.249894887 -0.208000004
vt 0.244000003 -0.230000004
vt 0.300000012 -0.180999994
vt 0.483999997 -0.180999994
vt 0.483999997 -0.279000014
vt 0.300000012 -0.279000014
vt 0.300000012 -0.279000014
vt 0.483999997 -0.279000014
vt 0.483999997 -0.180999994
vt 0.300000012 -0.180999994
vt -0.541999996 -0.279000014
vt -0.533999979 -0.279000014
vt -0.533999979 -0.180999994
vt -0.541999996 -0.180999994
vt -0.541999996 -0.180999994
vt -0.533999979 -0.180999994
vt -0.533999979 -0.279000014
vt -0.541999996 -0.279000014
vt -0.541999996 0.483999997
vt -0.533999979 0.483999997
vt -0.533999979 0.300000012
vt -0.541999996 0.300000012
vt -0.541999996 0.300000012
vt -0.533999979 0.300000012
vt -0.533999979 0.483999997
vt -0.541999996 0.483999997
vt -0.541999996 0.300000012
vt -0.533999979 0.300000012
vt -0.533999979 0.291999996
vt -0.541999996 0.291999996
vt -0.541999996 0.291999996
vt -0.533999979 0.291999996
vt -0.533999979 0.300000012
vt -0.541999996 0.300000012
vt -0.541999996 0.492000014
vt -0.533999979 0.492000014
vt -0.533999979 0.483999997
vt -0.541999996 0.483999997
vt -0.541999996 0.483999997
vt -0.533999979 0.483999997
vt -0.533999979 0.492000014
vt -0.541999996 0.492000014
vt 0.300000012 -0.550000012
vt 0.483999997 -0.550000012
vt 0.483999997 -0.541999996
vt 0.300000012 -0.541999996
vt 0.300000012 -0.541999996
vt 0.483999997 -0.541999996
vt 0.483999997 -0.550000012
vt 0.300000012 -0.550000012
vt 0.300000012 -0.533999979
vt 0.483999997 -0.533999979
vt 0.483999997 -0.526000023
vt 0.300000012 -0.526000023
vt 0.300000012 -0.526000023
vt 0.483999997 -0.526000023
vt 0.483999997 -0.533999979
vt 0.300000012 -0.533999979
vt -0.279000014 -0.541999996
vt -0.180999994 -0.541999996
vt -0.180999994 -0.550000012
vt -0.279000014 -0.550000012
vt -0.279000014 -0.550000012
vt -0.180999994 -0.550000012
vt -0.180999994 -0.541999996
vt -0.279000014 -0.541999996
vt -0.279000014 -0.526000023
vt -0.180999994 -0.526000023
vt -0.180999994 -0.533999979
vt -0.279000014 -0.533999979
vt -0.279000014 -0.533999979
vt -0.180999994 -0.533999979
vt -0.180999994 -0.526000023
vt -0.279000014 -0.526000023
vt -0.541999996 0.300000012
vt -0.541999996 0.291999996
vt -0.550000012 0.300000012
vt -0.550000012 0.300000012
vt -0.541999996 0.291999996
vt -0.541999996 0.300000012
vt -0.550000012 0.483999997
vt -0.541999996 0.492000014
vt -0.541999996 0.483999997
vt -0.541999996 0.483999997
vt -0.541999996 0.492000014
vt -0.550000012 0.483999997
vt -0.526000023 0.300000012
vt -0.533999979 0.291999996
vt -0.533999979 0.300000012
vt -0.533999979 0.300000012
vt -0.533999979 0.291999996
vt -0.526000023 0.300000012
vt -0.533999979 0.483999997
vt -0.533999979 0.492000014
vt -0.526000023 0.483999997
vt -0.526000023 0.483999997
vt -0.533999979 0.492000014
vt -0.533999979 0.483999997
vt 0.300000012 -0.180999994
vt 0.483999997 -0.180999994
vt 0.483999997 -0.279000014
vt 0.300000012 -0.279000014
vt 0.300000012 -0.279000014
vt 0.483999997 -0.279000014
vt 0.483999997 -0.180999994
vt 0.300000012 -0.180999994
vt -0.405999988 -0.279000014
vt -0.398000002 -0.279000014
vt -0.398000002 -0.180999994
vt -0.405999988 -0.180999994
vt -0.405999988 -0.180999994
vt -0.398000002 -0.180999994
vt -0.398000002 -0.279000014
vt -0.405999988 -0.279000014
vt -0.405999988 0.483999997
vt -0.398000002 0.483999997
vt -0.398000002 0.300000012
vt -0.405999988 0.300000012
vt -0.405999988 0.300000012
vt -0.398000002 0.300000012
vt -0.398000002 0.483999997
vt -0.405999988 0.483999997
vt -0.405999988 0.300000012
vt -0.398000002 0.300000012
vt -0.398000002 0.291999996
vt -0.405999988 0.291999996
vt -0.405999988 0.291999996
vt -0.398000002 0.291999996
vt -0.398000002 0.300000012
vt -0.405999988 0.300000012
vt -0.405999988 0.492000014
vt -0.398000002 0.492000014
vt -0.398000002 0.483999997
vt -0.405999988 0.483999997
vt -0.405999988 0.483999997
vt -0.398000002 0.483999997
vt -0.398000002 0.492000014
vt -0.405999988 0.492000014
vt 0.300000012 -0.414000005
vt 0.483999997 -0.414000005
vt 0.483999997 -0.405999988
vt 0.300000012 -0.405999988
vt 0.300000012 -0.405999988
vt 0.483999997 -0.405999988
vt 0.483999997 -0.414000005
vt 0.300000012 -0.414000005
vt 0.300000012 -0.398000002
vt 0.483999997 -0.398000002
vt 0.483999997 -0.389999986
vt 0.300000012 -0.389999986
vt 0.300000012 -0.389999986
vt 0.483999997 -0.389999986
vt 0.483999997 -0.398000002
vt 0.300000012 -0.398000002
vt -0.279000014 -0.405999988
vt -0.180999994 -0.405999988
vt -0.180999994 -0.414000005
vt -0.279000014 -0.414000005
vt -0.279000014 -0.414000005
vt -0.180999994 -0.414000005
vt -0.180999994 -0.405999988
vt -0.279000014 -0.405999988
vt -0.279000014 -0.389999986
vt -0.180999994 -0.389999986
vt -0.180999994 -0.398000002
vt -0.279000014 -0.398000002
vt -0.279000014 -0.398000002
vt -0.180999994 -0.398000002
vt -0.180999994 -0.389999986
vt -0.279000014 -0.389999986
vt -0.405999988 0.300000012
vt -0.405999988 0.291999996
vt -0.414000005 0.300000012
vt -0.414000005 0.300000012
vt -0.405999988 0.291999996
vt -0.405999988 0.300000012
vt -0.414000005 0.483999997
vt -0.405999988 0.492000014
vt -0.405999988 0.483999997
vt -0.405999988 0.483999997
vt -0.405999988 0.492000014
vt -0.414000005 0.483999997
vt -0.389999986 0.300000012
vt -0.398000002 0.291999996
vt -0.398000002 0.300000012
vt -0.398000002 0.300000012
vt -0.398000002 0.291999996
vt -0.389999986 0.300000012
vt -0.398000002 0.483999997
vt -0.398000002 0.492000014
vt -0.389999986 0.483999997
vt -0.389999986 0.483999997
vt -0.398000002 0.492000014
vt -0.398000002 0.483999997
vt 0.481000006 -0.178000003
vt 0.503000021 -0.178000003
vt 0.503000021 -0.282000005
vt 0.481000006 -0.282000005
vt 0.481000006 -0.282000005
vt 0.503000021 -0.282000005
vt 0.503000021 -0.178000003
vt 0.481000006 -0.178000003
vt -0.545000017 -0.282000005
vt -0.395000011 -0.282000005
vt -0.395000011 -0.178000003
vt -0.545000017 -0.178000003
vt -0.545000017 -0.178000003
vt -0.395000011 -0.178000003
vt -0.395000011 -0.282000005
vt -0.545000017 -0.282000005
vt -0.545000017 0.503000021
vt -0.395000011 0.503000021
vt -0.395000011 0.481000006
vt -0.545000017 0.481000006
vt -0.545000017 0.481000006
vt -0.395000011 0.481000006
vt -0.395000011 0.503000021
vt -0.545000017 0.503000021
vt -0.545000017 0.481000006
vt -0.395000011 0.481000006
vt -0.395000011 0.47299999
vt -0.545000017 0.47299999
vt -0.545000017 0.47299999
vt -0.395000011 0.47299999
vt -0.395000011 0.481000006
vt -0.545000017 0.481000006
vt -0.545000017 0.510999978
vt -0.395000011 0.510999978
vt -0.395000011 0.503000021
vt -0.545000017 0.503000021
vt -0.545000017 0.503000021
vt -0.395000011 0.503000021
vt -0.395000011 0.510999978
vt -0.545000017 0.510999978
vt 0.481000006 -0.282000005
vt 0.503000021 -0.282000005
vt 0.503000021 -0.289999992
vt 0.481000006 -0.289999992
vt 0.481000006 -0.170000002
vt 0.503000021 -0.170000002
vt 0.503000021 -0.178000003
vt 0.481000006 -0.178000003
vt 0.481000006 -0.289999992
vt 0.503000021 -0.289999992
vt 0.503000021 -0.282000005
vt 0.481000006 -0.282000005
vt 0.481000006 -0.178000003
vt 0.503000021 -0.178000003
vt 0.503000021 -0.170000002
vt 0.481000006 -0.170000002
vt -0.282000005 0.47299999
vt -0.178000003 0.47299999
vt -0.178000003 0.481000006
vt -0.282000005 0.481000006
vt -0.282000005 0.503000021
vt -0.178000003 0.503000021
vt -0.178000003 0.510999978
vt -0.282000005 0.510999978
vt -0.282000005 0.481000006
vt -0.178000003 0.481000006
vt -0.178000003 0.47299999
vt -0.282000005 0.47299999
vt -0.282000005 0.510999978
vt -0.178000003 0.510999978
vt -0.178000003 0.503000021
vt -0.282000005 0.503000021
vt 0.481000006 -0.289999992
vt 0.47299999 -0.282000005
vt 0.481000006 -0.282000005
vt 0.481000006 -0.178000003
vt 0.47299999 -0.178000003
vt 0.481000006 -0.170000002
vt 0.503000021 -0.282000005
vt 0.510999978 -0.282000005
vt 0.503000021 -0.289999992
vt 0.503000021 -0.170000002
vt 0.510999978 -0.178000003
vt 0.503000021 -0.178000003
vt 0.481000006 -0.282000005
vt 0.47299999 -0.282000005
vt 0.481000006 -0.289999992
vt 0.481000006 -0.170000002
vt 0.47299999 -0.178000003
vt 0.481000006 -0.178000003
vt 0.503000021 -0.289999992
vt 0.510999978 -0.282000005
vt 0.503000021 -0.282000005
vt 0.503000021 -0.178000003
vt 0.510999978 -0.178000003
vt 0.503000021 -0.170000002
vt 0 0
vt 0 1
vt 0.0833333284 1
vt 0.0833333284 0
vt 0.166666672 1
vt 0.166666672 0
vt 0.25 1
vt 0.25 0
vt 0.333333343 1
vt 0.333333343 0
vt 0.416666657 1
vt 0.416666657 0
vt 0.5 1
vt 0.5 0
vt 0.583333313 1
vt 0.583333313 0
vt 0.666666687 1
vt 0.666666687 0
vt 0.75 1
vt 0.75 0
vt 0.833333313 1
vt 0.833333313 0
vt 0.916666687 1
vt 0.916666687 0
vt 1 1
vt 1 0
vt -0.419999987 -0.230000004
vt -0.426698744 -0.204999998
vt -0.444999993 -0.186698735
vt -0.469999999 -0.180000007
vt -0.495000005 -0.186698735
vt -0.513301253 -0.204999998
vt -0.519999981 -0.230000004
vt -0.513301253 -0.254999995
vt -0.495000005 -0.273301274
vt -0.469999999 -0.280000001
vt -0.444999993 -0.273301274
vt -0.426698744 -0.254999995
vt -0.426698744 -0.254999995
vt -0.444999993 -0.273301274
vt -0.469999999 -0.280000001
vt -0.495000005 -0.273301274
vt -0.513301253 -0.254999995
vt -0.519999981 -0.230000004
vt -0.513301253 -0.204999998
vt -0.495000005 -0.186698735
vt -0.469999999 -0.180000007
vt -0.444999993 -0.186698735
vt -0.426698744 -0.204999998
vt -0.419999987 -0.230000004
vt 0.546000004 -0.207000002
vt 1.73800004 -0.207000002
vt 1.73800004 -0.252999991
vt 0.546000004 -0.252999991
vt 0.546000004 -0.252999991
vt 1.73800004 -0.252999991
vt 1.73800004 -0.207000002
vt 0.546000004 -0.207000002
vt -0.493000001 -0.252999991
vt -0.446999997 -0.252999991
vt -0.446999997 -0.207000002
vt -0.493000001 -0.207000002
vt -0.493000001 -0.207000002
vt -0.446999997 -0.207000002
vt -0.446999997 -0.252999991
vt -0.493000001 -0.252999991
vt -0.493000001 1.73800004
vt -0.446999997 1.73800004
vt -0.446999997 0.546000004
vt -0.493000001 0.546000004
vt -0.493000001 0.546000004
vt -0.446999997 0.546000004
vt -0.446999997 1.73800004
vt -0.493000001 1.73800004
vt -0.493000001 0.546000004
vt -0.446999997 0.546000004
vt -0.446999997 0.540000021
vt -0.493000001 0.540000021
vt -0.493000001 0.540000021
vt -0.446999997 0.540000021
vt -0.446999997 0.546000004
vt -0.493000001 0.546000004
vt -0.493000001 -0.252999991
vt -0.446999997 -0.252999991
vt -0.446999997 -0.259000003
vt -0.493000001 -0.259000003
vt -0.493000001 -0.201000005
vt -0.446999997 -0.201000005
vt -0.446999997 -0.207000002
vt -0.493000001 -0.207000002
vt 0.546000004 -0.499000013
vt 1.73800004 -0.499000013
vt 1.73800004 -0.493000001
vt 0.546000004 -0.493000001
vt 0.546000004 -0.493000001
vt 1.73800004 -0.493000001
vt 1.73800004 -0.499000013
vt 0.546000004 -0.499000013
vt 0.546000004 -0.446999997
vt 1.73800004 -0.446999997
vt 1.73800004 -0.441000015
vt 0.546000004 -0.441000015
vt 0.546000004 -0.441000015
vt 1.73800004 -0.441000015
vt 1.73800004 -0.446999997
vt 0.546000004 -0.446999997
vt -0.252999991 -0.493000001
vt -0.207000002 -0.493000001
vt -0.207000002 -0.499000013
vt -0.252999991 -0.499000013
vt -0.252999991 -0.499000013
vt -0.207000002 -0.499000013
vt -0.207000002 -0.493000001
vt -0.252999991 -0.493000001
vt -0.252999991 -0.441000015
vt -0.207000002 -0.441000015
vt -0.207000002 -0.446999997
vt -0.252999991 -0.446999997
vt -0.252999991 -0.446999997
vt -0.207000002 -0.446999997
vt -0.207000002 -0.441000015
vt -0.252999991 -0.441000015
vt -0.493000001 0.546000004
vt -0.493000001 0.540000021
vt -0.499000013 0.546000004
vt -0.499000013 0.546000004
vt -0.493000001 0.540000021
vt -0.493000001 0.546000004
vt -0.499000013 -0.252999991
vt -0.493000001 -0.252999991
vt -0.493000001 -0.259000003
vt -0.493000001 -0.201000005
vt -0.493000001 -0.207000002
vt -0.499000013 -0.207000002
vt -0.441000015 0.546000004
vt -0.446999997 0.540000021
vt -0.446999997 0.546000004
vt -0.446999997 0.546000004
vt -0.446999997 0.540000021
vt -0.441000015 0.546000004
vt -0.446999997 -0.259000003
vt -0.446999997 -0.252999991
vt -0.441000015 -0.252999991
vt -0.441000015 -0.207000002
vt -0.446999997 -0.207000002
vt -0.446999997 -0.201000005
vt 0 0
vt 0 1
vt 0.0833333284 1
vt 0.0833333284 0
vt 0.166666672 1
vt 0.166666672 0
vt 0.25 1
vt 0.25 0
vt 0.333333343 1
vt 0.333333343 0
vt 0.416666657 1
vt 0.416666657 0
vt 0.5 1
vt 0.5 0
vt 0.583333313 1
vt 0.583333313 0
vt 0.666666687 1
vt 0.666666687 0
vt 0.75 1
vt 0.75 0
vt 0.833333313 1
vt 0.833333313 0
vt 0.916666687 1
vt 0.916666687 0
vt 1 1
vt 1 0
vt 0.244000003 0.569999993
vt 0.249894887 0.592000008
vt 0.266000003 0.608105123
vt 0.287999988 0.614000022
vt 0.310000002 0.608105123
vt 0.326105118 0.592000008
vt 0.331999987 0.569999993
vt 0.326105118 0.547999978
vt 0.310000002 0.531894863
vt 0.287999988 0.526000023
vt 0.266000003 0.531894863
vt 0.249894887 0.547999978
vt 0.249894887 0.547999978
vt 0.266000003 0.531894863
vt 0.287999988 0.526000023
vt 0.310000002 0.531894863
vt 0.326105118 0.547999978
vt 0.331999987 0.569999993
vt 0.326105118 0.592000008
vt 0.310000002 0.608105123
vt 0.287999988 0.614000022
vt 0.266000003 0.608105123
vt 0.249894887 0.592000008
vt 0.244000003 0.569999993
vt 0.300000012 0.619000018
vt 0.483999997 0.619000018
vt 0.483999997 0.521000028
vt 0.300000012 0.521000028
vt 0.300000012 0.521000028
vt 0.483999997 0.521000028
vt 0.483999997 0.619000018
vt 0.300000012 0.619000018
vt -0.541999996 0.521000028
vt -0.533999979 0.521000028
vt -0.533999979 0.619000018
vt -0.541999996 0.619000018
vt -0.541999996 0.619000018
vt -0.533999979 0.619000018
vt -0.533999979 0.521000028
vt -0.541999996 0.521000028
vt -0.541999996 0.483999997
vt -0.533999979 0.483999997
vt -0.533999979 0.300000012
vt -0.541999996 0.300000012
vt -0.541999996 0.300000012
vt -0.533999979 0.300000012
vt -0.533999979 0.483999997
vt -0.541999996 0.483999997
vt -0.541999996 0.300000012
vt -0.533999979 0.300000012
vt -0.533999979 0.291999996
vt -0.541999996 0.291999996
vt -0.541999996 0.291999996
vt -0.533999979 0.291999996
vt -0.533999979 0.300000012
vt -0.541999996 0.300000012
vt -0.541999996 0.492000014
vt -0.533999979 0.492000014
vt -0.533999979 0.483999997
vt -0.541999996 0.483999997
vt -0.541999996 0.483999997
vt -0.533999979 0.483999997
vt -0.533999979 0.492000014
vt -0.541999996 0.492000014
vt 0.300000012 -0.550000012
vt 0.483999997 -0.550000012
vt 0.483999997 -0.541999996
vt 0.300000012 -0.541999996
vt 0.300000012 -0.541999996
vt 0.483999997 -0.541999996
vt 0.483999997 -0.550000012
vt 0.300000012 -0.550000012
vt 0.300000012 -0.533999979
vt 0.483999997 -0.533999979
vt 0.483999997 -0.526000023
vt 0.300000012 -0.526000023
vt 0.300000012 -0.526000023
vt 0.483999997 -0.526000023
vt 0.483999997 -0.533999979
vt 0.300000012 -0.533999979
vt 0.521000028 -0.541999996
vt 0.619000018 -0.541999996
vt 0.619000018 -0.550000012
vt 0.521000028 -0.550000012
vt 0.521000028 -0.550000012
vt 0.619000018 -0.550000012
vt 0.619000018 -0.541999996
vt 0.521000028 -0.541999996
vt 0.521000028 -0.526000023
vt 0.619000018 -0.526000023
vt 0.619000018 -0.533999979
vt 0.521000028 -0.533999979
vt 0.521000028 -0.533999979
vt 0.619000018 -0.533999979
vt 0.619000018 -0.526000023
vt 0.521000028 -0.526000023
vt -0.541999996 0.300000012
vt -0.541999996 0.291999996
vt -0.550000012 0.300000012
vt -0.550000012 0.300000012
vt -0.541999996 0.291999996
vt -0.541999996 0.300000012
vt -0.550000012 0.483999997
vt -0.541999996 0.492000014
vt -0.541999996 0.483999997
vt -0.541999996 0.483999997
vt -0.541999996 0.492000014
vt -0.550000012 0.483999997
vt -0.526000023 0.300000012
vt -0.533999979 0.291999996
vt -0.533999979 0.300000012
vt -0.533999979 0.300000012
vt -0.533999979 0.291999996
vt -0.526000023 0.300000012
vt -0.533999979 0.483999997
vt -0.533999979 0.492000014
vt -0.526000023 0.483999997
vt -0.526000023 0.483999997
vt -0.533999979 0.492000014
vt -0.533999979 0.483999997
vt 0.300000012 0.619000018
vt 0.483999997 0.619000018
vt 0.483999997 0.521000028
vt 0.300000012 0.521000028
vt 0.300000012 0.521000028
vt 0.483999997 0.521000028
vt 0.483999997 0.619000018
vt 0.300000012 0.619000018
vt -0.405999988 0.521000028
vt -0.398000002 0.521000028
vt -0.398000002 0.619000018
vt -0.405999988 0.619000018
vt -0.405999988 0.619000018
vt -0.398000002 0.619000018
vt -0.398000002 0.521000028
vt -0.405999988 0.521000028
vt -0.405999988 0.483999997
vt -0.398000002 0.483999997
vt -0.398000002 0.300000012
vt -0.405999988 0.300000012
vt -0.405999988 0.300000012
vt -0.398000002 0.300000012
vt -0.398000002 0.483999997
vt -0.405999988 0.483999997
vt -0.405999988 0.300000012
vt -0.398000002 0.300000012
vt -0.398000002 0.291999996
vt -0.405999988 0.291999996
vt -0.405999988 0.291999996
vt -0.398000002 0.291999996
vt -0.398000002 0.300000012
vt -0.405999988 0.300000012
vt -0.405999988 0.492000014
vt -0.398000002 0.492000014
vt -0.398000002 0.483999997
vt -0.405999988 0.483999997
vt -0.405999988 0.483999997
vt -0.398000002 0.483999997
vt -0.398000002 0.492000014
vt -0.405999988 0.492000014
vt 0.300000012 -0.414000005
vt 0.483999997 -0.414000005
vt 0.483999997 -0.405999988
vt 0.300000012 -0.405999988
vt 0.300000012 -0.405999988
vt 0.483999997 -0.405999988
vt 0.483999997 -0.414000005
vt 0.300000012 -0.414000005
vt 0.300000012 -0.398000002
vt 0.483999997 -0.398000002
vt 0.483999997 -0.389999986
vt 0.300000012 -0.389999986
vt 0.300000012 -0.389999986
vt 0.483999997 -0.389999986
vt 0.483999997 -0.398000002
vt 0.300000012 -0.398000002
vt 0.521000028 -0.405999988
vt 0.619000018 -0.405999988
vt 0.619000018 -0.414000005
vt 0.521000028 -0.414000005
vt 0.521000028 -0.414000005
vt 0.619000018 -0.414000005
vt 0.619000018 -0.405999988
vt 0.521000028 -0.405999988
vt 0.521000028 -0.389999986
vt 0.619000018 -0.389999986
vt 0.619000018 -0.398000002
vt 0.521000028 -0.398000002
vt 0.521000028 -0.398000002
vt 0.619000018 -0.398000002
vt 0.619000018 -0.389999986
vt 0.521000028 -0.389999986
vt -0.405999988 0.300000012
vt -0.405999988 0.291999996
vt -0.414000005 0.300000012
vt -0.414000005 0.300000012
vt -0.405999988 0.291999996
vt -0.405999988 0.300000012
vt -0.414000005 0.483999997
vt -0.405999988 0.492000014
vt -0.405999988 0.483999997
vt -0.405999988 0.483999997
vt -0.405999988 0.492000014
vt -0.414000005 0.483999997
vt -0.389999986 0.300000012
vt -0.398000002 0.291999996
vt -0.398000002 0.300000012
vt -0.398000002 0.300000012
vt -0.398000002 0.291999996
vt -0.389999986 0.300000012
vt -0.398000002 0.483999997
vt -0.398000002 0.492000014
vt -0.389999986 0.483999997
vt -0.389999986 0.483999997
vt -0.398000002 0.492000014
vt -0.398000002 0.483999997
vt 0.481000006 0.621999979
vt 0.503000021 0.621999979
vt 0.503000021 0.518000007
vt 0.481000006 0.518000007
vt 0.481000006 0.518000007
vt 0.503000021 0.518000007
vt 0.503000021 0.621999979
vt 0.481000006 0.621999979
vt -0.545000017 0.518000007
vt -0.395000011 0.518000007
vt -0.395000011 0.621999979
vt -0.545000017 0.621999979
vt -0.545000017 0.621999979
vt -0.395000011 0.621999979
vt -0.395000011 0.518000007
vt -0.545000017 0.518000007
vt -0.545000017 0.503000021
vt -0.395000011 0.503000021
vt -0.395000011 0.481000006
vt -0.545000017 0.481000006
vt -0.545000017 0.481000006
vt -0.395000011 0.481000006
vt -0.395000011 0.503000021
vt -0.545000017 0.503000021
vt -0.545000017 0.481000006
vt -0.395000011 0.481000006
vt -0.395000011 0.47299999
vt -0.545000017 0.47299999
vt -0.545000017 0.47299999
vt -0.395000011 0.47299999
vt -0.395000011 0.481000006
vt -0.545000017 0.481000006
vt -0.545000017 0.510999978
vt -0.395000011 0.510999978
vt -0.395000011 0.503000021
vt -0.545000017 0.503000021
vt -0.545000017 0.503000021
vt -0.395000011 0.503000021
vt -0.395000011 0.510999978
vt -0.545000017 0.510999978
vt 0.481000006 0.518000007
vt 0.503000021 0.518000007
vt 0.503000021 0.50999999
vt 0.481000006 0.50999999
vt 0.481000006 0.629999995
vt 0.503000021 0.629999995
vt 0.503000021 0.621999979
vt 0.481000006 0.621999979
vt 0.481000006 0.50999999
vt 0.503000021 0.50999999
vt 0.503000021 0.518000007
vt 0.481000006 0.518000007
vt 0.481000006 0.621999979
vt 0.503000021 0.621999979
vt 0.503000021 0.629999995
vt 0.481000006 0.629999995
vt 0.518000007 0.47299999
vt 0.621999979 0.47299999
vt 0.621999979 0.481000006
vt 0.518000007 0.481000006
vt 0.518000007 0.503000021
vt 0.621999979 0.503000021
vt 0.621999979 0.510999978
vt 0.518000007 0.510999978
vt 0.518000007 0.481000006
vt 0.621999979 0.481000006
vt 0.621999979 0.47299999
vt 0.518000007 0.47299999
vt 0.518000007 0.510999978
vt 0.621999979 0.510999978
vt 0.621999979 0.503000021
vt 0.518000007 0.503000021
vt 0.481000006 0.50999999
vt 0.47299999 0.518000007
vt 0.481000006 0.518000007
vt 0.481000006 0.621999979
vt 0.47299999 0.621999979
vt 0.481000006 0.629999995
vt 0.503000021 0.518000007
vt 0.510999978 0.518000007
vt 0.503000021 0.50999999
vt 0.503000021 0.629999995
vt 0.510999978 0.621999979
vt 0.503000021 0.621999979
vt 0.481000006 0.518000007
vt 0.47299999 0.518000007
vt 0.481000006 0.50999999
vt 0.481000006 0.629999995
vt 0.47299999 0.621999979
vt 0.481000006 0.621999979
vt 0.503000021 0.50999999
vt 0.510999978 0.518000007
vt 0.503000021 0.518000007
vt 0.503000021 0.621999979
vt 0.510999978 0.621999979
vt 0.503000021 0.629999995
vt 0 0
vt 0 1
vt 0.0833333284 1
vt 0.0833333284 0
vt 0.166666672 1
vt 0.166666672 0
vt 0.25 1
vt 0.25 0
vt 0.333333343 1
vt 0.333333343 0
vt 0.416666657 1
vt 0.416666657 0
vt 0.5 1
vt 0.5 0
vt 0.583333313 1
vt 0.583333313 0
vt 0.666666687 1
vt 0.666666687 0
vt 0.75 1
vt 0.75 0
vt 0.833333313 1
vt 0.833333313 0
vt 0.916666687 1
vt 0.916666687 0
vt 1 1
vt 1 0
vt -0.419999987 0.569999993
vt -0.426698744 0.595000029
vt -0.444999993 0.613301277
vt -0.469999999 0.620000005
vt -0.495000005 0.613301277
vt -0.513301253 0.595000029
vt -0.519999981 0.569999993
vt -0.513301253 0.545000017
vt -0.495000005 0.526698709
vt -0.469999999 0.519999981
vt -0.444999993 0.526698709
vt -0.426698744 0.545000017
vt -0.426698744 0.545000017
vt -0.444999993 0.526698709
vt -0.469999999 0.519999981
vt -0.495000005 0.526698709
vt -0.513301253 0.545000017
vt -0.519999981 0.569999993
vt -0.513301253 0.595000029
vt -0.495000005 0.613301277
vt -0.469999999 0.620000005
vt -0.444999993 0.613301277
vt -0.426698744 0.595000029
vt -0.419999987 0.569999993
vt 0.546000004 0.592999995
vt 1.73800004 0.592999995
vt 1.73800004 0.546999991
vt 0.546000004 0.546999991
vt 0.546000004 0.546999991
vt 1.73800004 0.546999991
vt 1.73800004 0.592999995
vt 0.546000004 0.592999995
vt -0.493000001 0.546999991
vt -0.446999997 0.546999991
vt -0.446999997 0.592999995
vt -0.493000001 0.592999995
vt -0.493000001 0.592999995
vt -0.446999997 0.592999995
vt -0.446999997 0.546999991
vt -0.493000001 0.546999991
vt -0.493000001 1.73800004
vt -0.446999997 1.73800004
vt -0.446999997 0.546000004
vt -0.493000001 0.546000004
vt -0.493000001 0.546000004
vt -0.446999997 0.546000004
vt -0.446999997 1.73800004
vt -0.493000001 1.73800004
vt -0.493000001 0.546000004
vt -0.446999997 0.546000004
vt -0.446999997 0.540000021
vt -0.493000001 0.540000021
vt -0.493000001 0.540000021
vt -0.446999997 0.540000021
vt -0.446999997 0.546000004
vt -0.493000001 0.546000004
vt -0.493000001 0.546999991
vt -0.446999997 0.546999991
vt -0.446999997 0.541000009
vt -0.493000001 0.541000009
vt -0.493000001 0.598999977
vt -0.446999997 0.598999977
vt -0.446999997 0.592999995
vt -0.493000001 0.592999995
vt 0.546000004 -0.499000013
vt 1.73800004 -0.499000013
vt 1.73800004 -0.493000001
vt 0.546000004 -0.493000001
vt 0.546000004 -0.493000001
vt 1.73800004 -0.493000001
vt 1.73800004 -0.499000013
vt 0.546000004 -0.499000013
vt 0.546000004 -0.446999997
vt 1.73800004 -0.446999997
vt 1.73800004 -0.441000015
vt 0.546000004 -0.441000015
vt 0.546000004 -0.441000015
vt 1.73800004 -0.441000015
vt 1.73800004 -0.446999997
vt 0.546000004 -0.446999997
vt 0.546999991 -0.493000001
vt 0.592999995 -0.493000001
vt 0.592999995 -0.499000013
vt 0.546999991 -0.499000013
vt 0.546999991 -0.499000013
vt 0.592999995 -0.499000013
vt 0.592999995 -0.493000001
vt 0.546999991 -0.493000001
vt 0.546999991 -0.441000015
vt 0.592999995 -0.441000015
vt 0.592999995 -0.446999997
vt 0.546999991 -0.446999997
vt 0.546999991 -0.446999997
vt 0.592999995 -0.446999997
vt 0.592999995 -0.441000015
vt 0.546999991 -0.441000015
vt -0.493000001 0.546000004
vt -0.493000001 0.540000021
vt -0.499000013 0.546000004
vt -0.499000013 0.546000004
vt -0.493000001 0.540000021
vt -0.493000001 0.546000004
vt -0.499000013 0.546999991
vt -0.493000001 0.546999991
vt -0.493000001 0.541000009
vt -0.493000001 0.598999977
vt -0.493000001 0.592999995
vt -0.499000013 0.592999995
vt -0.441000015 0.546000004
vt -0.446999997 0.540000021
vt -0.446999997 0.546000004
vt -0.446999997 0.546000004
vt -0.446999997 0.540000021
vt -0.441000015 0.546000004
vt -0.446999997 0.541000009
vt -0.446999997 0.546999991
vt -0.441000015 0.546999991
vt -0.441000015 0.592999995
vt -0.446999997 0.592999995
vt -0.446999997 0.598999977
vt 0 0
vt 0 1
vt 0.0833333284 1
vt 0.0833333284 0
vt 0.166666672 1
vt 0.166666672 0
vt 0.25 1
vt 0.25 0
vt 0.333333343 1
vt 0.333333343 0
vt 0.416666657 1
vt 0.416666657 0
vt 0.5 1
vt 0.5 0
vt 0.583333313 1
vt 0.583333313 0
vt 0.666666687 1
vt 0.666666687 0
vt 0.75 1
vt 0.75 0
vt 0.833333313 1
vt 0.833333313 0
vt 0.916666687 1
vt 0.916666687 0
vt 1 1
vt 1 0
vt 0.244000003 -0.230000004
vt 0.249894887 -0.208000004
vt 0.266000003 -0.191894874
vt 0.287999988 -0.186000004
vt 0.310000002 -0.191894874
vt 0.326105118 -0.208000004
vt 0.331999987 -0.230000004
vt 0.326105118 -0.252000004
vt 0.310000002 -0.268105119
vt 0.287999988 -0.273999989
vt 0.266000003 -0.268105119
vt 0.249894887 -0.252000004
vt 0.249894887 -0.252000004
vt 0.266000003 -0.268105119
vt 0.287999988 -0.273999989
vt 0.310000002 -0.268105119
vt 0.326105118 -0.252000004
vt 0.331999987 -0.230000004
vt 0.326105118 -0.208000004
vt 0.310000002 -0.191894874
vt 0.287999988 -0.186000004
vt 0.266000003 -0.191894874
vt 0.249894887 -0.208000004
vt 0.244000003 -0.230000004
vt 0.300000012 -0.180999994
vt 0.483999997 -0.180999994
vt 0.483999997 -0.279000014
vt 0.300000012 -0.279000014
vt 0.300000012 -0.279000014
vt 0.483999997 -0.279000014
vt 0.483999997 -0.180999994
vt 0.300000012 -0.180999994
vt 0.737999976 -0.279000014
vt 0.745999992 -0.279000014
vt 0.745999992 -0.180999994
vt 0.737999976 -0.180999994
vt 0.737999976 -0.180999994
vt 0.745999992 -0.180999994
vt 0.745999992 -0.279000014
vt 0.737999976 -0.279000014
vt 0.737999976 0.483999997
vt 0.745999992 0.483999997
vt 0.745999992 0.300000012
vt 0.737999976 0.300000012
vt 0.737999976 0.300000012
vt 0.745999992 0.300000012
vt 0.745999992 0.483999997
vt 0.737999976 0.483999997
vt 0.737999976 0.300000012
vt 0.745999992 0.300000012
vt 0.745999992 0.291999996
vt 0.737999976 0.291999996
vt 0.737999976 0.291999996
vt 0.745999992 0.291999996
vt 0.745999992 0.300000012
vt 0.737999976 0.300000012
vt 0.737999976 0.492000014
vt 0.745999992 0.492000014
vt 0.745999992 0.483999997
vt 0.737999976 0.483999997
vt 0.737999976 0.483999997
vt 0.745999992 0.483999997
vt 0.745999992 0.492000014
vt 0.737999976 0.492000014
vt 0.300000012 0.730000019
vt 0.483999997 0.730000019
vt 0.483999997 0.737999976
vt 0.300000012 0.737999976
vt 0.300000012 0.737999976
vt 0.483999997 0.737999976
vt 0.483999997 0.730000019
vt 0.300000012 0.730000019
vt 0.300000012 0.745999992
vt 0.483999997 0.745999992
vt 0.483999997 0.754000008
vt 0.300000012 0.754000008
vt 0.300000012 0.754000008
vt 0.483999997 0.754000008
vt 0.483999997 0.745999992
vt 0.300000012 0.745999992
vt -0.279000014 0.737999976
vt -0.180999994 0.737999976
vt -0.180999994 0.730000019
vt -0.279000014 0.730000019
vt -0.279000014 0.730000019
vt -0.180999994 0.730000019
vt -0.180999994 0.737999976
vt -0.279000014 0.737999976
vt -0.279000014 0.754000008
vt -0.180999994 0.754000008
vt -0.180999994 0.745999992
vt -0.279000014 0.745999992
vt -0.279000014 0.745999992
vt -0.180999994 0.745999992
vt -0.180999994 0.754000008
vt -0.279000014 0.754000008
vt 0.737999976 0.300000012
vt 0.737999976 0.291999996
vt 0.730000019 0.300000012
vt 0.730000019 0.300000012
vt 0.737999976 0.291999996
vt 0.737999976 0.300000012
vt 0.730000019 0.483999997
vt 0.737999976 0.492000014
vt 0.737999976 0.483999997
vt 0.737999976 0.483999997
vt 0.737999976 0.492000014
vt 0.730000019 0.483999997
vt 0.754000008 0.300000012
vt 0.745999992 0.291999996
vt 0.745999992 0.300000012
vt 0.745999992 0.300000012
vt 0.745999992 0.291999996
vt 0.754000008 0.300000012
vt 0.745999992 0.483999997
vt 0.745999992 0.492000014
vt 0.754000008 0.483999997
vt 0.754000008 0.483999997
vt 0.745999992 0.492000014
vt 0.745999992 0.483999997
vt 0.300000012 -0.180999994
vt 0.483999997 -0.180999994
vt 0.483999997 -0.279000014
vt 0.300000012 -0.279000014
vt 0.300000012 -0.279000014
vt 0.483999997 -0.279000014
vt 0.483999997 -0.180999994
vt 0.300000012 -0.180999994
vt 0.874000013 -0.279000014
vt 0.882000029 -0.279000014
vt 0.882000029 -0.180999994
vt 0.874000013 -0.180999994
vt 0.874000013 -0.180999994
vt 0.882000029 -0.180999994
vt 0.882000029 -0.279000014
vt 0.874000013 -0.279000014
vt 0.874000013 0.483999997
vt 0.882000029 0.483999997
vt 0.882000029 0.300000012
vt 0.874000013 0.300000012
vt 0.874000013 0.300000012
vt 0.882000029 0.300000012
vt 0.882000029 0.483999997
vt 0.874000013 0.483999997
vt 0.874000013 0.300000012
vt 0.882000029 0.300000012
vt 0.882000029 0.291999996
vt 0.874000013 0.291999996
vt 0.874000013 0.291999996
vt 0.882000029 0.291999996
vt 0.882000029 0.300000012
vt 0.874000013 0.300000012
vt 0.874000013 0.492000014
vt 0.882000029 0.492000014
vt 0.882000029 0.483999997
vt 0.874000013 0.483999997
vt 0.874000013 0.483999997
vt 0.882000029 0.483999997
vt 0.882000029 0.492000014
vt 0.874000013 0.492000014
vt 0.300000012 0.865999997
vt 0.483999997 0.865999997
vt 0.483999997 0.874000013
vt 0.300000012 0.874000013
vt 0.300000012 0.874000013
vt 0.483999997 0.874000013
vt 0.483999997 0.865999997
vt 0.300000012 0.865999997
vt 0.300000012 0.882000029
vt 0.483999997 0.882000029
vt 0.483999997 0.889999986
vt 0.300000012 0.889999986
vt 0.300000012 0.889999986
vt 0.483999997 0.889999986
vt 0.483999997 0.882000029
vt 0.300000012 0.882000029
vt -0.279000014 0.874000013
vt -0.180999994 0.874000013
vt -0.180999994 0.865999997
vt -0.279000014 0.865999997
vt -0.279000014 0.865999997
vt -0.180999994 0.865999997
vt -0.180999994 0.874000013
vt -0.279000014 0.874000013
vt -0.279000014 0.889999986
vt -0.180999994 0.889999986
vt -0.180999994 0.882000029
vt -0.279000014 0.882000029
vt -0.279000014 0.882000029
vt -0.180999994 0.882000029
vt -0.180999994 0.889999986
vt -0.279000014 0.889999986
vt 0.874000013 0.300000012
vt 0.874000013 0.291999996
vt 0.865999997 0.300000012
vt 0.865999997 0.300000012
vt 0.874000013 0.291999996
vt 0.874000013 0.300000012
vt 0.865999997 0.483999997
vt 0.874000013 0.492000014
vt 0.874000013 0.483999997
vt 0.874000013 0.483999997
vt 0.874000013 0.492000014
vt 0.865999997 0.483999997
vt 0.889999986 0.300000012
vt 0.882000029 0.291999996
vt 0.882000029 0.300000012
vt 0.882000029 0.300000012
vt 0.882000029 0.291999996
vt 0.889999986 0.300000012
vt 0.882000029 0.483999997
vt 0.882000029 0.492000014
vt 0.889999986 0.483999997
vt 0.889999986 0.483999997
vt 0.882000029 0.492000014
vt 0.882000029 0.483999997
vt 0.481000006 -0.178000003
vt 0.503000021 -0.178000003
vt 0.503000021 -0.282000005
vt 0.481000006 -0.282000005
vt 0.481000006 -0.282000005
vt 0.503000021 -0.282000005
vt 0.503000021 -0.178000003
vt 0.481000006 -0.178000003
vt 0.735000014 -0.282000005
vt 0.88499999 -0.282000005
vt 0.88499999 -0.178000003
vt 0.735000014 -0.178000003
vt 0.735000014 -0.178000003
vt 0.88499999 -0.178000003
vt 0.88499999 -0.282000005
vt 0.735000014 -0.282000005
vt 0.735000014 0.503000021
vt 0.88499999 0.503000021
vt 0.88499999 0.481000006
vt 0.735000014 0.481000006
vt 0.735000014 0.481000006
vt 0.88499999 0.481000006
vt 0.88499999 0.503000021
vt 0.735000014 0.503000021
vt 0.735000014 0.481000006
vt 0.88499999 0.481000006
vt 0.88499999 0.47299999
vt 0.735000014 0.47299999
vt 0.735000014 0.47299999
vt 0.88499999 0.47299999
vt 0.88499999 0.481000006
vt 0.735000014 0.481000006
vt 0.735000014 0.510999978
vt 0.88499999 0.510999978
vt 0.88499999 0.503000021
vt 0.735000014 0.503000021
vt 0.735000014 0.503000021
vt 0.88499999 0.503000021
vt 0.88499999 0.510999978
vt 0.735000014 0.510999978
vt 0.481000006 -0.282000005
vt 0.503000021 -0.282000005
vt 0.503000021 -0.289999992
vt 0.481000006 -0.289999992
vt 0.481000006 -0.170000002
vt 0.503000021 -0.170000002
vt 0.503000021 -0.178000003
vt 0.481000006 -0.178000003
vt 0.481000006 -0.289999992
vt 0.503000021 -0.289999992
vt 0.503000021 -0.282000005
vt 0.481000006 -0.282000005
vt 0.481000006 -0.178000003
vt 0.503000021 -0.178000003
vt 0.503000021 -0.170000002
vt 0.481000006 -0.170000002
vt -0.282000005 0.47299999
vt -0.178000003 0.47299999
vt -0.178000003 0.481000006
vt -0.282000005 0.481000006
vt -0.282000005 0.503000021
vt -0.178000003 0.503000021
vt -0.178000003 0.510999978
vt -0.282000005 0.510999978
vt -0.282000005 0.481000006
vt -0.178000003 0.481000006
vt -0.178000003 0.47299999
vt -0.282000005 0.47299999
vt -0.282000005 0.510999978
vt -0.178000003 0.510999978
vt -0.178000003 0.503000021
vt -0.282000005 0.503000021
vt 0.481000006 -0.289999992
vt 0.47299999 -0.282000005
vt 0.481000006 -0.282000005
vt 0.481000006 -0.178000003
vt 0.47299999 -0.178000003
vt 0.481000006 -0.170000002
vt 0.503000021 -0.282000005
vt 0.510999978 -0.282000005
vt 0.503000021 -0.289999992
vt 0.503000021 -0.170000002
vt 0.510999978 -0.178000003
vt 0.503000021 -0.178000003
vt 0.481000006 -0.282000005
vt 0.47299999 -0.282000005
vt 0.481000006 -0.289999992
vt 0.481000006 -0.170000002
vt 0.47299999 -0.178000003
vt 0.481000006 -0.178000003
vt 0.503000021 -0.289999992
vt 0.510999978 -0.282000005
vt 0.503000021 -0.282000005
vt 0.503000021 -0.178000003
vt 0.510999978 -0.178000003
vt 0.503000021 -0.170000002
vt 0 0
vt 0 1
vt 0.0833333284 1
vt 0.0833333284 0
vt 0.166666672 1
vt 0.166666672 0
vt 0.25 1
vt 0.25 0
vt 0.333333343 1
vt 0.333333343 0
vt 0.416666657 1
vt 0.416666657 0
vt 0.5 1
vt 0.5 0
vt 0.583333313 1
vt 0.583333313 0
vt 0.666666687 1
vt 0.666666687 0
vt 0.75 1
vt 0.75 0
vt 0.833333313 1
vt 0.833333313 0
vt 0.916666687 1
vt 0.916666687 0
vt 1 1
vt 1 0
vt 0.860000014 -0.230000004
vt 0.853301287 -0.204999998
vt 0.834999979 -0.186698735
vt 0.810000002 -0.180000007
vt 0.785000026 -0.186698735
vt 0.766698718 -0.204999998
vt 0.75999999 -0.230000004
vt 0.766698718 -0.254999995
vt 0.785000026 -0.273301274
vt 0.810000002 -0.280000001
vt 0.834999979 -0.273301274
vt 0.853301287 -0.254999995
vt 0.853301287 -0.254999995
vt 0.834999979 -0.273301274
vt 0.810000002 -0.280000001
vt 0.785000026 -0.273301274
vt 0.766698718 -0.254999995
vt 0.75999999 -0.230000004
vt 0.766698718 -0.204999998
vt 0.785000026 -0.186698735
vt 0.810000002 -0.180000007
vt 0.834999979 -0.186698735
vt 0.853301287 -0.204999998
vt 0.860000014 -0.230000004
vt 0.546000004 -0.207000002
vt 1.73800004 -0.207000002
vt 1.73800004 -0.252999991
vt 0.546000004 -0.252999991
vt 0.546000004 -0.252999991
vt 1.73800004 -0.252999991
vt 1.73800004 -0.207000002
vt 0.546000004 -0.207000002
vt 0.787 -0.252999991
vt 0.833000004 -0.252999991
vt 0.833000004 -0.207000002
vt 0.787 -0.207000002
vt 0.787 -0.207000002
vt 0.833000004 -0.207000002
vt 0.833000004 -0.252999991
vt 0.787 -0.252999991
vt 0.787 1.73800004
vt 0.833000004 1.73800004
vt 0.833000004 0.546000004
vt 0.787 0.546000004
vt 0.787 0.546000004
vt 0.833000004 0.546000004
vt 0.833000004 1.73800004
vt 0.787 1.73800004
vt 0.787 0.546000004
vt 0.833000004 0.546000004
vt 0.833000004 0.540000021
vt 0.787 0.540000021
vt 0.787 0.540000021
vt 0.833000004 0.540000021
vt 0.833000004 0.546000004
vt 0.787 0.546000004
vt 0.787 -0.252999991
vt 0.833000004 -0.252999991
vt 0.833000004 -0.259000003
vt 0.787 -0.259000003
vt 0.787 -0.201000005
vt 0.833000004 -0.201000005
vt 0.833000004 -0.207000002
vt 0.787 -0.207000002
vt 0.546000004 0.781000018
vt 1.73800004 0.781000018
vt 1.73800004 0.787
vt 0.546000004 0.787
vt 0.546000004 0.787
vt 1.73800004 0.787
vt 1.73800004 0.781000018
vt 0.546000004 0.781000018
vt 0.546000004 0.833000004
vt 1.73800004 0.833000004
vt 1.73800004 0.838999987
vt 0.546000004 0.838999987
vt 0.546000004 0.838999987
vt 1.73800004 0.838999987
vt 1.73800004 0.833000004
vt 0.546000004 0.833000004
vt -0.252999991 0.787
vt -0.207000002 0.787
vt -0.207000002 0.781000018
vt -0.252999991 0.781000018
vt -0.252999991 0.781000018
vt -0.207000002 0.781000018
vt -0.207000002 0.787
vt -0.252999991 0.787
vt -0.252999991 0.838999987
vt -0.207000002 0.838999987
vt -0.207000002 0.833000004
vt -0.252999991 0.833000004
vt -0.252999991 0.833000004
vt -0.207000002 0.833000004
vt -0.207000002 0.838999987
vt -0.252999991 0.838999987
vt 0.787 0.546000004
vt 0.787 0.540000021
vt 0.781000018 0.546000004
vt 0.781000018 0.546000004
vt 0.787 0.540000021
vt 0.787 0.546000004
vt 0.781000018 -0.252999991
vt 0.787 -0.252999991
vt 0.787 -0.259000003
vt 0.787 -0.201000005
vt 0.787 -0.207000002
vt 0.781000018 -0.207000002
vt 0.838999987 0.546000004
vt 0.833000004 0.540000021
vt 0.833000004 0.546000004
vt 0.833000004 0.546000004
vt 0.833000004 0.540000021
vt 0.838999987 0.546000004
vt 0.833000004 -0.259000003
vt 0.833000004 -0.252999991
vt 0.838999987 -0.252999991
vt 0.838999987 -0.207000002
vt 0.833000004 -0.207000002
vt 0.833000004 -0.201000005
vt 0 0
vt 0 1
vt 0.0833333284 1
vt 0.0833333284 0
vt 0.166666672 1
vt 0.166666672 0
vt 0.25 1
vt 0.25 0
vt 0.333333343 1
vt 0.333333343 0
vt 0.416666657 1
vt 0.416666657 0
vt 0.5 1
vt 0.5 0
vt 0.583333313 1
vt 0.583333313 0
vt 0.666666687 1
vt 0.666666687 0
vt 0.75 1
vt 0.75 0
vt 0.833333313 1
vt 0.833333313 0
vt 0.916666687 1
vt 0.916666687 0
vt 1 1
vt 1 0
vt 0.244000003 0.569999993
vt 0.249894887 0.592000008
vt 0.266000003 0.608105123
vt 0.287999988 0.614000022
vt 0.310000002 0.608105123
vt 0.326105118 0.592000008
vt 0.331999987 0.569999993
vt 0.326105118 0.547999978
vt 0.310000002 0.531894863
vt 0.287999988 0.526000023
vt 0.266000003 0.531894863
vt 0.249894887 0.547999978
vt 0.249894887 0.547999978
vt 0.266000003 0.531894863
vt 0.287999988 0.526000023
vt 0.310000002 0.531894863
vt 0.326105118 0.547999978
vt 0.331999987 0.569999993
vt 0.326105118 0.592000008
vt 0.310000002 0.608105123
vt 0.287999988 0.614000022
vt 0.266000003 0.608105123
vt 0.249894887 0.592000008
vt 0.244000003 0.569999993
vt 0.300000012 0.619000018
vt 0.483999997 0.619000018
vt 0.483999997 0.521000028
vt 0.300000012 0.521000028
vt 0.300000012 0.521000028
vt 0.483999997 0.521000028
vt 0.483999997 0.619000018
vt 0.300000012 0.619000018
vt 0.737999976 0.521000028
vt 0.745999992 0.521000028
vt 0.745999992 0.619000018
vt 0.737999976 0.619000018
vt 0.737999976 0.619000018
vt 0.745999992 0.619000018
vt 0.745999992 0.521000028
vt 0.737999976 0.521000028
vt 0.737999976 0.483999997
vt 0.745999992 0.483999997
vt 0.745999992 0.300000012
vt 0.737999976 0.300000012
vt 0.737999976 0.300000012
vt 0.745999992 0.300000012
vt 0.745999992 0.483999997
vt 0.737999976 0.483999997
vt 0.737999976 0.300000012
vt 0.745999992 0.300000012
vt 0.745999992 0.291999996
vt 0.737999976 0.291999996
vt 0.737999976 0.291999996
vt 0.745999992 0.291999996
vt 0.745999992 0.300000012
vt 0.737999976 0.300000012
vt 0.737999976 0.492000014
vt 0.745999992 0.492000014
vt 0.745999992 0.483999997
vt 0.737999976 0.483999997
vt 0.737999976 0.483999997
vt 0.745999992 0.483999997
vt 0.745999992 0.492000014
vt 0.737999976 0.492000014
vt 0.300000012 0.730000019
vt 0.483999997 0.730000019
vt 0.483999997 0.737999976
vt 0.300000012 0.737999976
vt 0.300000012 0.737999976
vt 0.483999997 0.737999976
vt 0.483999997 0.730000019
vt 0.300000012 0.730000019
vt 0.300000012 0.745999992
vt 0.483999997 0.745999992
vt 0.483999997 0.754000008
vt 0.300000012 0.754000008
vt 0.300000012 0.754000008
vt 0.483999997 0.754000008
vt 0.483999997 0.745999992
vt 0.300000012 0.745999992
vt 0.521000028 0.737999976
vt 0.619000018 0.737999976
vt 0.619000018 0.730000019
vt 0.521000028 0.730000019
vt 0.521000028 0.730000019
vt 0.619000018 0.730000019
vt 0.619000018 0.737999976
vt 0.521000028 0.737999976
vt 0.521000028 0.754000008
vt 0.619000018 0.754000008
vt 0.619000018 0.745999992
vt 0.521000028 0.745999992
vt 0.521000028 0.745999992
vt 0.619000018 0.745999992
vt 0.619000018 0.754000008
vt 0.521000028 0.754000008
vt 0.737999976 0.300000012
vt 0.737999976 0.291999996
vt 0.730000019 0.300000012
vt 0.730000019 0.300000012
vt 0.737999976 0.291999996
vt 0.737999976 0.300000012
vt 0.730000019 0.483999997
vt 0.737999976 0.492000014
vt 0.737999976 0.483999997
vt 0.737999976 0.483999997
vt 0.737999976 0.492000014
vt 0.730000019 0.483999997
vt 0.754000008 0.300000012
vt 0.745999992 0.291999996
vt 0.745999992 0.300000012
vt 0.745999992 0.300000012
vt 0.745999992 0.291999996
vt 0.754000008 0.300000012
vt 0.745999992 0.483999997
vt 0.745999992 0.492000014
vt 0.754000008 0.483999997
vt 0.754000008 0.483999997
vt 0.745999992 0.492000014
vt 0.745999992 0.483999997
vt 0.300000012 0.619000018
vt 0.483999997 0.619000018
vt 0.483999997 0.521000028
vt 0.300000012 0.521000028
vt 0.300000012 0.521000028
vt 0.483999997 0.521000028
vt 0.483999997 0.619000018
vt 0.300000012 0.619000018
vt 0.874000013 0.521000028
vt 0.882000029 0.521000028
vt 0.882000029 0.619000018
vt 0.874000013 0.619000018
vt 0.874000013 0.619000018
vt 0.882000029 0.619000018
vt 0.882000029 0.521000028
vt 0.874000013 0.521000028
vt 0.874000013 0.483999997
vt 0.882000029 0.483999997
vt 0.882000029 0.300000012
vt 0.874000013 0.300000012
vt 0.874000013 0.300000012
vt 0.882000029 0.300000012
vt 0.882000029 0.483999997
vt 0.874000013 0.483999997
vt 0.874000013 0.300000012
vt 0.882000029 0.300000012
vt 0.882000029 0.291999996
vt 0.874000013 0.291999996
vt 0.874000013 0.291999996
vt 0.882000029 0.291999996
vt 0.882000029 0.300000012
vt 0.874000013 0.300000012
vt 0.874000013 0.492000014
vt 0.882000029 0.492000014
vt 0.882000029 0.483999997
vt 0.874000013 0.483999997
vt 0.874000013 0.483999997
vt 0.882000029 0.483999997
vt 0.882000029 0.492000014
vt 0.874000013 0.492000014
vt 0.300000012 0.865999997
vt 0.483999997 0.865999997
vt 0.483999997 0.874000013
vt 0.300000012 0.874000013
vt 0.300000012 0.874000013
vt 0.483999997 0.874000013
vt 0.483999997 0.865999997
vt 0.300000012 0.865999997
vt 0.300000012 0.882000029
vt 0.483999997 0.882000029
vt 0.483999997 0.889999986
vt 0.300000012 0.889999986
vt 0.300000012 0.889999986
vt 0.483999997 0.889999986
vt 0.483999997 0.882000029
vt 0.300000012 0.882000029
vt 0.521000028 0.874000013
vt 0.619000018 0.874000013
vt 0.619000018 0.865999997
vt 0.521000028 0.865999997
vt 0.521000028 0.865999997
vt 0.619000018 0.865999997
vt 0.619000018 0.874000013
vt 0.521000028 0.874000013
vt 0.521000028 0.889999986
vt 0.619000018 0.889999986
vt 0.619000018 0.882000029
vt 0.521000028 0.882000029
vt 0.521000028 0.882000029
vt 0.619000018 0.882000029
vt 0.619000018 0.889999986
vt 0.521000028 0.889999986
vt 0.874000013 0.300000012
vt 0.874000013 0.291999996
vt 0.865999997 0.300000012
vt 0.865999997 0.300000012
vt 0.874000013 0.291999996
vt 0.874000013 0.300000012
vt 0.865999997 0.483999997
vt 0.874000013 0.492000014
vt 0.874000013 0.483999997
vt 0.874000013 0.483999997
vt 0.874000013 0.492000014
vt 0.865999997 0.483999997
vt 0.889999986 0.300000012
vt 0.882000029 0.291999996
vt 0.882000029 0.300000012
vt 0.882000029 0.300000012
vt 0.882000029 0.291999996
vt 0.889999986 0.300000012
vt 0.882000029 0.483999997
vt 0.882000029 0.492000014
vt 0.889999986 0.483999997
vt 0.889999986 0.483999997
vt 0.882000029 0.492000014
vt 0.882000029 0.483999997
vt 0.481000006 0.621999979
vt 0.503000021 0.621999979
vt 0.503000021 0.518000007
vt 0.481000006 0.518000007
vt 0.481000006 0.518000007
vt 0.503000021 0.518000007
vt 0.503000021 0.621999979
vt 0.481000006 0.621999979
vt 0.735000014 0.518000007
vt 0.88499999 0.518000007
vt 0.88499999 0.621999979
vt 0.735000014 0.621999979
vt 0.735000014 0.621999979
vt 0.88499999 0.621999979
vt 0.88499999 0.518000007
vt 0.735000014 0.518000007
vt 0.735000014 0.503000021
vt 0.88499999 0.503000021
vt 0.88499999 0.481000006
vt 0.735000014 0.481000006
vt 0.735000014 0.481000006
vt 0.88499999 0.481000006
vt 0.88499999 0.503000021
vt 0.735000014 0.503000021
vt 0.735000014 0.481000006
vt 0.88499999 0.481000006
vt 0.88499999 0.47299999
vt 0.735000014 0.47299999
vt 0.735000014 0.47299999
vt 0.88499999 0.47299999
vt 0.88499999 0.481000006
vt 0.735000014 0.481000006
vt 0.735000014 0.510999978
vt 0.88499999 0.510999978
vt 0.88499999 0.503000021
vt 0.735000014 0.503000021
vt 0.735000014 0.503000021
vt 0.88499999 0.503000021
vt 0.88499999 0.510999978
vt 0.735000014 0.510999978
vt 0.481000006 0.518000007
vt 0.503000021 0.518000007
vt 0.503000021 0.50999999
vt 0.481000006 0.50999999
vt 0.481000006 0.629999995
vt 0.503000021 0.629999995
vt 0.503000021 0.621999979
vt 0.481000006 0.621999979
vt 0.481000006 0.50999999
vt 0.503000021 0.50999999
vt 0.503000021 0.518000007
vt 0.481000006 0.518000007
vt 0.481000006 0.621999979
vt 0.503000021 0.621999979
vt 0.503000021 0.629999995
vt 0.481000006 0.629999995
vt 0.518000007 0.47299999
vt 0.621999979 0.47299999
vt 0.621999979 0.481000006
vt 0.518000007 0.481000006
vt 0.518000007 0.503000021
vt 0.621999979 0.503000021
vt 0.621999979 0.510999978
vt 0.518000007 0.510999978
vt 0.518000007 0.481000006
vt 0.621999979 0.481000006
vt 0.621999979 0.47299999
vt 0.518000007 0.47299999
vt 0.518000007 0.510999978
vt 0.621999979 0.510999978
vt 0.621999979 0.503000021
vt 0.518000007 0.503000021
vt 0.481000006 0.50999999
vt 0.47299999 0.518000007
vt 0.481000006 0.518000007
vt 0.481000006 0.621999979
vt 0.47299999 0.621999979
vt 0.481000006 0.629999995
vt 0.503000021 0.518000007
vt 0.510999978 0.518000007
vt 0.503000021 0.50999999
vt 0.503000021 0.629999995
vt 0.510999978 0.621999979
vt 0.503000021 0.621999979
vt 0.481000006 0.518000007
vt 0.47299999 0.518000007
vt 0.481000006 0.50999999
vt 0.481000006 0.629999995
vt 0.47299999 0.621999979
vt 0.481000006 0.621999979
vt 0.503000021 0.50999999
vt 0.510999978 0.518000007
vt 0.503000021 0.518000007
vt 0.503000021 0.621999979
vt 0.510999978 0.621999979
vt 0.503000021 0.629999995
vt 0 0
vt 0 1
vt 0.0833333284 1
vt 0.0833333284 0
vt 0.166666672 1
vt 0.166666672 0
vt 0.25 1
vt 0.25 0
vt 0.333333343 1
vt 0.333333343 0
vt 0.416666657 1
vt 0.416666657 0
vt 0.5 1
vt 0.5 0
vt 0.583333313 1
vt 0.583333313 0
vt 0.666666687 1
vt 0.666666687 0
vt 0.75 1
vt 0.75 0
vt 0.833333313 1
vt 0.833333313 0
vt 0.916666687 1
vt 0.916666687 0
vt 1 1
vt 1 0
vt 0.860000014 0.569999993
vt 0.853301287 0.595000029
vt 0.834999979 0.613301277
vt 0.810000002 0.620000005
vt 0.785000026 0.613301277
vt 0.766698718 0.595000029
vt 0.75999999 0.569999993
vt 0.766698718 0.545000017
vt 0.785000026 0.526698709
vt 0.810000002 0.519999981
vt 0.834999979 0.526698709
vt 0.853301287 0.545000017
vt 0.853301287 0.545000017
vt 0.834999979 0.526698709
vt 0.810000002 0.519999981
vt 0.785000026 0.526698709
vt 0.766698718 0.545000017
vt 0.75999999 0.569999993
vt 0.766698718 0.595000029
vt 0.785000026 0.613301277
vt 0.810000002 0.620000005
vt 0.834999979 0.613301277
vt 0.853301287 0.595000029
vt 0.860000014 0.569999993
vt 0.546000004 0.592999995
vt 1.73800004 0.592999995
vt 1.73800004 0.546999991
vt 0.546000004 0.546999991
vt 0.546000004 0.546999991
vt 1.73800004 0.546999991
vt 1.73800004 0.592999995
vt 0.546000004 0.592999995
vt 0.787 0.546999991
vt 0.833000004 0.546999991
vt 0.833000004 0.592999995
vt 0.787 0.592999995
vt 0.787 0.592999995
vt 0.833000004 0.592999995
vt 0.833000004 0.546999991
vt 0.787 0.546999991
vt 0.787 1.73800004
vt 0.833000004 1.73800004
vt 0.833000004 0.546000004
vt 0.787 0.546000004
vt 0.787 0.546000004
vt 0.833000004 0.546000004
vt 0.833000004 1.73800004
vt 0.787 1.73800004
vt 0.787 0.546000004
vt 0.833000004 0.546000004
vt 0.833000004 0.540000021
vt 0.787 0.540000021
vt 0.787 0.540000021
vt 0.833000004 0.540000021
vt 0.833000004 0.546000004
vt 0.787 0.546000004
vt 0.787 0.546999991
vt 0.833000004 0.546999991
vt 0.833000004 0.541000009
vt 0.787 0.541000009
vt 0.787 0.598999977
vt 0.833000004 0.598999977
vt 0.833000004 0.592999995
vt 0.787 0.592999995
vt 0.546000004 0.781000018
vt 1.73800004 0.781000018
vt 1.73800004 0.787
vt 0.546000004 0.787
vt 0.546000004 0.787
vt 1.73800004 0.787
vt 1.73800004 0.781000018
vt 0.546000004 0.781000018
vt 0.546000004 0.833000004
vt 1.73800004 0.833000004
vt 1.73800004 0.838999987
vt 0.546000004 0.838999987
vt 0.546000004 0.838999987
vt 1.73800004 0.838999987
vt 1.73800004 0.833000004
vt 0.546000004 0.833000004
vt 0.546999991 0.787
vt 0.592999995 0.787
vt 0.592999995 0.781000018
vt 0.546999991 0.781000018
vt 0.546999991 0.781000018
vt 0.592999995 0.781000018
vt 0.592999995 0.787
vt 0.546999991 0.787
vt 0.546999991 0.838999987
vt 0.592999995 0.838999987
vt 0.592999995 0.833000004
vt 0.546999991 0.833000004
vt 0.546999991 0.833000004
vt 0.592999995 0.833000004
vt 0.592999995 0.838999987
vt 0.546999991 0.838999987
vt 0.787 0.546000004
vt 0.787 0.540000021
vt 0.781000018 0.546000004
vt 0.781000018 0.546000004
vt 0.787 0.540000021
vt 0.787 0.546000004
vt 0.781000018 0.546999991
vt 0.787 0.546999991
vt 0.787 0.541000009
vt 0.787 0.598999977
vt 0.787 0.592999995
vt 0.781000018 0.592999995
vt 0.838999987 0.546000004
vt 0.833000004 0.540000021
vt 0.833000004 0.546000004
vt 0.833000004 0.546000004
vt 0.833000004 0.540000021
vt 0.838999987 0.546000004
vt 0.833000004 0.541000009
vt 0.833000004 0.546999991
vt 0.838999987 0.546999991
vt 0.838999987 0.592999995
vt 0.833000004 0.592999995
vt 0.833000004 0.598999977
vt 0.713 0.589999974
vt 0.735000014 0.589999974
vt 0.735000014 -0.25
vt 0.713 -0.25
vt 0.713 -0.25
vt 0.735000014 -0.25
vt 0.735000014 0.589999974
vt 0.713 0.589999974
vt -0.499000013 -0.25
vt 0.838999987 -0.25
vt 0.838999987 0.589999974
vt -0.499000013 0.589999974
vt -0.499000013 0.589999974
vt 0.838999987 0.589999974
vt 0.838999987 -0.25
vt -0.499000013 -0.25
vt -0.499000013 0.735000014
vt 0.838999987 0.735000014
vt 0.838999987 0.713
vt -0.499000013 0.713
vt -0.499000013 0.713
vt 0.838999987 0.713
vt 0.838999987 0.735000014
vt -0.499000013 0.735000014
vt -0.499000013 0.713
vt 0.838999987 0.713
vt 0.838999987 0.700999975
vt -0.499000013 0.700999975
vt -0.499000013 0.700999975
vt 0.838999987 0.700999975
vt 0.838999987 0.713
vt -0.499000013 0.713
vt -0.499000013 0.746999979
vt 0.838999987 0.746999979
vt 0.838999987 0.735000014
vt -0.499000013 0.735000014
vt -0.499000013 0.735000014
vt 0.838999987 0.735000014
vt 0.838999987 0.746999979
vt -0.499000013 0.746999979
vt 0.713 -0.510999978
vt 0.735000014 -0.510999978
vt 0.735000014 -0.499000013
vt 0.713 -0.499000013
vt 0.713 -0.499000013
vt 0.735000014 -0.499000013
vt 0.735000014 -0.510999978
vt 0.713 -0.510999978
vt 0.713 0.838999987
vt 0.735000014 0.838999987
vt 0.735000014 0.851000011
vt 0.713 0.851000011
vt 0.713 0.851000011
vt 0.735000014 0.851000011
vt 0.735000014 0.838999987
vt 0.713 0.838999987
vt -0.25 -0.499000013
vt 0.589999974 -0.499000013
vt 0.589999974 -0.510999978
vt -0.25 -0.510999978
vt -0.25 -0.510999978
vt 0.589999974 -0.510999978
vt 0.589999974 -0.499000013
vt -0.25 -0.499000013
vt -0.25 0.851000011
vt 0.589999974 0.851000011
vt 0.589999974 0.838999987
vt -0.25 0.838999987
vt -0.25 0.838999987
vt 0.589999974 0.838999987
vt 0.589999974 0.851000011
vt -0.25 0.851000011
vt -0.499000013 0.713
vt -0.499000013 0.700999975
vt -0.510999978 0.713
vt -0.510999978 0.713
vt -0.499000013 0.700999975
vt -0.499000013 0.713
vt -0.510999978 0.735000014
vt -0.499000013 0.746999979
vt -0.499000013 0.735000014
vt -0.499000013 0.735000014
vt -0.499000013 0.746999979
vt -0.510999978 0.735000014
vt 0.851000011 0.713
vt 0.838999987 0.700999975
vt 0.838999987 0.713
vt 0.838999987 0.713
vt 0.838999987 0.700999975
vt 0.851000011 0.713
vt 0.838999987 0.735000014
vt 0.838999987 0.746999979
vt 0.851000011 0.735000014
vt 0.851000011 0.735000014
vt 0.838999987 0.746999979
vt 0.838999987 0.735000014
vt 1.18700004 0.589999974
vt 1.20899999 0.589999974
vt 1.20899999 -0.25
vt 1.18700004 -0.25
vt 1.18700004 -0.25
vt 1.20899999 -0.25
vt 1.20899999 0.589999974
vt 1.18700004 0.589999974
vt -0.499000013 -0.25
vt 0.838999987 -0.25
vt 0.838999987 0.589999974
vt -0.499000013 0.589999974
vt -0.499000013 0.589999974
vt 0.838999987 0.589999974
vt 0.838999987 -0.25
vt -0.499000013 -0.25
vt -0.499000013 1.20899999
vt 0.838999987 1.20899999
vt 0.838999987 1.18700004
vt -0.499000013 1.18700004
vt -0.499000013 1.18700004
vt 0.838999987 1.18700004
vt 0.838999987 1.20899999
vt -0.499000013 1.20899999
vt -0.499000013 1.18700004
vt 0.838999987 1.18700004
vt 0.838999987 1.17499995
vt -0.499000013 1.17499995
vt -0.499000013 1.17499995
vt 0.838999987 1.17499995
vt 0.838999987 1.18700004
vt -0.499000013 1.18700004
vt -0.499000013 1.22099996
vt 0.838999987 1.22099996
vt 0.838999987 1.20899999
vt -0.499000013 1.20899999
vt -0.499000013 1.20899999
vt 0.838999987 1.20899999
vt 0.838999987 1.22099996
vt -0.499000013 1.22099996
vt 1.18700004 -0.510999978
vt 1.20899999 -0.510999978
vt 1.20899999 -0.499000013
vt 1.18700004 -0.499000013
vt 1.18700004 -0.499000013
vt 1.20899999 -0.499000013
vt 1.20899999 -0.510999978
vt 1.18700004 -0.510999978
vt 1.18700004 0.838999987
vt 1.20899999 0.838999987
vt 1.20899999 0.851000011
vt 1.18700004 0.851000011
vt 1.18700004 0.851000011
vt 1.20899999 0.851000011
vt 1.20899999 0.838999987
vt 1.18700004 0.838999987
vt -0.25 -0.499000013
vt 0.589999974 -0.499000013
vt 0.589999974 -0.510999978
vt -0.25 -0.510999978
vt -0.25 -0.510999978
vt 0.589999974 -0.510999978
vt 0.589999974 -0.499000013
vt -0.25 -0.499000013
vt -0.25 0.851000011
vt 0.589999974 0.851000011
vt 0.589999974 0.838999987
vt -0.25 0.838999987
vt -0.25 0.838999987
vt 0.589999974 0.838999987
vt 0.589999974 0.851000011
vt -0.25 0.851000011
vt -0.499000013 1.18700004
vt -0.499000013 1.17499995
vt -0.510999978 1.18700004
vt -0.510999978 1.18700004
vt -0.499000013 1.17499995
vt -0.499000013 1.18700004
vt -0.510999978 1.20899999
vt -0.499000013 1.22099996
vt -0.499000013 1.20899999
vt -0.499000013 1.20899999
vt -0.499000013 1.22099996
vt -0.510999978 1.20899999
vt 0.851000011 1.18700004
vt 0.838999987 1.17499995
vt 0.838999987 1.18700004
vt 0.838999987 1.18700004
vt 0.838999987 1.17499995
vt 0.851000011 1.18700004
vt 0.838999987 1.20899999
vt 0.838999987 1.22099996
vt 0.851000011 1.20899999
vt 0.851000011 1.20899999
vt 0.838999987 1.22099996
vt 0.838999987 1.20899999
vt 1.75300002 0.638000011
vt 1.77100003 0.638000011
vt 1.77100003 -0.298000008
vt 1.75300002 -0.298000008
vt 1.75300002 -0.298000008
vt 1.77100003 -0.298000008
vt 1.77100003 0.638000011
vt 1.75300002 0.638000011
vt -0.568000019 -0.298000008
vt 0.907999992 -0.298000008
vt 0.907999992 0.638000011
vt -0.568000019 0.638000011
vt -0.568000019 0.638000011
vt 0.907999992 0.638000011
vt 0.907999992 -0.298000008
vt -0.568000019 -0.298000008
vt -0.568000019 1.77100003
vt 0.907999992 1.77100003
vt 0.907999992 1.75300002
vt -0.568000019 1.75300002
vt -0.568000019 1.75300002
vt 0.907999992 1.75300002
vt 0.907999992 1.77100003
vt -0.568000019 1.77100003
vt -0.568000019 1.75300002
vt 0.907999992 1.75300002
vt 0.907999992 1.73699999
vt -0.568000019 1.73699999
vt -0.568000019 1.73699999
vt 0.907999992 1.73699999
vt 0.907999992 1.75300002
vt -0.568000019 1.75300002
vt -0.568000019 1.78699994
vt 0.907999992 1.78699994
vt 0.907999992 1.77100003
vt -0.568000019 1.77100003
vt -0.568000019 1.77100003
vt 0.907999992 1.77100003
vt 0.907999992 1.78699994
vt -0.568000019 1.78699994
vt 1.75300002 -0.583999991
vt 1.77100003 -0.583999991
vt 1.77100003 -0.568000019
vt 1.75300002 -0.568000019
vt 1.75300002 -0.568000019
vt 1.77100003 -0.568000019
vt 1.77100003 -0.583999991
vt 1.75300002 -0.583999991
vt 1.75300002 0.907999992
vt 1.77100003 0.907999992
vt 1.77100003 0.924000025
vt 1.75300002 0.924000025
vt 1.75300002 0.924000025
vt 1.77100003 0.924000025
vt 1.77100003 0.907999992
vt 1.75300002 0.907999992
vt -0.298000008 -0.568000019
vt 0.638000011 -0.568000019
vt 0.638000011 -0.583999991
vt -0.298000008 -0.583999991
vt -0.298000008 -0.583999991
vt 0.638000011 -0.583999991
vt 0.638000011 -0.568000019
vt -0.298000008 -0.568000019
vt -0.298000008 0.924000025
vt 0.638000011 0.924000025
vt 0.638000011 0.907999992
vt -0.298000008 0.907999992
vt -0.298000008 0.907999992
vt 0.638000011 0.907999992
vt 0.638000011 0.924000025
vt -0.298000008 0.924000025
vt -0.568000019 1.75300002
vt -0.568000019 1.73699999
vt -0.583999991 1.75300002
vt -0.583999991 1.75300002
vt -0.568000019 1.73699999
vt -0.568000019 1.75300002
vt -0.583999991 1.77100003
vt -0.568000019 1.78699994
vt -0.568000019 1.77100003
vt -0.568000019 1.77100003
vt -0.568000019 1.78699994
vt -0.583999991 1.77100003
vt 0.924000025 1.75300002
vt 0.907999992 1.73699999
vt 0.907999992 1.75300002
vt 0.907999992 1.75300002
vt 0.907999992 1.73699999
vt 0.924000025 1.75300002
vt 0.907999992 1.77100003
vt 0.907999992 1.78699994
vt 0.924000025 1.77100003
vt 0.924000025 1.77100003
vt 0.907999992 1.78699994
vt 0.907999992 1.77100003
vt 1.78999996 -0.293000013
vt 1.85399997 -0.293000013
vt 1.85399997 -0.303000003
vt 1.78999996 -0.303000003
vt 1.78999996 -0.303000003
vt 1.85399997 -0.303000003
vt 1.85399997 -0.293000013
vt 1.78999996 -0.293000013
vt -0.555999994 -0.303000003
vt 0.896000028 -0.303000003
vt 0.896000028 -0.293000013
vt -0.555999994 -0.293000013
vt -0.555999994 -0.293000013
vt 0.896000028 -0.293000013
vt 0.896000028 -0.303000003
vt -0.555999994 -0.303000003
vt -0.555999994 1.85399997
vt 0.896000028 1.85399997
vt 0.896000028 1.78999996
vt -0.555999994 1.78999996
vt -0.555999994 1.78999996
vt 0.896000028 1.78999996
vt 0.896000028 1.85399997
vt -0.555999994 1.85399997
vt -0.555999994 1.78999996
vt 0.896000028 1.78999996
vt 0.896000028 1.77999997
vt -0.555999994 1.77999997
vt -0.555999994 1.77999997
vt 0.896000028 1.77999997
vt 0.896000028 1.78999996
vt -0.555999994 1.78999996
vt -0.555999994 1.86399996
vt 0.896000028 1.86399996
vt 0.896000028 1.85399997
vt -0.555999994 1.85399997
vt -0.555999994 1.85399997
vt 0.896000028 1.85399997
vt 0.896000028 1.86399996
vt -0.555999994 1.86399996
vt 1.78999996 -0.565999985
vt 1.85399997 -0.565999985
vt 1.85399997 -0.555999994
vt 1.78999996 -0.555999994
vt 1.78999996 -0.555999994
vt 1.85399997 -0.555999994
vt 1.85399997 -0.565999985
vt 1.78999996 -0.565999985
vt 1.78999996 0.896000028
vt 1.85399997 0.896000028
vt 1.85399997 0.906000018
vt 1.78999996 0.906000018
vt 1.78999996 0.906000018
vt 1.85399997 0.906000018
vt 1.85399997 0.896000028
vt 1.78999996 0.896000028
vt -0.303000003 -0.555999994
vt -0.293000013 -0.555999994
vt -0.293000013 -0.565999985
vt -0.303000003 -0.565999985
vt -0.303000003 -0.565999985
vt -0.293000013 -0.565999985
vt -0.293000013 -0.555999994
vt -0.303000003 -0.555999994
vt -0.303000003 0.906000018
vt -0.293000013 0.906000018
vt -0.293000013 0.896000028
vt -0.303000003 0.896000028
vt -0.303000003 0.896000028
vt -0.293000013 0.896000028
vt -0.293000013 0.906000018
vt -0.303000003 0.906000018
vt -0.555999994 1.78999996
vt -0.555999994 1.77999997
vt -0.565999985 1.78999996
vt -0.565999985 1.78999996
vt -0.555999994 1.77999997
vt -0.555999994 1.78999996
vt -0.565999985 1.85399997
vt -0.555999994 1.86399996
vt -0.555999994 1.85399997
vt -0.555999994 1.85399997
vt -0.555999994 1.86399996
vt -0.565999985 1.85399997
vt 0.906000018 1.78999996
vt 0.896000028 1.77999997
vt 0.896000028 1.78999996
vt 0.896000028 1.78999996
vt 0.896000028 1.77999997
vt 0.906000018 1.78999996
vt 0.896000028 1.85399997
vt 0.896000028 1.86399996
vt 0.906000018 1.85399997
vt 0.906000018 1.85399997
vt 0.896000028 1.86399996
vt 0.896000028 1.85399997
vt 1.78999996 0.643000007
vt 1.85399997 0.643000007
vt 1.85399997 0.633000016
vt 1.78999996 0.633000016
vt 1.78999996 0.633000016
vt 1.85399997 0.633000016
vt 1.85399997 0.643000007
vt 1.78999996 0.643000007
vt -0.555999994 0.633000016
vt 0.896000028 0.633000016
vt 0.896000028 0.643000007
vt -0.555999994 0.643000007
vt -0.555999994 0.643000007
vt 0.896000028 0.643000007
vt 0.896000028 0.633000016
vt -0.555999994 0.633000016
vt -0.555999994 1.85399997
vt 0.896000028 1.85399997
vt 0.896000028 1.78999996
vt -0.555999994 1.78999996
vt -0.555999994 1.78999996
vt 0.896000028 1.78999996
vt 0.896000028 1.85399997
vt -0.555999994 1.85399997
vt -0.555999994 1.78999996
vt 0.896000028 1.78999996
vt 0.896000028 1.77999997
vt -0.555999994 1.77999997
vt -0.555999994 1.77999997
vt 0.896000028 1.77999997
vt 0.896000028 1.78999996
vt -0.555999994 1.78999996
vt -0.555999994 1.86399996
vt 0.896000028 1.86399996
vt 0.896000028 1.85399997
vt -0.555999994 1.85399997
vt -0.555999994 1.85399997
vt 0.896000028 1.85399997
vt 0.896000028 1.86399996
vt -0.555999994 1.86399996
vt 1.78999996 -0.565999985
vt 1.85399997 -0.565999985
vt 1.85399997 -0.555999994
vt 1.78999996 -0.555999994
vt 1.78999996 -0.555999994
vt 1.85399997 -0.555999994
vt 1.85399997 -0.565999985
vt 1.78999996 -0.565999985
vt 1.78999996 0.896000028
vt 1.85399997 0.896000028
vt 1.85399997 0.906000018
vt 1.78999996 0.906000018
vt 1.78999996 0.906000018
vt 1.85399997 0.906000018
vt 1.85399997 0.896000028
vt 1.78999996 0.896000028
vt 0.633000016 -0.555999994
vt 0.643000007 -0.555999994
vt 0.643000007 -0.565999985
vt 0.633000016 -0.565999985
vt 0.633000016 -0.565999985
vt 0.643000007 -0.565999985
vt 0.643000007 -0.555999994
vt 0.633000016 -0.555999994
vt 0.633000016 0.906000018
vt 0.643000007 0.906000018
vt 0.643000007 0.896000028
vt 0.633000016 0.896000028
vt 0.633000016 0.896000028
vt 0.643000007 0.896000028
vt 0.643000007 0.906000018
vt 0.633000016 0.906000018
vt -0.555999994 1.78999996
vt -0.555999994 1.77999997
vt -0.565999985 1.78999996
vt -0.565999985 1.78999996
vt -0.555999994 1.77999997
vt -0.555999994 1.78999996
vt -0.565999985 1.85399997
vt -0.555999994 1.86399996
vt -0.555999994 1.85399997
vt -0.555999994 1.85399997
vt -0.555999994 1.86399996
vt -0.565999985 1.85399997
vt 0.906000018 1.78999996
vt 0.896000028 1.77999997
vt 0.896000028 1.78999996
vt 0.896000028 1.78999996
vt 0.896000028 1.77999997
vt 0.906000018 1.78999996
vt 0.896000028 1.85399997
vt 0.896000028 1.86399996
vt 0.906000018 1.85399997
vt 0.906000018 1.85399997
vt 0.896000028 1.86399996
vt 0.896000028 1.85399997
vt 1.78999996 0.620000005
vt 1.85399997 0.620000005
vt 1.85399997 -0.280000001
vt 1.78999996 -0.280000001
vt 1.78999996 -0.280000001
vt 1.85399997 -0.280000001
vt 1.85399997 0.620000005
vt 1.78999996 0.620000005
vt -0.573000014 -0.280000001
vt -0.563000023 -0.280000001
vt -0.563000023 0.620000005
vt -0.573000014 0.620000005
vt -0.573000014 0.620000005
vt -0.563000023 0.620000005
vt -0.563000023 -0.280000001
vt -0.573000014 -0.280000001
vt -0.573000014 1.85399997
vt -0.563000023 1.85399997
vt -0.563000023 1.78999996
vt -0.573000014 1.78999996
vt -0.573000014 1.78999996
vt -0.563000023 1.78999996
vt -0.563000023 1.85399997
vt -0.573000014 1.85399997
vt -0.573000014 1.78999996
vt -0.563000023 1.78999996
vt -0.563000023 1.77999997
vt -0.573000014 1.77999997
vt -0.573000014 1.77999997
vt -0.563000023 1.77999997
vt -0.563000023 1.78999996
vt -0.573000014 1.78999996
vt -0.573000014 1.86399996
vt -0.563000023 1.86399996
vt -0.563000023 1.85399997
vt -0.573000014 1.85399997
vt -0.573000014 1.85399997
vt -0.563000023 1.85399997
vt -0.563000023 1.86399996
vt -0.573000014 1.86399996
vt 1.78999996 -0.583000004
vt 1.85399997 -0.583000004
vt 1.85399997 -0.573000014
vt 1.78999996 -0.573000014
vt 1.78999996 -0.573000014
vt 1.85399997 -0.573000014
vt 1.85399997 -0.583000004
vt 1.78999996 -0.583000004
vt 1.78999996 -0.563000023
vt 1.85399997 -0.563000023
vt 1.85399997 -0.552999973
vt 1.78999996 -0.552999973
vt 1.78999996 -0.552999973
vt 1.85399997 -0.552999973
vt 1.85399997 -0.563000023
vt 1.78999996 -0.563000023
vt -0.280000001 -0.573000014
vt 0.620000005 -0.573000014
vt 0.620000005 -0.583000004
vt -0.280000001 -0.583000004
vt -0.280000001 -0.583000004
vt 0.620000005 -0.583000004
vt 0.620000005 -0.573000014
vt -0.280000001 -0.573000014
vt -0.280000001 -0.552999973
vt 0.620000005 -0.552999973
vt 0.620000005 -0.563000023
vt -0.280000001 -0.563000023
vt -0.280000001 -0.563000023
vt 0.620000005 -0.563000023
vt 0.620000005 -0.552999973
vt -0.280000001 -0.552999973
vt -0.573000014 1.78999996
vt -0.573000014 1.77999997
vt -0.583000004 1.78999996
vt -0.583000004 1.78999996
vt -0.573000014 1.77999997
vt -0.573000014 1.78999996
vt -0.583000004 1.85399997
vt -0.573000014 1.86399996
vt -0.573000014 1.85399997
vt -0.573000014 1.85399997
vt -0.573000014 1.86399996
vt -0.583000004 1.85399997
vt -0.552999973 1.78999996
vt -0.563000023 1.77999997
vt -0.563000023 1.78999996
vt -0.563000023 1.78999996
vt -0.563000023 1.77999997
vt -0.552999973 1.78999996
vt -0.563000023 1.85399997
vt -0.563000023 1.86399996
vt -0.552999973 1.85399997
vt -0.552999973 1.85399997
vt -0.563000023 1.86399996
vt -0.563000023 1.85399997
vt 1.78999996 0.620000005
vt 1.85399997 0.620000005
vt 1.85399997 -0.280000001
vt 1.78999996 -0.280000001
vt 1.78999996 -0.280000001
vt 1.85399997 -0.280000001
vt 1.85399997 0.620000005
vt 1.78999996 0.620000005
vt 0.902999997 -0.280000001
vt 0.912999988 -0.280000001
vt 0.912999988 0.620000005
vt 0.902999997 0.620000005
vt 0.902999997 0.620000005
vt 0.912999988 0.620000005
vt 0.912999988 -0.280000001
vt 0.902999997 -0.280000001
vt 0.902999997 1.85399997
vt 0.912999988 1.85399997
vt 0.912999988 1.78999996
vt 0.902999997 1.78999996
vt 0.902999997 1.78999996
vt 0.912999988 1.78999996
vt 0.912999988 1.85399997
vt 0.902999997 1.85399997
vt 0.902999997 1.78999996
vt 0.912999988 1.78999996
vt 0.912999988 1.77999997
vt 0.902999997 1.77999997
vt 0.902999997 1.77999997
vt 0.912999988 1.77999997
vt 0.912999988 1.78999996
vt 0.902999997 1.78999996
vt 0.902999997 1.86399996
vt 0.912999988 1.86399996
vt 0.912999988 1.85399997
vt 0.902999997 1.85399997
vt 0.902999997 1.85399997
vt 0.912999988 1.85399997
vt 0.912999988 1.86399996
vt 0.902999997 1.86399996
vt 1.78999996 0.893000007
vt 1.85399997 0.893000007
vt 1.85399997 0.902999997
vt 1.78999996 0.902999997
vt 1.78999996 0.902999997
vt 1.85399997 0.902999997
vt 1.85399997 0.893000007
vt 1.78999996 0.893000007
vt 1.78999996 0.912999988
vt 1.85399997 0.912999988
vt 1.85399997 0.922999978
vt 1.78999996 0.922999978
vt 1.78999996 0.922999978
vt 1.85399997 0.922999978
vt 1.85399997 0.912999988
vt 1.78999996 0.912999988
vt -0.280000001 0.902999997
vt 0.620000005 0.902999997
vt 0.620000005 0.893000007
vt -0.280000001 0.893000007
vt -0.280000001 0.893000007
vt 0.620000005 0.893000007
vt 0.620000005 0.902999997
vt -0.280000001 0.902999997
vt -0.280000001 0.922999978
vt 0.620000005 0.922999978
vt 0.620000005 0.912999988
vt -0.280000001 0.912999988
vt -0.280000001 0.912999988
vt 0.620000005 0.912999988
vt 0.620000005 0.922999978
vt -0.280000001 0.922999978
vt 0.902999997 1.78999996
vt 0.902999997 1.77999997
vt 0.893000007 1.78999996
vt 0.893000007 1.78999996
vt 0.902999997 1.77999997
vt 0.902999997 1.78999996
vt 0.893000007 1.85399997
vt 0.902999997 1.86399996
vt 0.902999997 1.85399997
vt 0.902999997 1.85399997
vt 0.902999997 1.86399996
vt 0.893000007 1.85399997
vt 0.922999978 1.78999996
vt 0.912999988 1.77999997
vt 0.912999988 1.78999996
vt 0.912999988 1.78999996
vt 0.912999988 1.77999997
vt 0.922999978 1.78999996
vt 0.912999988 1.85399997
vt 0.912999988 1.86399996
vt 0.922999978 1.85399997
vt 0.922999978 1.85399997
vt 0.912999988 1.86399996
vt 0.912999988 1.85399997
vt 0 0
vt 0 1
vt 1 1
vt 0 0
vt 1 1
vt 1 0
vt 0 0
vt 0 1
vt 1 1
vt 0 0
vt 1 1
vt 1 0
vt 0 0
vt 0 1
vt 1 1
vt 0 0
vt 1 1
vt 1 0
vt 0 0
vt 0 1
vt 1 1
vt 0 0
vt 1 1
vt 1 0
vt 0 0
vt 0 1
vt 1 1
vt 0 0
vt 1 1
vt 1 0
vt 0 0
vt 0 1
vt 1 1
vt 0 0
vt 1 1
vt 1 0
vt 0 0
vt 0 1
vt 1 1
vt 0 0
vt 1 1
vt 1 0
vt 0 0
vt 0 1
vt 1 1
vt 0 0
vt 1 1
vt 1 0
vt 0 0
vt 0 1
vt 1 1
vt 0 0
vt 1 1
vt 1 0
vt 0 0
vt 0 1
vt 1 1
vt 0 0
vt 1 1
vt 1 0
vt 0 0
vt 0 1
vt 1 1
vt 0 0
vt 1 1
vt 1 0
vt 0 0
vt 0 1
vt 1 1
vt 0 0
vt 1 1
vt 1 0
vt 0 0
vt 0 1
vt 1 1
vt 0 0
vt 1 1
vt 1 0
vt 0 0
vt 0 1
vt 1 1
vt 0 0
vt 1 1
vt 1 0
vt 0 0
vt 0 1
vt 1 1
vt 0 0
vt 1 1
vt 1 0
vt 0 0
vt 0 1
vt 1 1
vt 0 0
vt 1 1
vt 1 0
vt 0 0
vt 0 1
vt 1 1
vt 0 0
vt 1 1
vt 1 0
vt 0 0
vt 0 1
vt 1 1
vt 0 0
vt 1 1
vt 1 0
vt 0 0
vt 0 1
vt 1 1
vt 0 0
vt 1 1
vt 1 0
vt 0 0
vt 0 1
vt 1 1
vt 0 0
vt 1 1
vt 1 0
vt 0 0
vt 0 1
vt 1 1
vt 0 0
vt 1 1
vt 1 0
vt 0 0
vt 0 1
vt 1 1
vt 0 0
vt 1 1
vt 1 0
vt 0 0
vt 0 1
vt 1 1
vt 0 0
vt 1 1
vt 1 0
vt 0 0
vt 0 1
vt 1 1
vt 0 0
vt 1 1
vt 1 0
vt 0 0
vt 0 1
vt 1 1
vt 0 0
vt 1 1
vt 1 0
vt 0 0
vt 0 1
vt 1 1
vt 0 0
vt 1 1
vt 1 0
vt 0 0
vt 0 1
vt 1 1
vt 0 0
vt 1 1
vt 1 0
vt 0 0
vt 0 1
vt 1 1
vt 0 0
vt 1 1
vt 1 0
vt 0 0
vt 0 1
vt 1 1
vt 0 0
vt 1 1
vt 1 0
vt 0 0
vt 0 1
vt 1 1
vt 0 0
vt 1 1
vt 1 0
vt 0 0
vt 0 1
vt 1 1
vt 0 0
vt 1 1
vt 1 0
vt 0 0
vt 0 1
vt 1 1
vt 0 0
vt 1 1
vt 1 0
vt 0 0
vt 0 1
vt 1 1
vt 0 0
vt 1 1
vt 1 0
vt 0 0
vt 0 1
vt 1 1
vt 0 0
vt 1 1
vt 1 0
vt 0 0
vt 0 1
vt 1 1
vt 0 0
vt 1 1
vt 1 0
vt 0 0
vt 0 1
vt 1 1
vt 0 0
vt 1 1
vt 1 0
vt 0 0
vt 0 1
vt 1 1
vt 0 0
vt 1 1
vt 1 0
vt 0 0
vt 0 1
vt 1 1
vt 0 0
vt 1 1
vt 1 0
vt 0 0
vt 0 1
vt 1 1
vt 0 0
vt 1 1
vt 1 0
vt 0 0
vt 0 1
vt 1 1
vt 0 0
vt 1 1
vt 1 0
vt 0 0
vt 0 1
vt 1 1
vt 0 0
vt 1 1
vt 1 0
vt 0 0
vt 0 1
vt 1 1
vt 0 0
vt 1 1
vt 1 0
vt 0 0
vt 0 1
vt 1 1
vt 0 0
vt 1 1
vt 1 0
vt 0 0
vt 0 1
vt 1 1
vt 0 0
vt 1 1
vt 1 0
vt 0 0
vt 0 1
vt 1 1
vt 0 0
vt 1 1
vt 1 0
vt 0 0
vt 0 1
vt 1 1
vt 0 0
vt 1 1
vt 1 0
vt 0 0
vt 0 1
vt 1 1
vt 0 0
vt 1 1
vt 1 0
vt 0 0
vt 0 1
vt 1 1
vt 0 0
vt 1 1
vt 1 0
vt 0 0
vt 0 1
vt 1 1
vt 0 0
vt 1 1
vt 1 0
vt 0 0
vt 0 1
vt 1 1
vt 0 0
vt 1 1
vt 1 0
vt 0 0
vt 0 1
vt 1 1
vt 0 0
vt 1 1
vt 1 0
vt 0 0
vt 0 1
vt 1 1
vt 0 0
vt 1 1
vt 1 0
vt 0 0
vt 0 1
vt 1 1
vt 0 0
vt 1 1
vt 1 0
vt 0 0
vt 0 1
vt 1 1
vt 0 0
vt 1 1
vt 1 0
vt 0 0
vt 0 1
vt 1 1
vt 0 0
vt 1 1
vt 1 0
vt 0 0
vt 0 1
vt 1 1
vt 0 0
vt 1 1
vt 1 0
vt 0 0
vt 0 1
vt 1 1
vt 0 0
vt 1 1
vt 1 0
vt 0 0
vt 0 1
vt 1 1
vt 0 0
vt 1 1
vt 1 0
vt 0 0
vt 0 1
vt 1 1
vt 0 0
vt 1 1
vt 1 0
vt 0 0
vt 0 1
vt 1 1
vt 0 0
vt 1 1
vt 1 0
vt 0 0
vt 0 1
vt 1 1
vt 0 0
vt 1 1
vt 1 0
vt 0 0
vt 0 1
vt 1 1
vt 0 0
vt 1 1
vt 1 0
vt 0 0
vt 0 1
vt 1 1
vt 0 0
vt 1 1
vt 1 0
vt 0 0
vt 0 1
vt 1 1
vt 0 0
vt 1 1
vt 1 0
vt 0 0
vt 0 1
vt 1 1
vt 0 0
vt 1 1
vt 1 0
vt 0 0
vt 0 1
vt 1 1
vt 0 0
vt 1 1
vt 1 0
vt 0 0
vt 0 1
vt 1 1
vt 0 0
vt 1 1
vt 1 0
vt 0 0
vt 0 1
vt 1 1
vt 0 0
vt 1 1
vt 1 0
vt 0 0
vt 0 1
vt 1 1
vt 0 0
vt 1 1
vt 1 0
vt 0 0
vt 0 1
vt 1 1
vt 0 0
vt 1 1
vt 1 0
vt 0 0
vt 0 1
vt 1 1
vt 0 0
vt 1 1
vt 1 0
vt 0 0
vt 0 1
vt 1 1
vt 0 0
vt 1 1
vt 1 0
vt 0 0
vt 0 1
vt 1 1
vt 0 0
vt 1 1
vt 1 0
vt 0 0
vt 0 1
vt 1 1
vt 0 0
vt 1 1
vt 1 0
vt 0 0
vt 0 1
vt 1 1
vt 0 0
vt 1 1
vt 1 0
vt 0 0
vt 0 1
vt 1 1
vt 0 0
vt 1 1
vt 1 0
vt 0 0
vt 0 1
vt 1 1
vt 0 0
vt 1 1
vt 1 0
vt 0 0
vt 0 1
vt 1 1
vt 0 0
vt 1 1
vt 1 0
vt 0 0
vt 0 1
vt 1 1
vt 0 0
vt 1 1
vt 1 0
vt 0 0
vt 0 1
vt 1 1
vt 0 0
vt 1 1
vt 1 0
vt 0 0
vt 0 1
vt 1 1
vt 0 0
vt 1 1
vt 1 0
vt 0 0
vt 0 1
vt 1 1
vt 0 0
vt 1 1
vt 1 0
vt 0 0
vt 0 1
vt 1 1
vt 0 0
vt 1 1
vt 1 0
vt 0 0
vt 0 1
vt 1 1
vt 0 0
vt 1 1
vt 1 0
vt 0 0
vt 0 1
vt 1 1
vt 0 0
vt 1 1
vt 1 0
vt 0 0
vt 0 1
vt 1 1
vt 0 0
vt 1 1
vt 1 0
vt 0 0
vt 0 1
vt 1 1
vt 0 0
vt 1 1
vt 1 0
vt 0 0
vt 0 1
vt 1 1
vt 0 0
vt 1 1
vt 1 0
vt 0 0
vt 0 1
vt 1 1
vt 0 0
vt 1 1
vt 1 0
vt 0 0
vt 0 1
vt 1 1
vt 0 0
vt 1 1
vt 1 0
vt 0 0
vt 0 1
vt 1 1
vt 0 0
vt 1 1
vt 1 0
vt 0 0
vt 0 1
vt 1 1
vt 0 0
vt 1 1
vt 1 0
vt 0 0
vt 0 1
vt 1 1
vt 0 0
vt 1 1
vt 1 0
vt 0 0
vt 0 1
vt 1 1
vt 0 0
vt 1 1
vt 1 0
vt 0 0
vt 0 1
vt 1 1
vt 0 0
vt 1 1
vt 1 0
vt 0 0
vt 0 1
vt 1 1
vt 0 0
vt 1 1
vt 1 0
vt 0 0
vt 0 1
vt 1 1
vt 0 0
vt 1 1
vt 1 0
vt 0 0
vt 0 1
vt 1 1
vt 0 0
vt 1 1
vt 1 0
vt 0 0
vt 0 1
vt 1 1
vt 0 0
vt 1 1
vt 1 0
vt 0 0
vt 0 1
vt 1 1
vt 0 0
vt 1 1
vt 1 0
vt 0 0
vt 0 1
vt 1 1
vt 0 0
vt 1 1
vt 1 0
vt 0 0
vt 0 1
vt 1 1
vt 0 0
vt 1 1
vt 1 0
vt 0 0
vt 0 1
vt 1 1
vt 0 0
vt 1 1
vt 1 0
vt 0 0
vt 0 1
vt 1 1
vt 0 0
vt 1 1
vt 1 0
vt 0 0
vt 0 1
vt 1 1
vt 0 0
vt 1 1
vt 1 0
vt 0 0
vt 0 1
vt 1 1
vt 0 0
vt 1 1
vt 1 0
vt 0 0
vt 0 1
vt 1 1
vt 0 0
vt 1 1
vt 1 0
vt 0 0
vt 0 1
vt 1 1
vt 0 0
vt 1 1
vt 1 0
vt 0 0
vt 0 1
vt 1 1
vt 0 0
vt 1 1
vt 1 0
vt 0 0
vt 0 1
vt 1 1
vt 0 0
vt 1 1
vt 1 0
vt 0 0
vt 0 1
vt 1 1
vt 0 0
vt 1 1
vt 1 0
vt 0 0
vt 0 1
vt 1 1
vt 0 0
vt 1 1
vt 1 0
vt 0 0
vt 0 1
vt 1 1
vt 0 0
vt 1 1
vt 1 0
vt 0 0
vt 0 1
vt 1 1
vt 0 0
vt 1 1
vt 1 0
vt 0 0
vt 0 1
vt 1 1
vt 0 0
vt 1 1
vt 1 0
vt 0 0
vt 0 1
vt 1 1
vt 0 0
vt 1 1
vt 1 0
vt 0 0
vt 0 1
vt 1 1
vt 0 0
vt 1 1
vt 1 0
vt 0 0
vt 0 1
vt 1 1
vt 0 0
vt 1 1
vt 1 0
vt 0 0
vt 0 1
vt 1 1
vt 0 0
vt 1 1
vt 1 0
vt 0 0
vt 0 1
vt 1 1
vt 0 0
vt 1 1
vt 1 0
vt 0 0
vt 0 1
vt 1 1
vt 0 0
vt 1 1
vt 1 0
vt 0 0
vt 0 1
vt 1 1
vt 0 0
vt 1 1
vt 1 0
vt 0 0
vt 0 1
vt 1 1
vt 0 0
vt 1 1
vt 1 0
vt 0 0
vt 0 1
vt 1 1
vt 0 0
vt 1 1
vt 1 0
vt 0 0
vt 0 1
vt 1 1
vt 0 0
vt 1 1
vt 1 0
vt 0 0
vt 0 1
vt 1 1
vt 0 0
vt 1 1
vt 1 0
vt 0 0
vt 0 1
vt 1 1
vt 0 0
vt 1 1
vt 1 0
vt 0 0
vt 0 1
vt 1 1
vt 0 0
vt 1 1
vt 1 0
vt 0 0
vt 0 1
vt 1 1
vt 0 0
vt 1 1
vt 1 0
vt 0 0
vt 0 1
vt 1 1
vt 0 0
vt 1 1
vt 1 0
vt 0 0
vt 0 1
vt 1 1
vt 0 0
vt 1 1
vt 1 0
vt 0 0
vt 0 1
vt 1 1
vt 0 0
vt 1 1
vt 1 0
vt 0 0
vt 0 1
vt 1 1
vt 0 0
vt 1 1
vt 1 0
vt 0 0
vt 0 1
vt 1 1
vt 0 0
vt 1 1
vt 1 0
vt 0 0
vt 0 1
vt 1 1
vt 0 0
vt 1 1
vt 1 0
vt 0 0
vt 0 1
vt 1 1
vt 0 0
vt 1 1
vt 1 0
vt 0 0
vt 0 1
vt 1 1
vt 0 0
vt 1 1
vt 1 0
vt 0 0
vt 0 1
vt 1 1
vt 0 0
vt 1 1
vt 1 0
vt 0 0
vt 0 1
vt 1 1
vt 0 0
vt 1 1
vt 1 0
vt 0 0
vt 0 1
vt 1 1
vt 0 0
vt 1 1
vt 1 0
vt 0 0
vt 0 1
vt 1 1
vt 0 0
vt 1 1
vt 1 0
vt 0 0
vt 0 1
vt 1 1
vt 0 0
vt 1 1
vt 1 0
vt 0 0
vt 0 1
vt 1 1
vt 0 0
vt 1 1
vt 1 0
vt 0 0
vt 0 1
vt 1 1
vt 0 0
vt 1 1
vt 1 0
vt 0 0
vt 0 1
vt 1 1
vt 0 0
vt 1 1
vt 1 0
vt 0 0
vt 0 1
vt 1 1
vt 0 0
vt 1 1
vt 1 0
vt 0 0
vt 0 1
vt 1 1
vt 0 0
vt 1 1
vt 1 0
vt 0 0
vt 0 1
vt 1 1
vt 0 0
vt 1 1
vt 1 0
vt 0 0
vt 0 1
vt 1 1
vt 0 0
vt 1 1
vt 1 0
vt 0 0
vt 0 1
vt 1 1
vt 0 0
vt 1 1
vt 1 0
vt 0 0
vt 0 1
vt 1 1
vt 0 0
vt 1 1
vt 1 0
vt 0 0
vt 0 1
vt 1 1
vt 0 0
vt 1 1
vt 1 0
vt 0 0
vt 0 1
vt 1 1
vt 0 0
vt 1 1
vt 1 0
vt 0 0
vt 0 1
vt 1 1
vt 0 0
vt 1 1
vt 1 0
vt 0 0
vt 0 1
vt 1 1
vt 0 0
vt 1 1
vt 1 0
vt 0 0
vt 0 1
vt 1 1
vt 0 0
vt 1 1
vt 1 0
vt 0 0
vt 0 1
vt 1 1
vt 0 0
vt 1 1
vt 1 0
vt 0 0
vt 0 1
vt 1 1
vt 0 0
vt 1 1
vt 1 0
vt 0 0
vt 0 1
vt 1 1
vt 0 0
vt 1 1
vt 1 0
vt 0 0
vt 0 1
vt 1 1
vt 0 0
vt 1 1
vt 1 0
vt 0 0
vt 0 1
vt 1 1
vt 0 0
vt 1 1
vt 1 0
vt 0 0
vt 0 1
vt 1 1
vt 0 0
vt 1 1
vt 1 0
vt 0 0
vt 0 1
vt 1 1
vt 0 0
vt 1 1
vt 1 0
vt 0 0
vt 0 1
vt 1 1
vt 0 0
vt 1 1
vt 1 0
vt 0 0
vt 0 1
vt 1 1
vt 0 0
vt 1 1
vt 1 0
vt 0 0
vt 0 1
vt 1 1
vt 0 0
vt 1 1
vt 1 0
vt 0 0
vt 0 1
vt 1 1
vt 0 0
vt 1 1
vt 1 0
vt 0 0
vt 0 1
vt 1 1
vt 0 0
vt 1 1
vt 1 0
vt 0 0
vt 0 1
vt 1 1
vt 0 0
vt 1 1
vt 1 0
vt 0 0
vt 0 1
vt 1 1
vt 0 0
vt 1 1
vt 1 0
vt 0 0
vt 0 1
vt 1 1
vt 0 0
vt 1 1
vt 1 0
vt 0 0
vt 0 1
vt 1 1
vt 0 0
vt 1 1
vt 1 0
vt 0 0
vt 0 1
vt 1 1
vt 0 0
vt 1 1
vt 1 0
vt 0 0
vt 0 1
vt 1 1
vt 0 0
vt 1 1
vt 1 0
vt 0 0
vt 0 1
vt 1 1
vt 0 0
vt 1 1
vt 1 0
vt 0 0
vt 0 1
vt 1 1
vt 0 0
vt 1 1
vt 1 0
vt 0 0
vt 0 1
vt 1 1
vt 0 0
vt 1 1
vt 1 0
vt 0 0
vt 0 1
vt 1 1
vt 0 0
vt 1 1
vt 1 0
vt 0 0
vt 0 1
vt 1 1
vt 0 0
vt 1 1
vt 1 0
vt 0 0
vt 0 1
vt 1 1
vt 0 0
vt 1 1
vt 1 0
vt 0 0
vt 0 1
vt 1 1
vt 0 0
vt 1 1
vt 1 0
vt 0 0
vt 0 1
vt 1 1
vt 0 0
vt 1 1
vt 1 0
vt 0 0
vt 0 1
vt 1 1
vt 0 0
vt 1 1
vt 1 0
vt 0 0
vt 0 1
vt 1 1
vt 0 0
vt 1 1
vt 1 0
vt 0 0
vt 0 1
vt 1 1
vt 0 0
vt 1 1
vt 1 0
vt 0 0
vt 0 1
vt 1 1
vt 0 0
vt 1 1
vt 1 0
vt 0 0
vt 0 1
vt 1 1
vt 0 0
vt 1 1
vt 1 0
vt 0 0
vt 0 1
vt 1 1
vt 0 0
vt 1 1
vt 1 0
vt 0 0
vt 0 1
vt 1 1
vt 0 0
vt 1 1
vt 1 0
vt 0 0
vt 0 1
vt 1 1
vt 0 0
vt 1 1
vt 1 0
vt 0 0
vt 0 1
vt 1 1
vt 0 0
vt 1 1
vt 1 0
vt 0 0
vt 0 1
vt 1 1
vt 0 0
vt 1 1
vt 1 0
vt 0 0
vt 0 1
vt 1 1
vt 0 0
vt 1 1
vt 1 0
vt 0 0
vt 0 1
vt 1 1
vt 0 0
vt 1 1
vt 1 0
vt 0 0
vt 0 1
vt 1 1
vt 0 0
vt 1 1
vt 1 0
vt 0 0
vt 0 1
vt 1 1
vt 0 0
vt 1 1
vt 1 0
vt 0 0
vt 0 1
vt 1 1
vt 0 0
vt 1 1
vt 1 0
vt 0 0
vt 0 1
vt 1 1
vt 0 0
vt 1 1
vt 1 0
vt 0 0
vt 0 1
vt 1 1
vt 0 0
vt 1 1
vt 1 0
vt 0 0
vt 0 1
vt 1 1
vt 0 0
vt 1 1
vt 1 0
vt 0 0
vt 0 1
vt 1 1
vt 0 0
vt 1 1
vt 1 0
vt 0 0
vt 0 1
vt 1 1
vt 0 0
vt 1 1
vt 1 0
vt 0 0
vt 0 1
vt 1 1
vt 0 0
vt 1 1
vt 1 0
vt 0 0
vt 0 1
vt 1 1
vt 0 0
vt 1 1
vt 1 0
vt 0 0
vt 0 1
vt 1 1
vt 0 0
vt 1 1
vt 1 0
vt 0 0
vt 0 1
vt 1 1
vt 0 0
vt 1 1
vt 1 0
vt 0 0
vt 0 1
vt 1 1
vt 0 0
vt 1 1
vt 1 0
vt 0 0
vt 0 1
vt 1 1
vt 0 0
vt 1 1
vt 1 0
vt 0 0
vt 0 1
vt 1 1
vt 0 0
vt 1 1
vt 1 0
vt 0 0
vt 0 1
vt 1 1
vt 0 0
vt 1 1
vt 1 0
vt 0 0
vt 0 1
vt 1 1
vt 0 0
vt 1 1
vt 1 0
vt 0 0
vt 0 1
vt 1 1
vt 0 0
vt 1 1
vt 1 0
vt 0 0
vt 0 1
vt 1 1
vt 0 0
vt 1 1
vt 1 0
vt 0 0
vt 0 1
vt 1 1
vt 0 0
vt 1 1
vt 1 0
vt 0 0
vt 0 1
vt 1 1
vt 0 0
vt 1 1
vt 1 0
vt 0 0
vt 0 1
vt 1 1
vt 0 0
vt 1 1
vt 1 0
vt 0 0
vt 0 1
vt 1 1
vt 0 0
vt 1 1
vt 1 0
vt 0 0
vt 0 1
vt 1 1
vt 0 0
vt 1 1
vt 1 0
vt 0 0
vt 0 1
vt 1 1
vt 0 0
vt 1 1
vt 1 0
vt 0 0
vt 0 1
vt 1 1
vt 0 0
vt 1 1
vt 1 0
vt 0 0
vt 0 1
vt 1 1
vt 0 0
vt 1 1
vt 1 0
vt 0 0
vt 0 1
vt 1 1
vt 0 0
vt 1 1
vt 1 0
vt 0 0
vt 0 1
vt 1 1
vt 0 0
vt 1 1
vt 1 0
vt 0 0
vt 0 1
vt 1 1
vt 0 0
vt 1 1
vt 1 0
vt 0 0
vt 0 1
vt 1 1
vt 0 0
vt 1 1
vt 1 0
vt 0 0
vt 0 1
vt 1 1
vt 0 0
vt 1 1
vt 1 0
vt 0 0
vt 0 1
vt 1 1
vt 0 0
vt 1 1
vt 1 0
vt 0 0
vt 0 1
vt 1 1
vt 0 0
vt 1 1
vt 1 0
vt 0 0
vt 0 1
vt 1 1
vt 0 0
vt 1 1
vt 1 0
vt 0 0
vt 0 1
vt 1 1
vt 0 0
vt 1 1
vt 1 0
vt 0 0
vt 0 1
vt 1 1
vt 0 0
vt 1 1
vt 1 0
vt 0 0
vt 0 1
vt 1 1
vt 0 0
vt 1 1
vt 1 0
vt 0 0
vt 0 1
vt 1 1
vt 0 0
vt 1 1
vt 1 0
vt 0 0
vt 0 1
vt 1 1
vt 0 0
vt 1 1
vt 1 0
vt 0 0
vt 0 1
vt 1 1
vt 0 0
vt 1 1
vt 1 0
vt 0 0
vt 0 1
vt 1 1
vt 0 0
vt 1 1
vt 1 0
vt 0 0
vt 0 1
vt 1 1
vt 0 0
vt 1 1
vt 1 0
vt 0 0
vt 0 1
vt 1 1
vt 0 0
vt 1 1
vt 1 0
vt 0 0
vt 0 1
vt 1 1
vt 0 0
vt 1 1
vt 1 0
vt 0 0
vt 0 1
vt 1 1
vt 0 0
vt 1 1
vt 1 0
vt 0 0
vt 0 1
vt 1 1
vt 0 0
vt 1 1
vt 1 0
vt 0 0
vt 0 1
vt 1 1
vt 0 0
vt 1 1
vt 1 0
vt 0 0
vt 0 1
vt 1 1
vt 0 0
vt 1 1
vt 1 0
vt 0 0
vt 0 1
vt 1 1
vt 0 0
vt 1 1
vt 1 0
vt 0 0
vt 0 1
vt 1 1
vt 0 0
vt 1 1
vt 1 0
vt 0 0
vt 0 1
vt 1 1
vt 0 0
vt 1 1
vt 1 0
vt 0 0
vt 0 1
vt 1 1
vt 0 0
vt 1 1
vt 1 0
vt 0 0
vt 0 1
vt 1 1
vt 0 0
vt 1 1
vt 1 0
vt 0 0
vt 0 1
vt 1 1
vt 0 0
vt 1 1
vt 1 0
vt 0 0
vt 0 1
vt 1 1
vt 0 0
vt 1 1
vt 1 0
vt 0 0
vt 0 1
vt 1 1
vt 0 0
vt 1 1
vt 1 0
vt 0 0
vt 0 1
vt 1 1
vt 0 0
vt 1 1
vt 1 0
vt 0 0
vt 0 1
vt 1 1
vt 0 0
vt 1 1
vt 1 0
vt 0 0
vt 0 1
vt 1 1
vt 0 0
vt 1 1
vt 1 0
vt 0 0
vt 0 1
vt 1 1
vt 0 0
vt 1 1
vt 1 0
vt 0 0
vt 0 1
vt 1 1
vt 0 0
vt 1 1
vt 1 0
vt 0 0
vt 0 1
vt 1 1
vt 0 0
vt 1 1
vt 1 0
vt 0 0
vt 0 1
vt 1 1
vt 0 0
vt 1 1
vt 1 0
vt 0 0
vt 0 1
vt 1 1
vt 0 0
vt 1 1
vt 1 0
vt 0 0
vt 0 1
vt 1 1
vt 0 0
vt 1 1
vt 1 0
vt 0 0
vt 0 1
vt 1 1
vt 0 0
vt 1 1
vt 1 0
vt 0 0
vt 0 1
vt 1 1
vt 0 0
vt 1 1
vt 1 0
vt 0 0
vt 0 1
vt 1 1
vt 0 0
vt 1 1
vt 1 0
vt 0 0
vt 0 1
vt 1 1
vt 0 0
vt 1 1
vt 1 0
vt 0 0
vt 0 1
vt 1 1
vt 0 0
vt 1 1
vt 1 0
vt 0 0
vt 0 1
vt 1 1
vt 0 0
vt 1 1
vt 1 0
vt 0 0
vt 0 1
vt 1 1
vt 0 0
vt 1 1
vt 1 0
vt 0 0
vt 0 1
vt 1 1
vt 0 0
vt 1 1
vt 1 0
vt 0 0
vt 0 1
vt 1 1
vt 0 0
vt 1 1
vt 1 0
vt 0 0
vt 0 1
vt 1 1
vt 0 0
vt 1 1
vt 1 0
vt 0 0
vt 0 1
vt 1 1
vt 0 0
vt 1 1
vt 1 0
vt 0 0
vt 0 1
vt 1 1
vt 0 0
vt 1 1
vt 1 0
vt 0 0
vt 0 1
vt 1 1
vt 0 0
vt 1 1
vt 1 0
vt 0 0
vt 0 1
vt 1 1
vt 0 0
vt 1 1
vt 1 0
vt 0 0
vt 0 1
vt 1 1
vt 0 0
vt 1 1
vt 1 0
vt 0 0
vt 0 1
vt 1 1
vt 0 0
vt 1 1
vt 1 0
vt 0 0
vt 0 1
vt 1 1
vt 0 0
vt 1 1
vt 1 0
vt 0 0
vt 0 1
vt 1 1
vt 0 0
vt 1 1
vt 1 0
vt 0 0
vt 0 1
vt 1 1
vt 0 0
vt 1 1
vt 1 0
vt 0 0
vt 0 1
vt 1 1
vt 0 0
vt 1 1
vt 1 0
vt 0 0
vt 0 1
vt 1 1
vt 0 0
vt 1 1
vt 1 0
vt 0 0
vt 0 1
vt 1 1
vt 0 0
vt 1 1
vt 1 0
vt 0 0
vt 0 1
vt 1 1
vt 0 0
vt 1 1
vt 1 0
vt 0 0
vt 0 1
vt 1 1
vt 0 0
vt 1 1
vt 1 0
vt 0 0
vt 0 1
vt 1 1
vt 0 0
vt 1 1
vt 1 0
vt 0 0
vt 0 1
vt 1 1
vt 0 0
vt 1 1
vt 1 0
vt 0 0
vt 0 1
vt 1 1
vt 0 0
vt 1 1
vt 1 0
vt 0 0
vt 0 1
vt 1 1
vt 0 0
vt 1 1
vt 1 0
vt 0 0
vt 0 1
vt 1 1
vt 0 0
vt 1 1
vt 1 0
vt 0 0
vt 0 1
vt 1 1
vt 0 0
vt 1 1
vt 1 0
vt 0 0
vt 0 1
vt 1 1
vt 0 0
vt 1 1
vt 1 0
vt 0 0
vt 0 1
vt 1 1
vt 0 0
vt 1 1
vt 1 0
vt 0 0
vt 0 1
vt 1 1
vt 0 0
vt 1 1
vt 1 0
vt 0 0
vt 0 1
vt 1 1
vt 0 0
vt 1 1
vt 1 0
vt 0 0
vt 0 1
vt 1 1
vt 0 0
vt 1 1
vt 1 0
vt 0 0
vt 0 1
vt 1 1
vt 0 0
vt 1 1
vt 1 0
vt 0 0
vt 0 1
vt 1 1
vt 0 0
vt 1 1
vt 1 0
vt 0 0
vt 0 1
vt 1 1
vt 0 0
vt 1 1
vt 1 0
vt 0 0
vt 0 1
vt 1 1
vt 0 0
vt 1 1
vt 1 0
vt 0 0
vt 0 1
vt 1 1
vt 0 0
vt 1 1
vt 1 0
vt -0.189999998 1.58431041
vt -0.176007405 1.58793318
vt -0.165764093 1.59746873
vt -0.162014797 1.61036193
vt -0.165764093 1.62315822
vt -0.176007405 1.63242877
vt -0.189999998 1.6356895
vt -0.203992605 1.63206685
vt -0.214235902 1.62253129
vt -0.217985213 1.60963809
vt -0.214235902 1.59684181
vt -0.203992605 1.58757126
vt 0.544292271 1.58763742
vt 0.554407597 1.59706891
vt 0.557982922 1.60996521
vt 0.554060221 1.6228708
vt 0.543690622 1.63232768
vt 0.529652655 1.63580191
vt 0.515707731 1.63236248
vt 0.505592406 1.62293112
vt 0.502017081 1.61003482
vt 0.505939782 1.59712923
vt 0.516309381 1.58767235
vt 0.530347347 1.58419812
vt 1.81599998 0.361999989
vt 1.83599997 0.361999989
vt 1.83599997 -0.0939999968
vt 1.81599998 -0.0939999968
vt 1.81599998 -0.0939999968
vt 1.83599997 -0.0939999968
vt 1.83599997 0.361999989
vt 1.81599998 0.361999989
vt -0.375999987 -0.0939999968
vt 0.175999999 -0.0939999968
vt 0.175999999 0.361999989
vt -0.375999987 0.361999989
vt -0.375999987 0.361999989
vt 0.175999999 0.361999989
vt 0.175999999 -0.0939999968
vt -0.375999987 -0.0939999968
vt -0.375999987 1.83599997
vt 0.175999999 1.83599997
vt 0.175999999 1.81599998
vt -0.375999987 1.81599998
vt -0.375999987 1.81599998
vt 0.175999999 1.81599998
vt 0.175999999 1.83599997
vt -0.375999987 1.83599997
vt -0.375999987 1.81599998
vt 0.175999999 1.81599998
vt 0.175999999 1.80400002
vt -0.375999987 1.80400002
vt -0.375999987 1.80400002
vt 0.175999999 1.80400002
vt 0.175999999 1.81599998
vt -0.375999987 1.81599998
vt -0.375999987 1.84800005
vt 0.175999999 1.84800005
vt 0.175999999 1.83599997
vt -0.375999987 1.83599997
vt -0.375999987 1.83599997
vt 0.175999999 1.83599997
vt 0.175999999 1.84800005
vt -0.375999987 1.84800005
vt 1.81599998 -0.388000011
vt 1.83599997 -0.388000011
vt 1.83599997 -0.375999987
vt 1.81599998 -0.375999987
vt 1.81599998 -0.375999987
vt 1.83599997 -0.375999987
vt 1.83599997 -0.388000011
vt 1.81599998 -0.388000011
vt 1.81599998 0.175999999
vt 1.83599997 0.175999999
vt 1.83599997 0.187999994
vt 1.81599998 0.187999994
vt 1.81599998 0.187999994
vt 1.83599997 0.187999994
vt 1.83599997 0.175999999
vt 1.81599998 0.175999999
vt -0.0939999968 -0.375999987
vt 0.361999989 -0.375999987
vt 0.361999989 -0.388000011
vt -0.0939999968 -0.388000011
vt -0.0939999968 -0.388000011
vt 0.361999989 -0.388000011
vt 0.361999989 -0.375999987
vt -0.0939999968 -0.375999987
vt -0.0939999968 0.187999994
vt 0.361999989 0.187999994
vt 0.361999989 0.175999999
vt -0.0939999968 0.175999999
vt -0.0939999968 0.175999999
vt 0.361999989 0.175999999
vt 0.361999989 0.187999994
vt -0.0939999968 0.187999994
vt -0.375999987 1.81599998
vt -0.375999987 1.80400002
vt -0.388000011 1.81599998
vt -0.388000011 1.81599998
vt -0.375999987 1.80400002
vt -0.375999987 1.81599998
vt -0.388000011 1.83599997
vt -0.375999987 1.84800005
vt -0.375999987 1.83599997
vt -0.375999987 1.83599997
vt -0.375999987 1.84800005
vt -0.388000011 1.83599997
vt 0.187999994 1.81599998
vt 0.175999999 1.80400002
vt 0.175999999 1.81599998
vt 0.175999999 1.81599998
vt 0.175999999 1.80400002
vt 0.187999994 1.81599998
vt 0.175999999 1.83599997
vt 0.175999999 1.84800005
vt 0.187999994 1.83599997
vt 0.187999994 1.83599997
vt 0.175999999 1.84800005
vt 0.175999999 1.83599997
vt 1.85500002 -0.104999997
vt 1.88900006 -0.104999997
vt 1.88900006 -0.111000001
vt 1.85500002 -0.111000001
vt 1.85500002 -0.111000001
vt 1.88900006 -0.111000001
vt 1.88900006 -0.104999997
vt 1.85500002 -0.104999997
vt -0.372000009 -0.111000001
vt 0.172000006 -0.111000001
vt 0.172000006 -0.104999997
vt -0.372000009 -0.104999997
vt -0.372000009 -0.104999997
vt 0.172000006 -0.104999997
vt 0.172000006 -0.111000001
vt -0.372000009 -0.111000001
vt -0.372000009 1.88900006
vt 0.172000006 1.88900006
vt 0.172000006 1.85500002
vt -0.372000009 1.85500002
vt -0.372000009 1.85500002
vt 0.172000006 1.85500002
vt 0.172000006 1.88900006
vt -0.372000009 1.88900006
vt -0.372000009 1.85500002
vt 0.172000006 1.85500002
vt 0.172000006 1.847
vt -0.372000009 1.847
vt -0.372000009 1.847
vt 0.172000006 1.847
vt 0.172000006 1.85500002
vt -0.372000009 1.85500002
vt -0.372000009 1.89699996
vt 0.172000006 1.89699996
vt 0.172000006 1.88900006
vt -0.372000009 1.88900006
vt -0.372000009 1.88900006
vt 0.172000006 1.88900006
vt 0.172000006 1.89699996
vt -0.372000009 1.89699996
vt 1.85500002 -0.379999995
vt 1.88900006 -0.379999995
vt 1.88900006 -0.372000009
vt 1.85500002 -0.372000009
vt 1.85500002 -0.372000009
vt 1.88900006 -0.372000009
vt 1.88900006 -0.379999995
vt 1.85500002 -0.379999995
vt 1.85500002 0.172000006
vt 1.88900006 0.172000006
vt 1.88900006 0.180000007
vt 1.85500002 0.180000007
vt 1.85500002 0.180000007
vt 1.88900006 0.180000007
vt 1.88900006 0.172000006
vt 1.85500002 0.172000006
vt -0.111000001 -0.372000009
vt -0.104999997 -0.372000009
vt -0.104999997 -0.379999995
vt -0.111000001 -0.379999995
vt -0.111000001 -0.379999995
vt -0.104999997 -0.379999995
vt -0.104999997 -0.372000009
vt -0.111000001 -0.372000009
vt -0.111000001 0.180000007
vt -0.104999997 0.180000007
vt -0.104999997 0.172000006
vt -0.111000001 0.172000006
vt -0.111000001 0.172000006
vt -0.104999997 0.172000006
vt -0.104999997 0.180000007
vt -0.111000001 0.180000007
vt -0.372000009 1.85500002
vt -0.372000009 1.847
vt -0.379999995 1.85500002
vt -0.379999995 1.85500002
vt -0.372000009 1.847
vt -0.372000009 1.85500002
vt -0.379999995 1.88900006
vt -0.372000009 1.89699996
vt -0.372000009 1.88900006
vt -0.372000009 1.88900006
vt -0.372000009 1.89699996
vt -0.379999995 1.88900006
vt 0.180000007 1.85500002
vt 0.172000006 1.847
vt 0.172000006 1.85500002
vt 0.172000006 1.85500002
vt 0.172000006 1.847
vt 0.180000007 1.85500002
vt 0.172000006 1.88900006
vt 0.172000006 1.89699996
vt 0.180000007 1.88900006
vt 0.180000007 1.88900006
vt 0.172000006 1.89699996
vt 0.172000006 1.88900006
vt 1.85500002 0.379000008
vt 1.88900006 0.379000008
vt 1.88900006 0.372999996
vt 1.85500002 0.372999996
vt 1.85500002 0.372999996
vt 1.88900006 0.372999996
vt 1.88900006 0.379000008
vt 1.85500002 0.379000008
vt -0.372000009 0.372999996
vt 0.172000006 0.372999996
vt 0.172000006 0.379000008
vt -0.372000009 0.379000008
vt -0.372000009 0.379000008
vt 0.172000006 0.379000008
vt 0.172000006 0.372999996
vt -0.372000009 0.372999996
vt -0.372000009 1.88900006
vt 0.172000006 1.88900006
vt 0.172000006 1.85500002
vt -0.372000009 1.85500002
vt -0.372000009 1.85500002
vt 0.172000006 1.85500002
vt 0.172000006 1.88900006
vt -0.372000009 1.88900006
vt -0.372000009 1.85500002
vt 0.172000006 1.85500002
vt 0.172000006 1.847
vt -0.372000009 1.847
vt -0.372000009 1.847
vt 0.172000006 1.847
vt 0.172000006 1.85500002
vt -0.372000009 1.85500002
vt -0.372000009 1.89699996
vt 0.172000006 1.89699996
vt 0.172000006 1.88900006
vt -0.372000009 1.88900006
vt -0.372000009 1.88900006
vt 0.172000006 1.88900006
vt 0.172000006 1.89699996
vt -0.372000009 1.89699996
vt 1.85500002 -0.379999995
vt 1.88900006 -0.379999995
vt 1.88900006 -0.372000009
vt 1.85500002 -0.372000009
vt 1.85500002 -0.372000009
vt 1.88900006 -0.372000009
vt 1.88900006 -0.379999995
vt 1.85500002 -0.379999995
vt 1.85500002 0.172000006
vt 1.88900006 0.172000006
vt 1.88900006 0.180000007
vt 1.85500002 0.180000007
vt 1.85500002 0.180000007
vt 1.88900006 0.180000007
vt 1.88900006 0.172000006
vt 1.85500002 0.172000006
vt 0.372999996 -0.372000009
vt 0.379000008 -0.372000009
vt 0.379000008 -0.379999995
vt 0.372999996 -0.379999995
vt 0.372999996 -0.379999995
vt 0.379000008 -0.379999995
vt 0.379000008 -0.372000009
vt 0.372999996 -0.372000009
vt 0.372999996 0.180000007
vt 0.379000008 0.180000007
vt 0.379000008 0.172000006
vt 0.372999996 0.172000006
vt 0.372999996 0.172000006
vt 0.379000008 0.172000006
vt 0.379000008 0.180000007
vt 0.372999996 0.180000007
vt -0.372000009 1.85500002
vt -0.372000009 1.847
vt -0.379999995 1.85500002
vt -0.379999995 1.85500002
vt -0.372000009 1.847
vt -0.372000009 1.85500002
vt -0.379999995 1.88900006
vt -0.372000009 1.89699996
vt -0.372000009 1.88900006
vt -0.372000009 1.88900006
vt -0.372000009 1.89699996
vt -0.379999995 1.88900006
vt 0.180000007 1.85500002
vt 0.172000006 1.847
vt 0.172000006 1.85500002
vt 0.172000006 1.85500002
vt 0.172000006 1.847
vt 0.180000007 1.85500002
vt 0.172000006 1.88900006
vt 0.172000006 1.89699996
vt 0.180000007 1.88900006
vt 0.180000007 1.88900006
vt 0.172000006 1.89699996
vt 0.172000006 1.88900006
vt 1.85500002 0.356000006
vt 1.88900006 0.356000006
vt 1.88900006 -0.0879999995
vt 1.85500002 -0.0879999995
vt 1.85500002 -0.0879999995
vt 1.88900006 -0.0879999995
vt 1.88900006 0.356000006
vt 1.85500002 0.356000006
vt -0.381000012 -0.0879999995
vt -0.375 -0.0879999995
vt -0.375 0.356000006
vt -0.381000012 0.356000006
vt -0.381000012 0.356000006
vt -0.375 0.356000006
vt -0.375 -0.0879999995
vt -0.381000012 -0.0879999995
vt -0.381000012 1.88900006
vt -0.375 1.88900006
vt -0.375 1.85500002
vt -0.381000012 1.85500002
vt -0.381000012 1.85500002
vt -0.375 1.85500002
vt -0.375 1.88900006
vt -0.381000012 1.88900006
vt -0.381000012 1.85500002
vt -0.375 1.85500002
vt -0.375 1.847
vt -0.381000012 1.847
vt -0.381000012 1.847
vt -0.375 1.847
vt -0.375 1.85500002
vt -0.381000012 1.85500002
vt -0.381000012 1.89699996
vt -0.375 1.89699996
vt -0.375 1.88900006
vt -0.381000012 1.88900006
vt -0.381000012 1.88900006
vt -0.375 1.88900006
vt -0.375 1.89699996
vt -0.381000012 1.89699996
vt 1.85500002 -0.388999999
vt 1.88900006 -0.388999999
vt 1.88900006 -0.381000012
vt 1.85500002 -0.381000012
vt 1.85500002 -0.381000012
vt 1.88900006 -0.381000012
vt 1.88900006 -0.388999999
vt 1.85500002 -0.388999999
vt 1.85500002 -0.375
vt 1.88900006 -0.375
vt 1.88900006 -0.367000014
vt 1.85500002 -0.367000014
vt 1.85500002 -0.367000014
vt 1.88900006 -0.367000014
vt 1.88900006 -0.375
vt 1.85500002 -0.375
vt -0.0879999995 -0.381000012
vt 0.356000006 -0.381000012
vt 0.356000006 -0.388999999
vt -0.0879999995 -0.388999999
vt -0.0879999995 -0.388999999
vt 0.356000006 -0.388999999
vt 0.356000006 -0.381000012
vt -0.0879999995 -0.381000012
vt -0.0879999995 -0.367000014
vt 0.356000006 -0.367000014
vt 0.356000006 -0.375
vt -0.0879999995 -0.375
vt -0.0879999995 -0.375
vt 0.356000006 -0.375
vt 0.356000006 -0.367000014
vt -0.0879999995 -0.367000014
vt -0.381000012 1.85500002
vt -0.381000012 1.847
vt -0.388999999 1.85500002
vt -0.388999999 1.85500002
vt -0.381000012 1.847
vt -0.381000012 1.85500002
vt -0.388999999 1.88900006
vt -0.381000012 1.89699996
vt -0.381000012 1.88900006
vt -0.381000012 1.88900006
vt -0.381000012 1.89699996
vt -0.388999999 1.88900006
vt -0.367000014 1.85500002
vt -0.375 1.847
vt -0.375 1.85500002
vt -0.375 1.85500002
vt -0.375 1.847
vt -0.367000014 1.85500002
vt -0.375 1.88900006
vt -0.375 1.89699996
vt -0.367000014 1.88900006
vt -0.367000014 1.88900006
vt -0.375 1.89699996
vt -0.375 1.88900006
vt 1.85500002 0.356000006
vt 1.88900006 0.356000006
vt 1.88900006 -0.0879999995
vt 1.85500002 -0.0879999995
vt 1.85500002 -0.0879999995
vt 1.88900006 -0.0879999995
vt 1.88900006 0.356000006
vt 1.85500002 0.356000006
vt 0.174999997 -0.0879999995
vt 0.180999994 -0.0879999995
vt 0.180999994 0.356000006
vt 0.174999997 0.356000006
vt 0.174999997 0.356000006
vt 0.180999994 0.356000006
vt 0.180999994 -0.0879999995
vt 0.174999997 -0.0879999995
vt 0.174999997 1.88900006
vt 0.180999994 1.88900006
vt 0.180999994 1.85500002
vt 0.174999997 1.85500002
vt 0.174999997 1.85500002
vt 0.180999994 1.85500002
vt 0.180999994 1.88900006
vt 0.174999997 1.88900006
vt 0.174999997 1.85500002
vt 0.180999994 1.85500002
vt 0.180999994 1.847
vt 0.174999997 1.847
vt 0.174999997 1.847
vt 0.180999994 1.847
vt 0.180999994 1.85500002
vt 0.174999997 1.85500002
vt 0.174999997 1.89699996
vt 0.180999994 1.89699996
vt 0.180999994 1.88900006
vt 0.174999997 1.88900006
vt 0.174999997 1.88900006
vt 0.180999994 1.88900006
vt 0.180999994 1.89699996
vt 0.174999997 1.89699996
vt 1.85500002 -0.0879999995
vt 1.88900006 -0.0879999995
vt 1.88900006 -0.0960000008
vt 1.85500002 -0.0960000008
vt 1.85500002 0.363999993
vt 1.88900006 0.363999993
vt 1.88900006 0.356000006
vt 1.85500002 0.356000006
vt 1.85500002 -0.0960000008
vt 1.88900006 -0.0960000008
vt 1.88900006 -0.0879999995
vt 1.85500002 -0.0879999995
vt 1.85500002 0.356000006
vt 1.88900006 0.356000006
vt 1.88900006 0.363999993
vt 1.85500002 0.363999993
vt -0.0879999995 1.847
vt 0.356000006 1.847
vt 0.356000006 1.85500002
vt -0.0879999995 1.85500002
vt -0.0879999995 1.88900006
vt 0.356000006 1.88900006
vt 0.356000006 1.89699996
vt -0.0879999995 1.89699996
vt -0.0879999995 1.85500002
vt 0.356000006 1.85500002
vt 0.356000006 1.847
vt -0.0879999995 1.847
vt -0.0879999995 1.89699996
vt 0.356000006 1.89699996
vt 0.356000006 1.88900006
vt -0.0879999995 1.88900006
vt 1.85500002 -0.0960000008
vt 1.847 -0.0879999995
vt 1.85500002 -0.0879999995
vt 1.85500002 0.356000006
vt 1.847 0.356000006
vt 1.85500002 0.363999993
vt 1.88900006 -0.0879999995
vt 1.89699996 -0.0879999995
vt 1.88900006 -0.0960000008
vt 1.88900006 0.363999993
vt 1.89699996 0.356000006
vt 1.88900006 0.356000006
vt 1.85500002 -0.0879999995
vt 1.847 -0.0879999995
vt 1.85500002 -0.0960000008
vt 1.85500002 0.363999993
vt 1.847 0.356000006
vt 1.85500002 0.356000006
vt 1.88900006 -0.0960000008
vt 1.89699996 -0.0879999995
vt 1.88900006 -0.0879999995
vt 1.88900006 0.356000006
vt 1.89699996 0.356000006
vt 1.88900006 0.363999993
vt 0.046875 0.921875
vt 0.046875 0.953125
vt 0.0488281213 0.953125
vt 0.0488281213 0.921875
vt 0.0488281213 0.921875
vt 0.0488281213 0.953125
vt 0.05078125 0.953125
vt 0.05078125 0.921875
vt 0.05078125 0.921875
vt 0.05078125 0.953125
vt 0.0527343787 0.953125
vt 0.0527343787 0.921875
vt 0.0527343787 0.921875
vt 0.0527343787 0.953125
vt 0.0546875 0.953125
vt 0.0546875 0.921875
vt 0.0546875 0.921875
vt 0.0546875 0.953125
vt 0.0566406213 0.953125
vt 0.0566406213 0.921875
vt 0.0566406213 0.921875
vt 0.0566406213 0.953125
vt 0.05859375 0.953125
vt 0.05859375 0.921875
vt 0.05859375 0.921875
vt 0.05859375 0.953125
vt 0.0605468787 0.953125
vt 0.0605468787 0.921875
vt 0.0605468787 0.921875
vt 0.0605468787 0.953125
vt 0.0625 0.953125
vt 0.0625 0.921875
vt 0.0625 0.921875
vt 0.0625 0.953125
vt 0.0644531175 0.953125
vt 0.0644531175 0.921875
vt 0.0644531175 0.921875
vt 0.0644531175 0.953125
vt 0.06640625 0.953125
vt 0.06640625 0.921875
vt 0.06640625 0.921875
vt 0.06640625 0.953125
vt 0.0683593825 0.953125
vt 0.0683593825 0.921875
vt 0.0683593825 0.921875
vt 0.0683593825 0.953125
vt 0.0703125 0.953125
vt 0.0703125 0.921875
vt 0.0703125 0.921875
vt 0.0703125 0.953125
vt 0.0722656175 0.953125
vt 0.0722656175 0.921875
vt 0.0722656175 0.921875
vt 0.0722656175 0.953125
vt 0.07421875 0.953125
vt 0.07421875 0.921875
vt 0.07421875 0.921875
vt 0.07421875 0.953125
vt 0.0761718825 0.953125
vt 0.0761718825 0.921875
vt 0.0761718825 0.921875
vt 0.0761718825 0.953125
vt 0.078125 0.953125
vt 0.078125 0.921875
vt 0.046875 0.921875
vt 0.046875 0.953125
vt 0.0488281213 0.953125
vt 0.0488281213 0.921875
vt 0.05078125 0.953125
vt 0.05078125 0.921875
vt 0.0527343787 0.953125
vt 0.0527343787 0.921875
vt 0.0546875 0.953125
vt 0.0546875 0.921875
vt 0.0566406213 0.953125
vt 0.0566406213 0.921875
vt 0.05859375 0.953125
vt 0.05859375 0.921875
vt 0.0605468787 0.953125
vt 0.0605468787 0.921875
vt 0.0625 0.953125
vt 0.0625 0.921875
vt 0.0644531175 0.953125
vt 0.0644531175 0.921875
vt 0.06640625 0.953125
vt 0.06640625 0.921875
vt 0.0683593825 0.953125
vt 0.0683593825 0.921875
vt 0.0703125 0.953125
vt 0.0703125 0.921875
vt 0.0722656175 0.953125
vt 0.0722656175 0.921875
vt 0.07421875 0.953125
vt 0.07421875 0.921875
vt 0.0761718825 0.953125
vt 0.0761718825 0.921875
vt 0.078125 0.953125
vt 0.078125 0.921875
vt 0.046875 0.921875
vt 0.046875 0.953125
vt 0.0488281213 0.953125
vt 0.0488281213 0.921875
vt 0.0488281213 0.921875
vt 0.0488281213 0.953125
vt 0.05078125 0.953125
vt 0.05078125 0.921875
vt 0.05078125 0.921875
vt 0.05078125 0.953125
vt 0.0527343787 0.953125
vt 0.0527343787 0.921875
vt 0.0527343787 0.921875
vt 0.0527343787 0.953125
vt 0.0546875 0.953125
vt 0.0546875 0.921875
vt 0.0546875 0.921875
vt 0.0546875 0.953125
vt 0.0566406213 0.953125
vt 0.0566406213 0.921875
vt 0.0566406213 0.921875
vt 0.0566406213 0.953125
vt 0.05859375 0.953125
vt 0.05859375 0.921875
vt 0.05859375 0.921875
vt 0.05859375 0.953125
vt 0.0605468787 0.953125
vt 0.0605468787 0.921875
vt 0.0605468787 0.921875
vt 0.0605468787 0.953125
vt 0.0625 0.953125
vt 0.0625 0.921875
vt 0.0625 0.921875
vt 0.0625 0.953125
vt 0.0644531175 0.953125
vt 0.0644531175 0.921875
vt 0.0644531175 0.921875
vt 0.0644531175 0.953125
vt 0.06640625 0.953125
vt 0.06640625 0.921875
vt 0.06640625 0.921875
vt 0.06640625 0.953125
vt 0.0683593825 0.953125
vt 0.0683593825 0.921875
vt 0.0683593825 0.921875
vt 0.0683593825 0.953125
vt 0.0703125 0.953125
vt 0.0703125 0.921875
vt 0.0703125 0.921875
vt 0.0703125 0.953125
vt 0.0722656175 0.953125
vt 0.0722656175 0.921875
vt 0.0722656175 0.921875
vt 0.0722656175 0.953125
vt 0.07421875 0.953125
vt 0.07421875 0.921875
vt 0.07421875 0.921875
vt 0.07421875 0.953125
vt 0.0761718825 0.953125
vt 0.0761718825 0.921875
vt 0.0761718825 0.921875
vt 0.0761718825 0.953125
vt 0.078125 0.953125
vt 0.078125 0.921875
vt 0.046875 0.9375
vt 0.0480643809 0.943479419
vt 0.0514514595 0.948548555
vt 0.0565205701 0.951935649
vt 0.0625 0.953125
vt 0.0684794337 0.951935649
vt 0.0735485405 0.948548555
vt 0.0769356191 0.943479419
vt 0.078125 0.9375
vt 0.0769356191 0.931520581
vt 0.0735485405 0.926451445
vt 0.0684794337 0.923064351
vt 0.0625 0.921875
vt 0.0565205701 0.923064351
vt 0.0514514595 0.926451445
vt 0.0480643809 0.931520581
vt 0.0480643809 0.931520581
vt 0.0514514595 0.926451445
vt 0.0565205701 0.923064351
vt 0.0625 0.921875
vt 0.0684794337 0.923064351
vt 0.0735485405 0.926451445
vt 0.0769356191 0.931520581
vt 0.078125 0.9375
vt 0.0769356191 0.943479419
vt 0.0735485405 0.948548555
vt 0.0684794337 0.951935649
vt 0.0625 0.953125
vt 0.0565205701 0.951935649
vt 0.0514514595 0.948548555
vt 0.0480643809 0.943479419
vt 0.046875 0.9375
vt 0.046875 0.921875
vt 0.046875 0.953125
vt 0.0488281213 0.953125
vt 0.0488281213 0.921875
vt 0.0488281213 0.921875
vt 0.0488281213 0.953125
vt 0.05078125 0.953125
vt 0.05078125 0.921875
vt 0.05078125 0.921875
vt 0.05078125 0.953125
vt 0.0527343787 0.953125
vt 0.0527343787 0.921875
vt 0.0527343787 0.921875
vt 0.0527343787 0.953125
vt 0.0546875 0.953125
vt 0.0546875 0.921875
vt 0.0546875 0.921875
vt 0.0546875 0.953125
vt 0.0566406213 0.953125
vt 0.0566406213 0.921875
vt 0.0566406213 0.921875
vt 0.0566406213 0.953125
vt 0.05859375 0.953125
vt 0.05859375 0.921875
vt 0.05859375 0.921875
vt 0.05859375 0.953125
vt 0.0605468787 0.953125
vt 0.0605468787 0.921875
vt 0.0605468787 0.921875
vt 0.0605468787 0.953125
vt 0.0625 0.953125
vt 0.0625 0.921875
vt 0.0625 0.921875
vt 0.0625 0.953125
vt 0.0644531175 0.953125
vt 0.0644531175 0.921875
vt 0.0644531175 0.921875
vt 0.0644531175 0.953125
vt 0.06640625 0.953125
vt 0.06640625 0.921875
vt 0.06640625 0.921875
vt 0.06640625 0.953125
vt 0.0683593825 0.953125
vt 0.0683593825 0.921875
vt 0.0683593825 0.921875
vt 0.0683593825 0.953125
vt 0.0703125 0.953125
vt 0.0703125 0.921875
vt 0.0703125 0.921875
vt 0.0703125 0.953125
vt 0.0722656175 0.953125
vt 0.0722656175 0.921875
vt 0.0722656175 0.921875
vt 0.0722656175 0.953125
vt 0.07421875 0.953125
vt 0.07421875 0.921875
vt 0.07421875 0.921875
vt 0.07421875 0.953125
vt 0.0761718825 0.953125
vt 0.0761718825 0.921875
vt 0.0761718825 0.921875
vt 0.0761718825 0.953125
vt 0.078125 0.953125
vt 0.078125 0.921875
vt 0.046875 0.921875
vt 0.046875 0.953125
vt 0.0488281213 0.953125
vt 0.0488281213 0.921875
vt 0.05078125 0.953125
vt 0.05078125 0.921875
vt 0.0527343787 0.953125
vt 0.0527343787 0.921875
vt 0.0546875 0.953125
vt 0.0546875 0.921875
vt 0.0566406213 0.953125
vt 0.0566406213 0.921875
vt 0.05859375 0.953125
vt 0.05859375 0.921875
vt 0.0605468787 0.953125
vt 0.0605468787 0.921875
vt 0.0625 0.953125
vt 0.0625 0.921875
vt 0.0644531175 0.953125
vt 0.0644531175 0.921875
vt 0.06640625 0.953125
vt 0.06640625 0.921875
vt 0.0683593825 0.953125
vt 0.0683593825 0.921875
vt 0.0703125 0.953125
vt 0.0703125 0.921875
vt 0.0722656175 0.953125
vt 0.0722656175 0.921875
vt 0.07421875 0.953125
vt 0.07421875 0.921875
vt 0.0761718825 0.953125
vt 0.0761718825 0.921875
vt 0.078125 0.953125
vt 0.078125 0.921875
vt 0.046875 0.921875
vt 0.046875 0.953125
vt 0.0488281213 0.953125
vt 0.0488281213 0.921875
vt 0.0488281213 0.921875
vt 0.0488281213 0.953125
vt 0.05078125 0.953125
vt 0.05078125 0.921875
vt 0.05078125 0.921875
vt 0.05078125 0.953125
vt 0.0527343787 0.953125
vt 0.0527343787 0.921875
vt 0.0527343787 0.921875
vt 0.0527343787 0.953125
vt 0.0546875 0.953125
vt 0.0546875 0.921875
vt 0.0546875 0.921875
vt 0.0546875 0.953125
vt 0.0566406213 0.953125
vt 0.0566406213 0.921875
vt 0.0566406213 0.921875
vt 0.0566406213 0.953125
vt 0.05859375 0.953125
vt 0.05859375 0.921875
vt 0.05859375 0.921875
vt 0.05859375 0.953125
vt 0.0605468787 0.953125
vt 0.0605468787 0.921875
vt 0.0605468787 0.921875
vt 0.0605468787 0.953125
vt 0.0625 0.953125
vt 0.0625 0.921875
vt 0.0625 0.921875
vt 0.0625 0.953125
vt 0.0644531175 0.953125
vt 0.0644531175 0.921875
vt 0.0644531175 0.921875
vt 0.0644531175 0.953125
vt 0.06640625 0.953125
vt 0.06640625 0.921875
vt 0.06640625 0.921875
vt 0.06640625 0.953125
vt 0.0683593825 0.953125
vt 0.0683593825 0.921875
vt 0.0683593825 0.921875
vt 0.0683593825 0.953125
vt 0.0703125 0.953125
vt 0.0703125 0.921875
vt 0.0703125 0.921875
vt 0.0703125 0.953125
vt 0.0722656175 0.953125
vt 0.0722656175 0.921875
vt 0.0722656175 0.921875
vt 0.0722656175 0.953125
vt 0.07421875 0.953125
vt 0.07421875 0.921875
vt 0.07421875 0.921875
vt 0.07421875 0.953125
vt 0.0761718825 0.953125
vt 0.0761718825 0.921875
vt 0.0761718825 0.921875
vt 0.0761718825 0.953125
vt 0.078125 0.953125
vt 0.078125 0.921875
vt 0.046875 0.9375
vt 0.0480643809 0.943479419
vt 0.0514514595 0.948548555
vt 0.0565205701 0.951935649
vt 0.0625 0.953125
vt 0.0684794337 0.951935649
vt 0.0735485405 0.948548555
vt 0.0769356191 0.943479419
vt 0.078125 0.9375
vt 0.0769356191 0.931520581
vt 0.0735485405 0.926451445
vt 0.0684794337 0.923064351
vt 0.0625 0.921875
vt 0.0565205701 0.923064351
vt 0.0514514595 0.926451445
vt 0.0480643809 0.931520581
vt 0.0480643809 0.931520581
vt 0.0514514595 0.926451445
vt 0.0565205701 0.923064351
vt 0.0625 0.921875
vt 0.0684794337 0.923064351
vt 0.0735485405 0.926451445
vt 0.0769356191 0.931520581
vt 0.078125 0.9375
vt 0.0769356191 0.943479419
vt 0.0735485405 0.948548555
vt 0.0684794337 0.951935649
vt 0.0625 0.953125
vt 0.0565205701 0.951935649
vt 0.0514514595 0.948548555
vt 0.0480643809 0.943479419
vt 0.046875 0.9375
vt 0.046875 0.921875
vt 0.046875 0.953125
vt 0.0488281213 0.953125
vt 0.0488281213 0.921875
vt 0.0488281213 0.921875
vt 0.0488281213 0.953125
vt 0.05078125 0.953125
vt 0.05078125 0.921875
vt 0.05078125 0.921875
vt 0.05078125 0.953125
vt 0.0527343787 0.953125
vt 0.0527343787 0.921875
vt 0.0527343787 0.921875
vt 0.0527343787 0.953125
vt 0.0546875 0.953125
vt 0.0546875 0.921875
vt 0.0546875 0.921875
vt 0.0546875 0.953125
vt 0.0566406213 0.953125
vt 0.0566406213 0.921875
vt 0.0566406213 0.921875
vt 0.0566406213 0.953125
vt 0.05859375 0.953125
vt 0.05859375 0.921875
vt 0.05859375 0.921875
vt 0.05859375 0.953125
vt 0.0605468787 0.953125
vt 0.0605468787 0.921875
vt 0.0605468787 0.921875
vt 0.0605468787 0.953125
vt 0.0625 0.953125
vt 0.0625 0.921875
vt 0.0625 0.921875
vt 0.0625 0.953125
vt 0.0644531175 0.953125
vt 0.0644531175 0.921875
vt 0.0644531175 0.921875
vt 0.0644531175 0.953125
vt 0.06640625 0.953125
vt 0.06640625 0.921875
vt 0.06640625 0.921875
vt 0.06640625 0.953125
vt 0.0683593825 0.953125
vt 0.0683593825 0.921875
vt 0.0683593825 0.921875
vt 0.0683593825 0.953125
vt 0.0703125 0.953125
vt 0.0703125 0.921875
vt 0.0703125 0.921875
vt 0.0703125 0.953125
vt 0.0722656175 0.953125
vt 0.0722656175 0.921875
vt 0.0722656175 0.921875
vt 0.0722656175 0.953125
vt 0.07421875 0.953125
vt 0.07421875 0.921875
vt 0.07421875 0.921875
vt 0.07421875 0.953125
vt 0.0761718825 0.953125
vt 0.0761718825 0.921875
vt 0.0761718825 0.921875
vt 0.0761718825 0.953125
vt 0.078125 0.953125
vt 0.078125 0.921875
vt 0.046875 0.921875
vt 0.046875 0.953125
vt 0.0488281213 0.953125
vt 0.0488281213 0.921875
vt 0.05078125 0.953125
vt 0.05078125 0.921875
vt 0.0527343787 0.953125
vt 0.0527343787 0.921875
vt 0.0546875 0.953125
vt 0.0546875 0.921875
vt 0.0566406213 0.953125
vt 0.0566406213 0.921875
vt 0.05859375 0.953125
vt 0.05859375 0.921875
vt 0.0605468787 0.953125
vt 0.0605468787 0.921875
vt 0.0625 0.953125
vt 0.0625 0.921875
vt 0.0644531175 0.953125
vt 0.0644531175 0.921875
vt 0.06640625 0.953125
vt 0.06640625 0.921875
vt 0.0683593825 0.953125
vt 0.0683593825 0.921875
vt 0.0703125 0.953125
vt 0.0703125 0.921875
vt 0.0722656175 0.953125
vt 0.0722656175 0.921875
vt 0.07421875 0.953125
vt 0.07421875 0.921875
vt 0.0761718825 0.953125
vt 0.0761718825 0.921875
vt 0.078125 0.953125
vt 0.078125 0.921875
vt 0.046875 0.921875
vt 0.046875 0.953125
vt 0.0488281213 0.953125
vt 0.0488281213 0.921875
vt 0.0488281213 0.921875
vt 0.0488281213 0.953125
vt 0.05078125 0.953125
vt 0.05078125 0.921875
vt 0.05078125 0.921875
vt 0.05078125 0.953125
vt 0.0527343787 0.953125
vt 0.0527343787 0.921875
vt 0.0527343787 0.921875
vt 0.0527343787 0.953125
vt 0.0546875 0.953125
vt 0.0546875 0.921875
vt 0.0546875 0.921875
vt 0.0546875 0.953125
vt 0.0566406213 0.953125
vt 0.0566406213 0.921875
vt 0.0566406213 0.921875
vt 0.0566406213 0.953125
vt 0.05859375 0.953125
vt 0.05859375 0.921875
vt 0.05859375 0.921875
vt 0.05859375 0.953125
vt 0.0605468787 0.953125
vt 0.0605468787 0.921875
vt 0.0605468787 0.921875
vt 0.0605468787 0.953125
vt 0.0625 0.953125
vt 0.0625 0.921875
vt 0.0625 0.921875
vt 0.0625 0.953125
vt 0.0644531175 0.953125
vt 0.0644531175 0.921875
vt 0.0644531175 0.921875
vt 0.0644531175 0.953125
vt 0.06640625 0.953125
vt 0.06640625 0.921875
vt 0.06640625 0.921875
vt 0.06640625 0.953125
vt 0.0683593825 0.953125
vt 0.0683593825 0.921875
vt 0.0683593825 0.921875
vt 0.0683593825 0.953125
vt 0.0703125 0.953125
vt 0.0703125 0.921875
vt 0.0703125 0.921875
vt 0.0703125 0.953125
vt 0.0722656175 0.953125
vt 0.0722656175 0.921875
vt 0.0722656175 0.921875
vt 0.0722656175 0.953125
vt 0.07421875 0.953125
vt 0.07421875 0.921875
vt 0.07421875 0.921875
vt 0.07421875 0.953125
vt 0.0761718825 0.953125
vt 0.0761718825 0.921875
vt 0.0761718825 0.921875
vt 0.0761718825 0.953125
vt 0.078125 0.953125
vt 0.078125 0.921875
vt 0.046875 0.9375
vt 0.0480643809 0.943479419
vt 0.0514514595 0.948548555
vt 0.0565205701 0.951935649
vt 0.0625 0.953125
vt 0.0684794337 0.951935649
vt 0.0735485405 0.948548555
vt 0.0769356191 0.943479419
vt 0.078125 0.9375
vt 0.0769356191 0.931520581
vt 0.0735485405 0.926451445
vt 0.0684794337 0.923064351
vt 0.0625 0.921875
vt 0.0565205701 0.923064351
vt 0.0514514595 0.926451445
vt 0.0480643809 0.931520581
vt 0.0480643809 0.931520581
vt 0.0514514595 0.926451445
vt 0.0565205701 0.923064351
vt 0.0625 0.921875
vt 0.0684794337 0.923064351
vt 0.0735485405 0.926451445
vt 0.0769356191 0.931520581
vt 0.078125 0.9375
vt 0.0769356191 0.943479419
vt 0.0735485405 0.948548555
vt 0.0684794337 0.951935649
vt 0.0625 0.953125
vt 0.0565205701 0.951935649
vt 0.0514514595 0.948548555
vt 0.0480643809 0.943479419
vt 0.046875 0.9375
vt 0.046875 0.921875
vt 0.046875 0.953125
vt 0.0488281213 0.953125
vt 0.0488281213 0.921875
vt 0.0488281213 0.921875
vt 0.0488281213 0.953125
vt 0.05078125 0.953125
vt 0.05078125 0.921875
vt 0.05078125 0.921875
vt 0.05078125 0.953125
vt 0.0527343787 0.953125
vt 0.0527343787 0.921875
vt 0.0527343787 0.921875
vt 0.0527343787 0.953125
vt 0.0546875 0.953125
vt 0.0546875 0.921875
vt 0.0546875 0.921875
vt 0.0546875 0.953125
vt 0.0566406213 0.953125
vt 0.0566406213 0.921875
vt 0.0566406213 0.921875
vt 0.0566406213 0.953125
vt 0.05859375 0.953125
vt 0.05859375 0.921875
vt 0.05859375 0.921875
vt 0.05859375 0.953125
vt 0.0605468787 0.953125
vt 0.0605468787 0.921875
vt 0.0605468787 0.921875
vt 0.0605468787 0.953125
vt 0.0625 0.953125
vt 0.0625 0.921875
vt 0.0625 0.921875
vt 0.0625 0.953125
vt 0.0644531175 0.953125
vt 0.0644531175 0.921875
vt 0.0644531175 0.921875
vt 0.0644531175 0.953125
vt 0.06640625 0.953125
vt 0.06640625 0.921875
vt 0.06640625 0.921875
vt 0.06640625 0.953125
vt 0.0683593825 0.953125
vt 0.0683593825 0.921875
vt 0.0683593825 0.921875
vt 0.0683593825 0.953125
vt 0.0703125 0.953125
vt 0.0703125 0.921875
vt 0.0703125 0.921875
vt 0.0703125 0.953125
vt 0.0722656175 0.953125
vt 0.0722656175 0.921875
vt 0.0722656175 0.921875
vt 0.0722656175 0.953125
vt 0.07421875 0.953125
vt 0.07421875 0.921875
vt 0.07421875 0.921875
vt 0.07421875 0.953125
vt 0.0761718825 0.953125
vt 0.0761718825 0.921875
vt 0.0761718825 0.921875
vt 0.0761718825 0.953125
vt 0.078125 0.953125
vt 0.078125 0.921875
vt 0.046875 0.921875
vt 0.046875 0.953125
vt 0.0488281213 0.953125
vt 0.0488281213 0.921875
vt 0.05078125 0.953125
vt 0.05078125 0.921875
vt 0.0527343787 0.953125
vt 0.0527343787 0.921875
vt 0.0546875 0.953125
vt 0.0546875 0.921875
vt 0.0566406213 0.953125
vt 0.0566406213 0.921875
vt 0.05859375 0.953125
vt 0.05859375 0.921875
vt 0.0605468787 0.953125
vt 0.0605468787 0.921875
vt 0.0625 0.953125
vt 0.0625 0.921875
vt 0.0644531175 0.953125
vt 0.0644531175 0.921875
vt 0.06640625 0.953125
vt 0.06640625 0.921875
vt 0.0683593825 0.953125
vt 0.0683593825 0.921875
vt 0.0703125 0.953125
vt 0.0703125 0.921875
vt 0.0722656175 0.953125
vt 0.0722656175 0.921875
vt 0.07421875 0.953125
vt 0.07421875 0.921875
vt 0.0761718825 0.953125
vt 0.0761718825 0.921875
vt 0.078125 0.953125
vt 0.078125 0.921875
vt 0.046875 0.921875
vt 0.046875 0.953125
vt 0.0488281213 0.953125
vt 0.0488281213 0.921875
vt 0.0488281213 0.921875
vt 0.0488281213 0.953125
vt 0.05078125 0.953125
vt 0.05078125 0.921875
vt 0.05078125 0.921875
vt 0.05078125 0.953125
vt 0.0527343787 0.953125
vt 0.0527343787 0.921875
vt 0.0527343787 0.921875
vt 0.0527343787 0.953125
vt 0.0546875 0.953125
vt 0.0546875 0.921875
vt 0.0546875 0.921875
vt 0.0546875 0.953125
vt 0.0566406213 0.953125
vt 0.0566406213 0.921875
vt 0.0566406213 0.921875
vt 0.0566406213 0.953125
vt 0.05859375 0.953125
vt 0.05859375 0.921875
vt 0.05859375 0.921875
vt 0.05859375 0.953125
vt 0.0605468787 0.953125
vt 0.0605468787 0.921875
vt 0.0605468787 0.921875
vt 0.0605468787 0.953125
vt 0.0625 0.953125
vt 0.0625 0.921875
vt 0.0625 0.921875
vt 0.0625 0.953125
vt 0.0644531175 0.953125
vt 0.0644531175 0.921875
vt 0.0644531175 0.921875
vt 0.0644531175 0.953125
vt 0.06640625 0.953125
vt 0.06640625 0.921875
vt 0.06640625 0.921875
vt 0.06640625 0.953125
vt 0.0683593825 0.953125
vt 0.0683593825 0.921875
vt 0.0683593825 0.921875
vt 0.0683593825 0.953125
vt 0.0703125 0.953125
vt 0.0703125 0.921875
vt 0.0703125 0.921875
vt 0.0703125 0.953125
vt 0.0722656175 0.953125
vt 0.0722656175 0.921875
vt 0.0722656175 0.921875
vt 0.0722656175 0.953125
vt 0.07421875 0.953125
vt 0.07421875 0.921875
vt 0.07421875 0.921875
vt 0.07421875 0.953125
vt 0.0761718825 0.953125
vt 0.0761718825 0.921875
vt 0.0761718825 0.921875
vt 0.0761718825 0.953125
vt 0.078125 0.953125
vt 0.078125 0.921875
vt 0.046875 0.9375
vt 0.0480643809 0.943479419
vt 0.0514514595 0.948548555
vt 0.0565205701 0.951935649
vt 0.0625 0.953125
vt 0.0684794337 0.951935649
vt 0.0735485405 0.948548555
vt 0.0769356191 0.943479419
vt 0.078125 0.9375
vt 0.0769356191 0.931520581
vt 0.0735485405 0.926451445
vt 0.0684794337 0.923064351
vt 0.0625 0.921875
vt 0.0565205701 0.923064351
vt 0.0514514595 0.926451445
vt 0.0480643809 0.931520581
vt 0.0480643809 0.931520581
vt 0.0514514595 0.926451445
vt 0.0565205701 0.923064351
vt 0.0625 0.921875
vt 0.0684794337 0.923064351
vt 0.0735485405 0.926451445
vt 0.0769356191 0.931520581
vt 0.078125 0.9375
vt 0.0769356191 0.943479419
vt 0.0735485405 0.948548555
vt 0.0684794337 0.951935649
vt 0.0625 0.953125
vt 0.0565205701 0.951935649
vt 0.0514514595 0.948548555
vt 0.0480643809 0.943479419
vt 0.046875 0.9375
vt 0.046875 0.921875
vt 0.046875 0.953125
vt 0.078125 0.953125
vt 0.078125 0.921875
vt 0.046875 0.921875
vt 0.046875 0.953125
vt 0.078125 0.953125
vt 0.078125 0.921875
vt 0.046875 0.921875
vt 0.046875 0.953125
vt 0.078125 0.953125
vt 0.078125 0.921875
vt 0.046875 0.921875
vt 0.046875 0.953125
vt 0.078125 0.953125
vt 0.078125 0.921875
vt 0.046875 0.921875
vt 0.046875 0.953125
vt 0.078125 0.953125
vt 0.078125 0.921875
vt 0.046875 0.921875
vt 0.046875 0.953125
vt 0.078125 0.953125
vt 0.078125 0.921875
vt 0.046875 0.921875
vt 0.046875 0.953125
vt 0.078125 0.953125
vt 0.078125 0.921875
vt 0.046875 0.921875
vt 0.046875 0.953125
vt 0.078125 0.953125
vt 0.078125 0.921875
vt 0.046875 0.921875
vt 0.046875 0.953125
vt 0.078125 0.953125
vt 0.078125 0.921875
vt 0.046875 0.921875
vt 0.046875 0.953125
vt 0.078125 0.953125
vt 0.078125 0.921875
vt 0.046875 0.921875
vt 0.046875 0.953125
vt 0.078125 0.953125
vt 0.078125 0.921875
vt 0.046875 0.921875
vt 0.046875 0.953125
vt 0.078125 0.953125
vt 0.078125 0.921875
vt 0.0625 0.953125
vt 0.0703125 0.951031625
vt 0.0760316476 0.9453125
vt 0.078125 0.9375
vt 0.0760316476 0.9296875
vt 0.0703125 0.923968375
vt 0.0625 0.921875
vt 0.0546875 0.923968375
vt 0.0489683487 0.9296875
vt 0.046875 0.9375
vt 0.0489683487 0.9453125
vt 0.0546875 0.951031625
vt 0.0546875 0.951031625
vt 0.0489683487 0.9453125
vt 0.046875 0.9375
vt 0.0489683487 0.9296875
vt 0.0546875 0.923968375
vt 0.0625 0.921875
vt 0.0703125 0.923968375
vt 0.0760316476 0.9296875
vt 0.078125 0.9375
vt 0.0760316476 0.9453125
vt 0.0703125 0.951031625
vt 0.0625 0.953125
vt 0.171875 0.953125
vt 0.203125 0.953125
vt 0.203125 0.921875
vt 0.171875 0.921875
vt 0.171875 0.921875
vt 0.203125 0.921875
vt 0.203125 0.953125
vt 0.171875 0.953125
vt 0.171875 0.921875
vt 0.203125 0.921875
vt 0.203125 0.953125
vt 0.171875 0.953125
vt 0.171875 0.953125
vt 0.203125 0.953125
vt 0.203125 0.921875
vt 0.171875 0.921875
vt 0.171875 0.953125
vt 0.203125 0.953125
vt 0.203125 0.921875
vt 0.171875 0.921875
vt 0.171875 0.921875
vt 0.203125 0.921875
vt 0.203125 0.953125
vt 0.171875 0.953125
vt 0.171875 0.953125
vt 0.203125 0.953125
vt 0.203125 0.921875
vt 0.171875 0.921875
vt 0.171875 0.921875
vt 0.203125 0.921875
vt 0.203125 0.953125
vt 0.171875 0.953125
vt 0.171875 0.953125
vt 0.203125 0.953125
vt 0.203125 0.921875
vt 0.171875 0.921875
vt 0.171875 0.921875
vt 0.203125 0.921875
vt 0.203125 0.953125
vt 0.171875 0.953125
vt 0.171875 0.921875
vt 0.203125 0.921875
vt 0.203125 0.953125
vt 0.171875 0.953125
vt 0.171875 0.953125
vt 0.203125 0.953125
vt 0.203125 0.921875
vt 0.171875 0.921875
vt 0.171875 0.921875
vt 0.203125 0.921875
vt 0.203125 0.953125
vt 0.171875 0.953125
vt 0.171875 0.921875
vt 0.203125 0.921875
vt 0.203125 0.953125
vt 0.171875 0.953125
vt 0.171875 0.953125
vt 0.203125 0.953125
vt 0.203125 0.921875
vt 0.171875 0.921875
vt 0.171875 0.921875
vt 0.203125 0.921875
vt 0.203125 0.953125
vt 0.171875 0.953125
vt 0.171875 0.953125
vt 0.203125 0.953125
vt 0.203125 0.921875
vt 0.171875 0.921875
vt 0.171875 0.953125
vt 0.203125 0.953125
vt 0.203125 0.921875
vt 0.171875 0.921875
vt 0.203125 0.953125
vt 0.203125 0.921875
vt 0.171875 0.953125
vt 0.171875 0.953125
vt 0.203125 0.921875
vt 0.203125 0.953125
vt 0.171875 0.921875
vt 0.203125 0.953125
vt 0.203125 0.921875
vt 0.203125 0.921875
vt 0.203125 0.953125
vt 0.171875 0.921875
vt 0.203125 0.953125
vt 0.171875 0.921875
vt 0.203125 0.921875
vt 0.203125 0.953125
vt 0.171875 0.921875
vt 0.203125 0.921875
vt 0.171875 0.921875
vt 0.203125 0.921875
vt 0.171875 0.953125
vt 0.171875 0.921875
vt 0.203125 0.921875
vt 0.171875 0.953125
vt 0.046875 0.953125
vt 0.078125 0.953125
vt 0.078125 0.921875
vt 0.046875 0.921875
vt 0.046875 0.921875
vt 0.078125 0.921875
vt 0.078125 0.953125
vt 0.046875 0.953125
vt 0.046875 0.921875
vt 0.078125 0.921875
vt 0.078125 0.953125
vt 0.046875 0.953125
vt 0.046875 0.953125
vt 0.078125 0.953125
vt 0.078125 0.921875
vt 0.046875 0.921875
vt 0.046875 0.953125
vt 0.078125 0.953125
vt 0.078125 0.921875
vt 0.046875 0.921875
vt 0.046875 0.921875
vt 0.078125 0.921875
vt 0.078125 0.953125
vt 0.046875 0.953125
vt 0.046875 0.953125
vt 0.078125 0.953125
vt 0.078125 0.921875
vt 0.046875 0.921875
vt 0.046875 0.921875
vt 0.078125 0.921875
vt 0.078125 0.953125
vt 0.046875 0.953125
vt 0.046875 0.953125
vt 0.078125 0.953125
vt 0.078125 0.921875
vt 0.046875 0.921875
vt 0.046875 0.921875
vt 0.078125 0.921875
vt 0.078125 0.953125
vt 0.046875 0.953125
vt 0.046875 0.921875
vt 0.078125 0.921875
vt 0.078125 0.953125
vt 0.046875 0.953125
vt 0.046875 0.953125
vt 0.078125 0.953125
vt 0.078125 0.921875
vt 0.046875 0.921875
vt 0.046875 0.921875
vt 0.078125 0.921875
vt 0.078125 0.953125
vt 0.046875 0.953125
vt 0.046875 0.953125
vt 0.078125 0.953125
vt 0.078125 0.921875
vt 0.046875 0.921875
vt 0.046875 0.953125
vt 0.078125 0.953125
vt 0.078125 0.921875
vt 0.046875 0.921875
vt 0.046875 0.921875
vt 0.078125 0.921875
vt 0.078125 0.953125
vt 0.046875 0.953125
vt 0.046875 0.953125
vt 0.078125 0.953125
vt 0.078125 0.921875
vt 0.046875 0.921875
vt 0.046875 0.921875
vt 0.078125 0.921875
vt 0.078125 0.953125
vt 0.046875 0.953125
vt 0.078125 0.953125
vt 0.078125 0.921875
vt 0.046875 0.953125
vt 0.046875 0.953125
vt 0.078125 0.921875
vt 0.078125 0.953125
vt 0.046875 0.921875
vt 0.078125 0.953125
vt 0.078125 0.921875
vt 0.078125 0.921875
vt 0.078125 0.953125
vt 0.046875 0.921875
vt 0.078125 0.953125
vt 0.046875 0.921875
vt 0.046875 0.953125
vt 0.046875 0.953125
vt 0.046875 0.921875
vt 0.078125 0.953125
vt 0.046875 0.921875
vt 0.046875 0.953125
vt 0.078125 0.921875
vt 0.078125 0.921875
vt 0.046875 0.953125
vt 0.046875 0.921875
vt 0.171875 0.953125
vt 0.203125 0.953125
vt 0.203125 0.921875
vt 0.171875 0.921875
vt 0.171875 0.921875
vt 0.203125 0.921875
vt 0.203125 0.953125
vt 0.171875 0.953125
vt 0.171875 0.921875
vt 0.203125 0.921875
vt 0.203125 0.953125
vt 0.171875 0.953125
vt 0.171875 0.953125
vt 0.203125 0.953125
vt 0.203125 0.921875
vt 0.171875 0.921875
vt 0.171875 0.953125
vt 0.203125 0.953125
vt 0.203125 0.921875
vt 0.171875 0.921875
vt 0.171875 0.921875
vt 0.203125 0.921875
vt 0.203125 0.953125
vt 0.171875 0.953125
vt 0.171875 0.953125
vt 0.203125 0.953125
vt 0.203125 0.921875
vt 0.171875 0.921875
vt 0.171875 0.921875
vt 0.203125 0.921875
vt 0.203125 0.953125
vt 0.171875 0.953125
vt 0.171875 0.953125
vt 0.203125 0.953125
vt 0.203125 0.921875
vt 0.171875 0.921875
vt 0.171875 0.921875
vt 0.203125 0.921875
vt 0.203125 0.953125
vt 0.171875 0.953125
vt 0.171875 0.921875
vt 0.203125 0.921875
vt 0.203125 0.953125
vt 0.171875 0.953125
vt 0.171875 0.953125
vt 0.203125 0.953125
vt 0.203125 0.921875
vt 0.171875 0.921875
vt 0.171875 0.921875
vt 0.203125 0.921875
vt 0.203125 0.953125
vt 0.171875 0.953125
vt 0.171875 0.921875
vt 0.203125 0.921875
vt 0.203125 0.953125
vt 0.171875 0.953125
vt 0.171875 0.921875
vt 0.203125 0.921875
vt 0.203125 0.953125
vt 0.171875 0.953125
vt 0.171875 0.921875
vt 0.203125 0.921875
vt 0.203125 0.953125
vt 0.171875 0.953125
vt 0.171875 0.953125
vt 0.203125 0.953125
vt 0.203125 0.921875
vt 0.171875 0.921875
vt 0.171875 0.953125
vt 0.203125 0.953125
vt 0.203125 0.921875
vt 0.171875 0.921875
vt 0.203125 0.953125
vt 0.171875 0.953125
vt 0.203125 0.921875
vt 0.203125 0.921875
vt 0.171875 0.921875
vt 0.203125 0.953125
vt 0.171875 0.921875
vt 0.203125 0.953125
vt 0.171875 0.953125
vt 0.171875 0.953125
vt 0.203125 0.921875
vt 0.171875 0.921875
vt 0.203125 0.953125
vt 0.171875 0.921875
vt 0.203125 0.921875
vt 0.203125 0.953125
vt 0.171875 0.921875
vt 0.203125 0.921875
vt 0.171875 0.921875
vt 0.203125 0.921875
vt 0.171875 0.953125
vt 0.171875 0.921875
vt 0.203125 0.921875
vt 0.171875 0.953125
vt 0.046875 0.953125
vt 0.078125 0.953125
vt 0.078125 0.921875
vt 0.046875 0.921875
vt 0.046875 0.921875
vt 0.078125 0.921875
vt 0.078125 0.953125
vt 0.046875 0.953125
vt 0.046875 0.921875
vt 0.078125 0.921875
vt 0.078125 0.953125
vt 0.046875 0.953125
vt 0.046875 0.953125
vt 0.078125 0.953125
vt 0.078125 0.921875
vt 0.046875 0.921875
vt 0.046875 0.953125
vt 0.078125 0.953125
vt 0.078125 0.921875
vt 0.046875 0.921875
vt 0.046875 0.921875
vt 0.078125 0.921875
vt 0.078125 0.953125
vt 0.046875 0.953125
vt 0.046875 0.953125
vt 0.078125 0.953125
vt 0.078125 0.921875
vt 0.046875 0.921875
vt 0.046875 0.921875
vt 0.078125 0.921875
vt 0.078125 0.953125
vt 0.046875 0.953125
vt 0.046875 0.953125
vt 0.078125 0.953125
vt 0.078125 0.921875
vt 0.046875 0.921875
vt 0.046875 0.921875
vt 0.078125 0.921875
vt 0.078125 0.953125
vt 0.046875 0.953125
vt 0.046875 0.921875
vt 0.078125 0.921875
vt 0.078125 0.953125
vt 0.046875 0.953125
vt 0.046875 0.953125
vt 0.078125 0.953125
vt 0.078125 0.921875
vt 0.046875 0.921875
vt 0.046875 0.921875
vt 0.078125 0.921875
vt 0.078125 0.953125
vt 0.046875 0.953125
vt 0.046875 0.953125
vt 0.078125 0.953125
vt 0.078125 0.921875
vt 0.046875 0.921875
vt 0.046875 0.953125
vt 0.078125 0.953125
vt 0.078125 0.921875
vt 0.046875 0.921875
vt 0.046875 0.921875
vt 0.078125 0.921875
vt 0.078125 0.953125
vt 0.046875 0.953125
vt 0.046875 0.953125
vt 0.078125 0.953125
vt 0.078125 0.921875
vt 0.046875 0.921875
vt 0.046875 0.921875
vt 0.078125 0.921875
vt 0.078125 0.953125
vt 0.046875 0.953125
vt 0.078125 0.953125
vt 0.078125 0.921875
vt 0.046875 0.953125
vt 0.046875 0.953125
vt 0.078125 0.921875
vt 0.078125 0.953125
vt 0.046875 0.921875
vt 0.078125 0.953125
vt 0.078125 0.921875
vt 0.078125 0.921875
vt 0.078125 0.953125
vt 0.046875 0.921875
vt 0.078125 0.953125
vt 0.046875 0.921875
vt 0.046875 0.953125
vt 0.046875 0.953125
vt 0.046875 0.921875
vt 0.078125 0.953125
vt 0.046875 0.921875
vt 0.046875 0.953125
vt 0.078125 0.921875
vt 0.078125 0.921875
vt 0.046875 0.953125
vt 0.046875 0.921875
vt 0.046875 0.953125
vt 0.078125 0.953125
vt 0.078125 0.921875
vt 0.046875 0.921875
vt 0.046875 0.921875
vt 0.078125 0.921875
vt 0.078125 0.953125
vt 0.046875 0.953125
vt 0.046875 0.921875
vt 0.078125 0.921875
vt 0.078125 0.953125
vt 0.046875 0.953125
vt 0.046875 0.953125
vt 0.078125 0.953125
vt 0.078125 0.921875
vt 0.046875 0.921875
vt 0.046875 0.953125
vt 0.078125 0.953125
vt 0.078125 0.921875
vt 0.046875 0.921875
vt 0.046875 0.921875
vt 0.078125 0.921875
vt 0.078125 0.953125
vt 0.046875 0.953125
vt 0.046875 0.953125
vt 0.078125 0.953125
vt 0.078125 0.921875
vt 0.046875 0.921875
vt 0.046875 0.921875
vt 0.078125 0.921875
vt 0.078125 0.953125
vt 0.046875 0.953125
vt 0.046875 0.953125
vt 0.078125 0.953125
vt 0.078125 0.921875
vt 0.046875 0.921875
vt 0.046875 0.921875
vt 0.078125 0.921875
vt 0.078125 0.953125
vt 0.046875 0.953125
vt 0.046875 0.921875
vt 0.078125 0.921875
vt 0.078125 0.953125
vt 0.046875 0.953125
vt 0.046875 0.953125
vt 0.078125 0.953125
vt 0.078125 0.921875
vt 0.046875 0.921875
vt 0.046875 0.921875
vt 0.078125 0.921875
vt 0.078125 0.953125
vt 0.046875 0.953125
vt 0.046875 0.953125
vt 0.078125 0.953125
vt 0.078125 0.921875
vt 0.046875 0.921875
vt 0.046875 0.953125
vt 0.078125 0.953125
vt 0.078125 0.921875
vt 0.046875 0.921875
vt 0.046875 0.921875
vt 0.078125 0.921875
vt 0.078125 0.953125
vt 0.046875 0.953125
vt 0.046875 0.953125
vt 0.078125 0.953125
vt 0.078125 0.921875
vt 0.046875 0.921875
vt 0.046875 0.921875
vt 0.078125 0.921875
vt 0.078125 0.953125
vt 0.046875 0.953125
vt 0.078125 0.953125
vt 0.078125 0.921875
vt 0.046875 0.953125
vt 0.046875 0.953125
vt 0.078125 0.921875
vt 0.078125 0.953125
vt 0.046875 0.921875
vt 0.078125 0.953125
vt 0.078125 0.921875
vt 0.078125 0.921875
vt 0.078125 0.953125
vt 0.046875 0.921875
vt 0.078125 0.953125
vt 0.046875 0.921875
vt 0.046875 0.953125
vt 0.046875 0.953125
vt 0.046875 0.921875
vt 0.078125 0.953125
vt 0.046875 0.921875
vt 0.046875 0.953125
vt 0.078125 0.921875
vt 0.078125 0.921875
vt 0.046875 0.953125
vt 0.046875 0.921875
vt 0.171875 0.953125
vt 0.203125 0.953125
vt 0.203125 0.921875
vt 0.171875 0.921875
vt 0.171875 0.921875
vt 0.203125 0.921875
vt 0.203125 0.953125
vt 0.171875 0.953125
vt 0.171875 0.921875
vt 0.203125 0.921875
vt 0.203125 0.953125
vt 0.171875 0.953125
vt 0.171875 0.953125
vt 0.203125 0.953125
vt 0.203125 0.921875
vt 0.171875 0.921875
vt 0.171875 0.953125
vt 0.203125 0.953125
vt 0.203125 0.921875
vt 0.171875 0.921875
vt 0.171875 0.921875
vt 0.203125 0.921875
vt 0.203125 0.953125
vt 0.171875 0.953125
vt 0.171875 0.953125
vt 0.203125 0.953125
vt 0.203125 0.921875
vt 0.171875 0.921875
vt 0.171875 0.921875
vt 0.203125 0.921875
vt 0.203125 0.953125
vt 0.171875 0.953125
vt 0.171875 0.953125
vt 0.203125 0.953125
vt 0.203125 0.921875
vt 0.171875 0.921875
vt 0.171875 0.921875
vt 0.203125 0.921875
vt 0.203125 0.953125
vt 0.171875 0.953125
vt 0.171875 0.953125
vt 0.203125 0.953125
vt 0.203125 0.921875
vt 0.171875 0.921875
vt 0.171875 0.953125
vt 0.203125 0.953125
vt 0.203125 0.921875
vt 0.171875 0.921875
vt 0.171875 0.921875
vt 0.203125 0.921875
vt 0.203125 0.953125
vt 0.171875 0.953125
vt 0.171875 0.921875
vt 0.203125 0.921875
vt 0.203125 0.953125
vt 0.171875 0.953125
vt 0.171875 0.921875
vt 0.203125 0.921875
vt 0.203125 0.953125
vt 0.171875 0.953125
vt 0.171875 0.921875
vt 0.203125 0.921875
vt 0.203125 0.953125
vt 0.171875 0.953125
vt 0.171875 0.953125
vt 0.203125 0.953125
vt 0.203125 0.921875
vt 0.171875 0.921875
vt 0.171875 0.953125
vt 0.203125 0.953125
vt 0.203125 0.921875
vt 0.171875 0.921875
vt 0.203125 0.921875
vt 0.171875 0.953125
vt 0.203125 0.953125
vt 0.203125 0.921875
vt 0.171875 0.921875
vt 0.203125 0.953125
vt 0.171875 0.953125
vt 0.203125 0.953125
vt 0.171875 0.921875
vt 0.171875 0.953125
vt 0.203125 0.921875
vt 0.171875 0.921875
vt 0.203125 0.953125
vt 0.171875 0.953125
vt 0.203125 0.921875
vt 0.203125 0.953125
vt 0.171875 0.921875
vt 0.203125 0.921875
vt 0.171875 0.921875
vt 0.203125 0.953125
vt 0.171875 0.953125
vt 0.171875 0.921875
vt 0.203125 0.921875
vt 0.171875 0.953125
vt 0.171875 0.953125
vt 0.203125 0.953125
vt 0.203125 0.921875
vt 0.171875 0.921875
vt 0.171875 0.921875
vt 0.203125 0.921875
vt 0.203125 0.953125
vt 0.171875 0.953125
vt 0.171875 0.921875
vt 0.203125 0.921875
vt 0.203125 0.953125
vt 0.171875 0.953125
vt 0.171875 0.953125
vt 0.203125 0.953125
vt 0.203125 0.921875
vt 0.171875 0.921875
vt 0.171875 0.953125
vt 0.203125 0.953125
vt 0.203125 0.921875
vt 0.171875 0.921875
vt 0.171875 0.921875
vt 0.203125 0.921875
vt 0.203125 0.953125
vt 0.171875 0.953125
vt 0.171875 0.953125
vt 0.203125 0.953125
vt 0.203125 0.921875
vt 0.171875 0.921875
vt 0.171875 0.921875
vt 0.203125 0.921875
vt 0.203125 0.953125
vt 0.171875 0.953125
vt 0.171875 0.953125
vt 0.203125 0.953125
vt 0.203125 0.921875
vt 0.171875 0.921875
vt 0.171875 0.921875
vt 0.203125 0.921875
vt 0.203125 0.953125
vt 0.171875 0.953125
vt 0.171875 0.921875
vt 0.203125 0.921875
vt 0.203125 0.953125
vt 0.171875 0.953125
vt 0.171875 0.953125
vt 0.203125 0.953125
vt 0.203125 0.921875
vt 0.171875 0.921875
vt 0.171875 0.921875
vt 0.203125 0.921875
vt 0.203125 0.953125
vt 0.171875 0.953125
vt 0.171875 0.921875
vt 0.203125 0.921875
vt 0.203125 0.953125
vt 0.171875 0.953125
vt 0.171875 0.953125
vt 0.203125 0.953125
vt 0.203125 0.921875
vt 0.171875 0.921875
vt 0.171875 0.921875
vt 0.203125 0.921875
vt 0.203125 0.953125
vt 0.171875 0.953125
vt 0.171875 0.953125
vt 0.203125 0.953125
vt 0.203125 0.921875
vt 0.171875 0.921875
vt 0.171875 0.953125
vt 0.203125 0.953125
vt 0.203125 0.921875
vt 0.171875 0.921875
vt 0.203125 0.953125
vt 0.203125 0.921875
vt 0.171875 0.953125
vt 0.171875 0.953125
vt 0.203125 0.921875
vt 0.203125 0.953125
vt 0.171875 0.921875
vt 0.203125 0.953125
vt 0.203125 0.921875
vt 0.203125 0.921875
vt 0.203125 0.953125
vt 0.171875 0.921875
vt 0.203125 0.953125
vt 0.171875 0.953125
vt 0.203125 0.921875
vt 0.203125 0.953125
vt 0.171875 0.921875
vt 0.203125 0.921875
vt 0.171875 0.921875
vt 0.203125 0.953125
vt 0.171875 0.953125
vt 0.171875 0.921875
vt 0.203125 0.921875
vt 0.171875 0.953125
vt 0.171875 0.921875
vt 0.171875 0.953125
vt 0.173828125 0.953125
vt 0.173828125 0.921875
vt 0.173828125 0.921875
vt 0.173828125 0.953125
vt 0.17578125 0.953125
vt 0.17578125 0.921875
vt 0.17578125 0.921875
vt 0.17578125 0.953125
vt 0.177734375 0.953125
vt 0.177734375 0.921875
vt 0.177734375 0.921875
vt 0.177734375 0.953125
vt 0.1796875 0.953125
vt 0.1796875 0.921875
vt 0.1796875 0.921875
vt 0.1796875 0.953125
vt 0.181640625 0.953125
vt 0.181640625 0.921875
vt 0.181640625 0.921875
vt 0.181640625 0.953125
vt 0.18359375 0.953125
vt 0.18359375 0.921875
vt 0.18359375 0.921875
vt 0.18359375 0.953125
vt 0.185546875 0.953125
vt 0.185546875 0.921875
vt 0.185546875 0.921875
vt 0.185546875 0.953125
vt 0.1875 0.953125
vt 0.1875 0.921875
vt 0.1875 0.921875
vt 0.1875 0.953125
vt 0.189453125 0.953125
vt 0.189453125 0.921875
vt 0.189453125 0.921875
vt 0.189453125 0.953125
vt 0.19140625 0.953125
vt 0.19140625 0.921875
vt 0.19140625 0.921875
vt 0.19140625 0.953125
vt 0.193359375 0.953125
vt 0.193359375 0.921875
vt 0.193359375 0.921875
vt 0.193359375 0.953125
vt 0.1953125 0.953125
vt 0.1953125 0.921875
vt 0.1953125 0.921875
vt 0.1953125 0.953125
vt 0.197265625 0.953125
vt 0.197265625 0.921875
vt 0.197265625 0.921875
vt 0.197265625 0.953125
vt 0.19921875 0.953125
vt 0.19921875 0.921875
vt 0.19921875 0.921875
vt 0.19921875 0.953125
vt 0.201171875 0.953125
vt 0.201171875 0.921875
vt 0.201171875 0.921875
vt 0.201171875 0.953125
vt 0.203125 0.953125
vt 0.203125 0.921875
vt 0.171875 0.921875
vt 0.171875 0.953125
vt 0.173828125 0.953125
vt 0.173828125 0.921875
vt 0.17578125 0.953125
vt 0.17578125 0.921875
vt 0.177734375 0.953125
vt 0.177734375 0.921875
vt 0.1796875 0.953125
vt 0.1796875 0.921875
vt 0.181640625 0.953125
vt 0.181640625 0.921875
vt 0.18359375 0.953125
vt 0.18359375 0.921875
vt 0.185546875 0.953125
vt 0.185546875 0.921875
vt 0.1875 0.953125
vt 0.1875 0.921875
vt 0.189453125 0.953125
vt 0.189453125 0.921875
vt 0.19140625 0.953125
vt 0.19140625 0.921875
vt 0.193359375 0.953125
vt 0.193359375 0.921875
vt 0.1953125 0.953125
vt 0.1953125 0.921875
vt 0.197265625 0.953125
vt 0.197265625 0.921875
vt 0.19921875 0.953125
vt 0.19921875 0.921875
vt 0.201171875 0.953125
vt 0.201171875 0.921875
vt 0.203125 0.953125
vt 0.203125 0.921875
vt 0.171875 0.921875
vt 0.171875 0.953125
vt 0.173828125 0.953125
vt 0.173828125 0.921875
vt 0.173828125 0.921875
vt 0.173828125 0.953125
vt 0.17578125 0.953125
vt 0.17578125 0.921875
vt 0.17578125 0.921875
vt 0.17578125 0.953125
vt 0.177734375 0.953125
vt 0.177734375 0.921875
vt 0.177734375 0.921875
vt 0.177734375 0.953125
vt 0.1796875 0.953125
vt 0.1796875 0.921875
vt 0.1796875 0.921875
vt 0.1796875 0.953125
vt 0.181640625 0.953125
vt 0.181640625 0.921875
vt 0.181640625 0.921875
vt 0.181640625 0.953125
vt 0.18359375 0.953125
vt 0.18359375 0.921875
vt 0.18359375 0.921875
vt 0.18359375 0.953125
vt 0.185546875 0.953125
vt 0.185546875 0.921875
vt 0.185546875 0.921875
vt 0.185546875 0.953125
vt 0.1875 0.953125
vt 0.1875 0.921875
vt 0.1875 0.921875
vt 0.1875 0.953125
vt 0.189453125 0.953125
vt 0.189453125 0.921875
vt 0.189453125 0.921875
vt 0.189453125 0.953125
vt 0.19140625 0.953125
vt 0.19140625 0.921875
vt 0.19140625 0.921875
vt 0.19140625 0.953125
vt 0.193359375 0.953125
vt 0.193359375 0.921875
vt 0.193359375 0.921875
vt 0.193359375 0.953125
vt 0.1953125 0.953125
vt 0.1953125 0.921875
vt 0.1953125 0.921875
vt 0.1953125 0.953125
vt 0.197265625 0.953125
vt 0.197265625 0.921875
vt 0.197265625 0.921875
vt 0.197265625 0.953125
vt 0.19921875 0.953125
vt 0.19921875 0.921875
vt 0.19921875 0.921875
vt 0.19921875 0.953125
vt 0.201171875 0.953125
vt 0.201171875 0.921875
vt 0.201171875 0.921875
vt 0.201171875 0.953125
vt 0.203125 0.953125
vt 0.203125 0.921875
vt 0.171875 0.921875
vt 0.171875 0.953125
vt 0.173828125 0.953125
vt 0.173828125 0.921875
vt 0.173828125 0.921875
vt 0.173828125 0.953125
vt 0.17578125 0.953125
vt 0.17578125 0.921875
vt 0.17578125 0.921875
vt 0.17578125 0.953125
vt 0.177734375 0.953125
vt 0.177734375 0.921875
vt 0.177734375 0.921875
vt 0.177734375 0.953125
vt 0.1796875 0.953125
vt 0.1796875 0.921875
vt 0.1796875 0.921875
vt 0.1796875 0.953125
vt 0.181640625 0.953125
vt 0.181640625 0.921875
vt 0.181640625 0.921875
vt 0.181640625 0.953125
vt 0.18359375 0.953125
vt 0.18359375 0.921875
vt 0.18359375 0.921875
vt 0.18359375 0.953125
vt 0.185546875 0.953125
vt 0.185546875 0.921875
vt 0.185546875 0.921875
vt 0.185546875 0.953125
vt 0.1875 0.953125
vt 0.1875 0.921875
vt 0.1875 0.921875
vt 0.1875 0.953125
vt 0.189453125 0.953125
vt 0.189453125 0.921875
vt 0.189453125 0.921875
vt 0.189453125 0.953125
vt 0.19140625 0.953125
vt 0.19140625 0.921875
vt 0.19140625 0.921875
vt 0.19140625 0.953125
vt 0.193359375 0.953125
vt 0.193359375 0.921875
vt 0.193359375 0.921875
vt 0.193359375 0.953125
vt 0.1953125 0.953125
vt 0.1953125 0.921875
vt 0.1953125 0.921875
vt 0.1953125 0.953125
vt 0.197265625 0.953125
vt 0.197265625 0.921875
vt 0.197265625 0.921875
vt 0.197265625 0.953125
vt 0.19921875 0.953125
vt 0.19921875 0.921875
vt 0.19921875 0.921875
vt 0.19921875 0.953125
vt 0.201171875 0.953125
vt 0.201171875 0.921875
vt 0.201171875 0.921875
vt 0.201171875 0.953125
vt 0.203125 0.953125
vt 0.203125 0.921875
vt 0.203125 0.9375
vt 0.201935619 0.943479419
vt 0.19854854 0.948548555
vt 0.193479434 0.951935649
vt 0.1875 0.953125
vt 0.181520566 0.951935649
vt 0.17645146 0.948548555
vt 0.173064381 0.943479419
vt 0.171875 0.9375
vt 0.173064381 0.931520581
vt 0.17645146 0.926451445
vt 0.181520566 0.923064351
vt 0.1875 0.921875
vt 0.193479434 0.923064351
vt 0.19854854 0.926451445
vt 0.201935619 0.931520581
vt 0.201935619 0.931520581
vt 0.19854854 0.926451445
vt 0.193479434 0.923064351
vt 0.1875 0.921875
vt 0.181520566 0.923064351
vt 0.17645146 0.926451445
vt 0.173064381 0.931520581
vt 0.171875 0.9375
vt 0.173064381 0.943479419
vt 0.17645146 0.948548555
vt 0.181520566 0.951935649
vt 0.1875 0.953125
vt 0.193479434 0.951935649
vt 0.19854854 0.948548555
vt 0.201935619 0.943479419
vt 0.203125 0.9375
vt 0.046875 0.921875
vt 0.046875 0.953125
vt 0.0488281213 0.953125
vt 0.0488281213 0.921875
vt 0.05078125 0.953125
vt 0.05078125 0.921875
vt 0.0527343787 0.953125
vt 0.0527343787 0.921875
vt 0.0546875 0.953125
vt 0.0546875 0.921875
vt 0.0566406213 0.953125
vt 0.0566406213 0.921875
vt 0.05859375 0.953125
vt 0.05859375 0.921875
vt 0.0605468787 0.953125
vt 0.0605468787 0.921875
vt 0.0625 0.953125
vt 0.0625 0.921875
vt 0.0644531175 0.953125
vt 0.0644531175 0.921875
vt 0.06640625 0.953125
vt 0.06640625 0.921875
vt 0.0683593825 0.953125
vt 0.0683593825 0.921875
vt 0.0703125 0.953125
vt 0.0703125 0.921875
vt 0.0722656175 0.953125
vt 0.0722656175 0.921875
vt 0.07421875 0.953125
vt 0.07421875 0.921875
vt 0.0761718825 0.953125
vt 0.0761718825 0.921875
vt 0.078125 0.953125
vt 0.078125 0.921875
vt 0.078125 0.9375
vt 0.0769356191 0.943479419
vt 0.0735485405 0.948548555
vt 0.0684794337 0.951935649
vt 0.0625 0.953125
vt 0.0565205701 0.951935649
vt 0.0514514595 0.948548555
vt 0.0480643809 0.943479419
vt 0.046875 0.9375
vt 0.0480643809 0.931520581
vt 0.0514514595 0.926451445
vt 0.0565205701 0.923064351
vt 0.0625 0.921875
vt 0.0684794337 0.923064351
vt 0.0735485405 0.926451445
vt 0.0769356191 0.931520581
vt 0.0769356191 0.931520581
vt 0.0735485405 0.926451445
vt 0.0684794337 0.923064351
vt 0.0625 0.921875
vt 0.0565205701 0.923064351
vt 0.0514514595 0.926451445
vt 0.0480643809 0.931520581
vt 0.046875 0.9375
vt 0.0480643809 0.943479419
vt 0.0514514595 0.948548555
vt 0.0565205701 0.951935649
vt 0.0625 0.953125
vt 0.0684794337 0.951935649
vt 0.0735485405 0.948548555
vt 0.0769356191 0.943479419
vt 0.078125 0.9375
vt 0.504882812 0.348632812
vt 0.745117188 0.348632812
vt 0.745117188 0.432617188
vt 0.504882812 0.432617188
vt 0.046875 0.953125
vt 0.078125 0.953125
vt 0.078125 0.921875
vt 0.046875 0.921875
vt 0.046875 0.921875
vt 0.078125 0.921875
vt 0.078125 0.953125
vt 0.046875 0.953125
vt 0.046875 0.921875
vt 0.078125 0.921875
vt 0.078125 0.953125
vt 0.046875 0.953125
vt 0.046875 0.953125
vt 0.078125 0.953125
vt 0.078125 0.921875
vt 0.046875 0.921875
vt 0.046875 0.953125
vt 0.078125 0.953125
vt 0.078125 0.921875
vt 0.046875 0.921875
vt 0.046875 0.921875
vt 0.078125 0.921875
vt 0.078125 0.953125
vt 0.046875 0.953125
vt 0.046875 0.953125
vt 0.078125 0.953125
vt 0.078125 0.921875
vt 0.046875 0.921875
vt 0.046875 0.921875
vt 0.078125 0.921875
vt 0.078125 0.953125
vt 0.046875 0.953125
vt 0.046875 0.953125
vt 0.078125 0.953125
vt 0.078125 0.921875
vt 0.046875 0.921875
vt 0.046875 0.921875
vt 0.078125 0.921875
vt 0.078125 0.953125
vt 0.046875 0.953125
vt 0.046875 0.921875
vt 0.078125 0.921875
vt 0.078125 0.953125
vt 0.046875 0.953125
vt 0.046875 0.953125
vt 0.078125 0.953125
vt 0.078125 0.921875
vt 0.046875 0.921875
vt 0.046875 0.921875
vt 0.078125 0.921875
vt 0.078125 0.953125
vt 0.046875 0.953125
vt 0.046875 0.953125
vt 0.078125 0.953125
vt 0.078125 0.921875
vt 0.046875 0.921875
vt 0.046875 0.953125
vt 0.078125 0.953125
vt 0.078125 0.921875
vt 0.046875 0.921875
vt 0.046875 0.921875
vt 0.078125 0.921875
vt 0.078125 0.953125
vt 0.046875 0.953125
vt 0.046875 0.953125
vt 0.078125 0.953125
vt 0.078125 0.921875
vt 0.046875 0.921875
vt 0.046875 0.921875
vt 0.078125 0.921875
vt 0.078125 0.953125
vt 0.046875 0.953125
vt 0.078125 0.953125
vt 0.078125 0.921875
vt 0.046875 0.953125
vt 0.046875 0.953125
vt 0.078125 0.921875
vt 0.078125 0.953125
vt 0.046875 0.921875
vt 0.078125 0.953125
vt 0.078125 0.921875
vt 0.078125 0.921875
vt 0.078125 0.953125
vt 0.046875 0.921875
vt 0.078125 0.953125
vt 0.046875 0.921875
vt 0.046875 0.953125
vt 0.046875 0.953125
vt 0.046875 0.921875
vt 0.078125 0.953125
vt 0.046875 0.921875
vt 0.046875 0.953125
vt 0.078125 0.921875
vt 0.078125 0.921875
vt 0.046875 0.953125
vt 0.046875 0.921875
vn -1 0 0
vn -1 0 0
vn -1 0 0
vn -1 0 0
vn 1 0 0
vn 1 0 0
vn 1 0 0
vn 1 0 0
vn 0 -1 0
vn 0 -1 0
vn 0 -1 0
vn 0 -1 0
vn 0 1 0
vn 0 1 0
vn 0 1 0
vn 0 1 0
vn 0 0 -1
vn 0 0 -1
vn 0 0 -1
vn 0 0 -1
vn 0 0 1
vn 0 0 1
vn 0 0 1
vn 0 0 1
vn 0 -0.707106769 -0.707106769
vn 0 -0.707106769 -0.707106769
vn 0 -0.707106769 -0.707106769
vn 0 -0.707106769 -0.707106769
vn 0 -0.707106769 0.707106769
vn 0 -0.707106769 0.707106769
vn 0 -0.707106769 0.707106769
vn 0 -0.707106769 0.707106769
vn 0 0.707106769 -0.707106769
vn 0 0.707106769 -0.707106769
vn 0 0.707106769 -0.707106769
vn 0 0.707106769 -0.707106769
vn 0 0.707106769 0.707106769
vn 0 0.707106769 0.707106769
vn 0 0.707106769 0.707106769
vn 0 0.707106769 0.707106769
vn -0.707106769 0 -0.707106769
vn -0.707106769 0 -0.707106769
vn -0.707106769 0 -0.707106769
vn -0.707106769 0 -0.707106769
vn -0.707106769 0 0.707106769
vn -0.707106769 0 0.707106769
vn -0.707106769 0 0.707106769
vn -0.707106769 0 0.707106769
vn 0.707106769 0 -0.707106769
vn 0.707106769 0 -0.707106769
vn 0.707106769 0 -0.707106769
vn 0.707106769 0 -0.707106769
vn 0.707106769 0 0.707106769
vn 0.707106769 0 0.707106769
vn 0.707106769 0 0.707106769
vn 0.707106769 0 0.707106769
vn -0.707106769 -0.707106769 0
vn -0.707106769 -0.707106769 0
vn -0.707106769 -0.707106769 0
vn -0.707106769 -0.707106769 0
vn -0.707106769 0.707106769 0
vn -0.707106769 0.707106769 0
vn -0.707106769 0.707106769 0
vn -0.707106769 0.707106769 0
vn 0.707106769 -0.707106769 0
vn 0.707106769 -0.707106769 0
vn 0.707106769 -0.707106769 0
vn 0.707106769 -0.707106769 0
vn 0.707106769 0.707106769 0
vn 0.707106769 0.707106769 0
vn 0.707106769 0.707106769 0
vn 0.707106769 0.707106769 0
vn -0.577350259 -0.577350259 -0.577350259
vn -0.577350259 -0.577350259 -0.577350259
vn -0.577350259 -0.577350259 -0.577350259
vn -0.577350259 -0.577350259 0.577350259
vn -0.577350259 -0.577350259 0.577350259
vn -0.577350259 -0.577350259 0.577350259
vn -0.577350259 0.577350259 -0.577350259
vn -0.577350259 0.577350259 -0.577350259
vn -0.577350259 0.577350259 -0.577350259
vn -0.577350259 0.577350259 0.577350259
vn -0.577350259 0.577350259 0.577350259
vn -0.577350259 0.577350259 0.577350259
vn 0.577350259 -0.577350259 -0.577350259
vn 0.577350259 -0.577350259 -0.577350259
vn 0.577350259 -0.577350259 -0.577350259
vn 0.577350259 -0.577350259 0.577350259
vn 0.577350259 -0.577350259 0.577350259
vn 0.577350259 -0.577350259 0.577350259
vn 0.577350259 0.577350259 -0.577350259
vn 0.577350259 0.577350259 -0.577350259
vn 0.577350259 0.577350259 -0.577350259
vn 0.577350259 0.577350259 0.577350259
vn 0.577350259 0.577350259 0.577350259
vn 0.577350259 0.577350259 0.577350259
vn -1 0 0
vn -1 0 0
vn -1 0 0
vn -1 0 0
vn 1 0 0
vn 1 0 0
vn 1 0 0
vn 1 0 0
vn 0 -1 0
vn 0 -1 0
vn 0 -1 0
vn 0 -1 0
vn 0 1 0
vn 0 1 0
vn 0 1 0
vn 0 1 0
vn 0 0 -1
vn 0 0 -1
vn 0 0 -1
vn 0 0 -1
vn 0 0 1
vn 0 0 1
vn 0 0 1
vn 0 0 1
vn 0 -0.707106769 -0.707106769
vn 0 -0.707106769 -0.707106769
vn 0 -0.707106769 -0.707106769
vn 0 -0.707106769 -0.707106769
vn 0 -0.707106769 0.707106769
vn 0 -0.707106769 0.707106769
vn 0 -0.707106769 0.707106769
vn 0 -0.707106769 0.707106769
vn 0 0.707106769 -0.707106769
vn 0 0.707106769 -0.707106769
vn 0 0.707106769 -0.707106769
vn 0 0.707106769 -0.707106769
vn 0 0.707106769 0.707106769
vn 0 0.707106769 0.707106769
vn 0 0.707106769 0.707106769
vn 0 0.707106769 0.707106769
vn -0.707106769 0 -0.707106769
vn -0.707106769 0 -0.707106769
vn -0.707106769 0 -0.707106769
vn -0.707106769 0 -0.707106769
vn -0.707106769 0 0.707106769
vn -0.707106769 0 0.707106769
vn -0.707106769 0 0.707106769
vn -0.707106769 0 0.707106769
vn 0.707106769 0 -0.707106769
vn 0.707106769 0 -0.707106769
vn 0.707106769 0 -0.707106769
vn 0.707106769 0 -0.707106769
vn 0.707106769 0 0.707106769
vn 0.707106769 0 0.707106769
vn 0.707106769 0 0.707106769
vn 0.707106769 0 0.707106769
vn -0.707106769 -0.707106769 0
vn -0.707106769 -0.707106769 0
vn -0.707106769 -0.707106769 0
vn -0.707106769 -0.707106769 0
vn -0.707106769 0.707106769 0
vn -0.707106769 0.707106769 0
vn -0.707106769 0.707106769 0
vn -0.707106769 0.707106769 0
vn 0.707106769 -0.707106769 0
vn 0.707106769 -0.707106769 0
vn 0.707106769 -0.707106769 0
vn 0.707106769 -0.707106769 0
vn 0.707106769 0.707106769 0
vn 0.707106769 0.707106769 0
vn 0.707106769 0.707106769 0
vn 0.707106769 0.707106769 0
vn -0.577350259 -0.577350259 -0.577350259
vn -0.577350259 -0.577350259 -0.577350259
vn -0.577350259 -0.577350259 -0.577350259
vn -0.577350259 -0.577350259 0.577350259
vn -0.577350259 -0.577350259 0.577350259
vn -0.577350259 -0.577350259 0.577350259
vn -0.577350259 0.577350259 -0.577350259
vn -0.577350259 0.577350259 -0.577350259
vn -0.577350259 0.577350259 -0.577350259
vn -0.577350259 0.577350259 0.577350259
vn -0.577350259 0.577350259 0.577350259
vn -0.577350259 0.577350259 0.577350259
vn 0.577350259 -0.577350259 -0.577350259
vn 0.577350259 -0.577350259 -0.577350259
vn 0.577350259 -0.577350259 -0.577350259
vn 0.577350259 -0.577350259 0.577350259
vn 0.577350259 -0.577350259 0.577350259
vn 0.577350259 -0.577350259 0.577350259
vn 0.577350259 0.577350259 -0.577350259
vn 0.577350259 0.577350259 -0.577350259
vn 0.577350259 0.577350259 -0.577350259
vn 0.577350259 0.577350259 0.577350259
vn 0.577350259 0.577350259 0.577350259
vn 0.577350259 0.577350259 0.577350259
vn -1 0 0
vn -1 0 0
vn -1 0 0
vn -1 0 0
vn 1 0 0
vn 1 0 0
vn 1 0 0
vn 1 0 0
vn 0 -1 0
vn 0 -1 0
vn 0 -1 0
vn 0 -1 0
vn 0 1 0
vn 0 1 0
vn 0 1 0
vn 0 1 0
vn 0 0 -1
vn 0 0 -1
vn 0 0 -1
vn 0 0 -1
vn 0 0 1
vn 0 0 1
vn 0 0 1
vn 0 0 1
vn 0 -0.707106769 -0.707106769
vn 0 -0.707106769 -0.707106769
vn 0 -0.707106769 -0.707106769
vn 0 -0.707106769 -0.707106769
vn 0 -0.707106769 0.707106769
vn 0 -0.707106769 0.707106769
vn 0 -0.707106769 0.707106769
vn 0 -0.707106769 0.707106769
vn 0 0.707106769 -0.707106769
vn 0 0.707106769 -0.707106769
vn 0 0.707106769 -0.707106769
vn 0 0.707106769 -0.707106769
vn 0 0.707106769 0.707106769
vn 0 0.707106769 0.707106769
vn 0 0.707106769 0.707106769
vn 0 0.707106769 0.707106769
vn -0.707106769 0 -0.707106769
vn -0.707106769 0 -0.707106769
vn -0.707106769 0 -0.707106769
vn -0.707106769 0 -0.707106769
vn -0.707106769 0 0.707106769
vn -0.707106769 0 0.707106769
vn -0.707106769 0 0.707106769
vn -0.707106769 0 0.707106769
vn 0.707106769 0 -0.707106769
vn 0.707106769 0 -0.707106769
vn 0.707106769 0 -0.707106769
vn 0.707106769 0 -0.707106769
vn 0.707106769 0 0.707106769
vn 0.707106769 0 0.707106769
vn 0.707106769 0 0.707106769
vn 0.707106769 0 0.707106769
vn -0.707106769 -0.707106769 0
vn -0.707106769 -0.707106769 0
vn -0.707106769 -0.707106769 0
vn -0.707106769 -0.707106769 0
vn -0.707106769 0.707106769 0
vn -0.707106769 0.707106769 0
vn -0.707106769 0.707106769 0
vn -0.707106769 0.707106769 0
vn 0.707106769 -0.707106769 0
vn 0.707106769 -0.707106769 0
vn 0.707106769 -0.707106769 0
vn 0.707106769 -0.707106769 0
vn 0.707106769 0.707106769 0
vn 0.707106769 0.707106769 0
vn 0.707106769 0.707106769 0
vn 0.707106769 0.707106769 0
vn -0.577350259 -0.577350259 -0.577350259
vn -0.577350259 -0.577350259 -0.577350259
vn -0.577350259 -0.577350259 -0.577350259
vn -0.577350259 -0.577350259 0.577350259
vn -0.577350259 -0.577350259 0.577350259
vn -0.577350259 -0.577350259 0.577350259
vn -0.577350259 0.577350259 -0.577350259
vn -0.577350259 0.577350259 -0.577350259
vn -0.577350259 0.577350259 -0.577350259
vn -0.577350259 0.577350259 0.577350259
vn -0.577350259 0.577350259 0.577350259
vn -0.577350259 0.577350259 0.577350259
vn 0.577350259 -0.577350259 -0.577350259
vn 0.577350259 -0.577350259 -0.577350259
vn 0.577350259 -0.577350259 -0.577350259
vn 0.577350259 -0.577350259 0.577350259
vn 0.577350259 -0.577350259 0.577350259
vn 0.577350259 -0.577350259 0.577350259
vn 0.577350259 0.577350259 -0.577350259
vn 0.577350259 0.577350259 -0.577350259
vn 0.577350259 0.577350259 -0.577350259
vn 0.577350259 0.577350259 0.577350259
vn 0.577350259 0.577350259 0.577350259
vn 0.577350259 0.577350259 0.577350259
vn -1 0 0
vn -1 0 0
vn -1 0 0
vn -1 0 0
vn 1 0 0
vn 1 0 0
vn 1 0 0
vn 1 0 0
vn 0 -1 0
vn 0 -1 0
vn 0 -1 0
vn 0 -1 0
vn 0 1 0
vn 0 1 0
vn 0 1 0
vn 0 1 0
vn 0 0 -1
vn 0 0 -1
vn 0 0 -1
vn 0 0 -1
vn 0 0 1
vn 0 0 1
vn 0 0 1
vn 0 0 1
vn 0 -0.707106769 -0.707106769
vn 0 -0.707106769 -0.707106769
vn 0 -0.707106769 -0.707106769
vn 0 -0.707106769 -0.707106769
vn 0 -0.707106769 0.707106769
vn 0 -0.707106769 0.707106769
vn 0 -0.707106769 0.707106769
vn 0 -0.707106769 0.707106769
vn 0 0.707106769 -0.707106769
vn 0 0.707106769 -0.707106769
vn 0 0.707106769 -0.707106769
vn 0 0.707106769 -0.707106769
vn 0 0.707106769 0.707106769
vn 0 0.707106769 0.707106769
vn 0 0.707106769 0.707106769
vn 0 0.707106769 0.707106769
vn -0.707106769 0 -0.707106769
vn -0.707106769 0 -0.707106769
vn -0.707106769 0 -0.707106769
vn -0.707106769 0 -0.707106769
vn -0.707106769 0 0.707106769
vn -0.707106769 0 0.707106769
vn -0.707106769 0 0.707106769
vn -0.707106769 0 0.707106769
vn 0.707106769 0 -0.707106769
vn 0.707106769 0 -0.707106769
vn 0.707106769 0 -0.707106769
vn 0.707106769 0 -0.707106769
vn 0.707106769 0 0.707106769
vn 0.707106769 0 0.707106769
vn 0.707106769 0 0.707106769
vn 0.707106769 0 0.707106769
vn -0.707106769 -0.707106769 0
vn -0.707106769 -0.707106769 0
vn -0.707106769 -0.707106769 0
vn -0.707106769 -0.707106769 0
vn -0.707106769 0.707106769 0
vn -0.707106769 0.707106769 0
vn -0.707106769 0.707106769 0
vn -0.707106769 0.707106769 0
vn 0.707106769 -0.707106769 0
vn 0.707106769 -0.707106769 0
vn 0.707106769 -0.707106769 0
vn 0.707106769 -0.707106769 0
vn 0.707106769 0.707106769 0
vn 0.707106769 0.707106769 0
vn 0.707106769 0.707106769 0
vn 0.707106769 0.707106769 0
vn -0.577350259 -0.577350259 -0.577350259
vn -0.577350259 -0.577350259 -0.577350259
vn -0.577350259 -0.577350259 -0.577350259
vn -0.577350259 -0.577350259 0.577350259
vn -0.577350259 -0.577350259 0.577350259
vn -0.577350259 -0.577350259 0.577350259
vn -0.577350259 0.577350259 -0.577350259
vn -0.577350259 0.577350259 -0.577350259
vn -0.577350259 0.577350259 -0.577350259
vn -0.577350259 0.577350259 0.577350259
vn -0.577350259 0.577350259 0.577350259
vn -0.577350259 0.577350259 0.577350259
vn 0.577350259 -0.577350259 -0.577350259
vn 0.577350259 -0.577350259 -0.577350259
vn 0.577350259 -0.577350259 -0.577350259
vn 0.577350259 -0.577350259 0.577350259
vn 0.577350259 -0.577350259 0.577350259
vn 0.577350259 -0.577350259 0.577350259
vn 0.577350259 0.577350259 -0.577350259
vn 0.577350259 0.577350259 -0.577350259
vn 0.577350259 0.577350259 -0.577350259
vn 0.577350259 0.577350259 0.577350259
vn 0.577350259 0.577350259 0.577350259
vn 0.577350259 0.577350259 0.577350259
vn -1 0 0
vn -1 0 0
vn -1 0 0
vn -1 0 0
vn 1 0 0
vn 1 0 0
vn 1 0 0
vn 1 0 0
vn 0 -1 0
vn 0 -1 0
vn 0 -1 0
vn 0 -1 0
vn 0 1 0
vn 0 1 0
vn 0 1 0
vn 0 1 0
vn 0 0 -1
vn 0 0 -1
vn 0 0 -1
vn 0 0 -1
vn 0 0 1
vn 0 0 1
vn 0 0 1
vn 0 0 1
vn 0 -0.707106769 -0.707106769
vn 0 -0.707106769 -0.707106769
vn 0 -0.707106769 -0.707106769
vn 0 -0.707106769 -0.707106769
vn 0 -0.707106769 0.707106769
vn 0 -0.707106769 0.707106769
vn 0 -0.707106769 0.707106769
vn 0 -0.707106769 0.707106769
vn 0 0.707106769 -0.707106769
vn 0 0.707106769 -0.707106769
vn 0 0.707106769 -0.707106769
vn 0 0.707106769 -0.707106769
vn 0 0.707106769 0.707106769
vn 0 0.707106769 0.707106769
vn 0 0.707106769 0.707106769
vn 0 0.707106769 0.707106769
vn -0.707106769 0 -0.707106769
vn -0.707106769 0 -0.707106769
vn -0.707106769 0 -0.707106769
vn -0.707106769 0 -0.707106769
vn -0.707106769 0 0.707106769
vn -0.707106769 0 0.707106769
vn -0.707106769 0 0.707106769
vn -0.707106769 0 0.707106769
vn 0.707106769 0 -0.707106769
vn 0.707106769 0 -0.707106769
vn 0.707106769 0 -0.707106769
vn 0.707106769 0 -0.707106769
vn 0.707106769 0 0.707106769
vn 0.707106769 0 0.707106769
vn 0.707106769 0 0.707106769
vn 0.707106769 0 0.707106769
vn -0.707106769 -0.707106769 0
vn -0.707106769 -0.707106769 0
vn -0.707106769 -0.707106769 0
vn -0.707106769 -0.707106769 0
vn -0.707106769 0.707106769 0
vn -0.707106769 0.707106769 0
vn -0.707106769 0.707106769 0
vn -0.707106769 0.707106769 0
vn 0.707106769 -0.707106769 0
vn 0.707106769 -0.707106769 0
vn 0.707106769 -0.707106769 0
vn 0.707106769 -0.707106769 0
vn 0.707106769 0.707106769 0
vn 0.707106769 0.707106769 0
vn 0.707106769 0.707106769 0
vn 0.707106769 0.707106769 0
vn -0.577350259 -0.577350259 -0.577350259
vn -0.577350259 -0.577350259 -0.577350259
vn -0.577350259 -0.577350259 -0.577350259
vn -0.577350259 -0.577350259 0.577350259
vn -0.577350259 -0.577350259 0.577350259
vn -0.577350259 -0.577350259 0.577350259
vn -0.577350259 0.577350259 -0.577350259
vn -0.577350259 0.577350259 -0.577350259
vn -0.577350259 0.577350259 -0.577350259
vn -0.577350259 0.577350259 0.577350259
vn -0.577350259 0.577350259 0.577350259
vn -0.577350259 0.577350259 0.577350259
vn 0.577350259 -0.577350259 -0.577350259
vn 0.577350259 -0.577350259 -0.577350259
vn 0.577350259 -0.577350259 -0.577350259
vn 0.577350259 -0.577350259 0.577350259
vn 0.577350259 -0.577350259 0.577350259
vn 0.577350259 -0.577350259 0.577350259
vn 0.577350259 0.577350259 -0.577350259
vn 0.577350259 0.577350259 -0.577350259
vn 0.577350259 0.577350259 -0.577350259
vn 0.577350259 0.577350259 0.577350259
vn 0.577350259 0.577350259 0.577350259
vn 0.577350259 0.577350259 0.577350259
vn -1 0 0
vn -1 0 0
vn -1 0 0
vn -1 0 0
vn 1 0 0
vn 1 0 0
vn 1 0 0
vn 1 0 0
vn 0 -1 0
vn 0 -1 0
vn 0 -1 0
vn 0 -1 0
vn 0 1 0
vn 0 1 0
vn 0 1 0
vn 0 1 0
vn 0 0 -1
vn 0 0 -1
vn 0 0 -1
vn 0 0 -1
vn 0 0 1
vn 0 0 1
vn 0 0 1
vn 0 0 1
vn 0 -0.707106769 -0.707106769
vn 0 -0.707106769 -0.707106769
vn 0 -0.707106769 -0.707106769
vn 0 -0.707106769 -0.707106769
vn 0 -0.707106769 0.707106769
vn 0 -0.707106769 0.707106769
vn 0 -0.707106769 0.707106769
vn 0 -0.707106769 0.707106769
vn 0 0.707106769 -0.707106769
vn 0 0.707106769 -0.707106769
vn 0 0.707106769 -0.707106769
vn 0 0.707106769 -0.707106769
vn 0 0.707106769 0.707106769
vn 0 0.707106769 0.707106769
vn 0 0.707106769 0.707106769
vn 0 0.707106769 0.707106769
vn -0.707106769 0 -0.707106769
vn -0.707106769 0 -0.707106769
vn -0.707106769 0 -0.707106769
vn -0.707106769 0 -0.707106769
vn -0.707106769 0 0.707106769
vn -0.707106769 0 0.707106769
vn -0.707106769 0 0.707106769
vn -0.707106769 0 0.707106769
vn 0.707106769 0 -0.707106769
vn 0.707106769 0 -0.707106769
vn 0.707106769 0 -0.707106769
vn 0.707106769 0 -0.707106769
vn 0.707106769 0 0.707106769
vn 0.707106769 0 0.707106769
vn 0.707106769 0 0.707106769
vn 0.707106769 0 0.707106769
vn -0.707106769 -0.707106769 0
vn -0.707106769 -0.707106769 0
vn -0.707106769 -0.707106769 0
vn -0.707106769 -0.707106769 0
vn -0.707106769 0.707106769 0
vn -0.707106769 0.707106769 0
vn -0.707106769 0.707106769 0
vn -0.707106769 0.707106769 0
vn 0.707106769 -0.707106769 0
vn 0.707106769 -0.707106769 0
vn 0.707106769 -0.707106769 0
vn 0.707106769 -0.707106769 0
vn 0.707106769 0.707106769 0
vn 0.707106769 0.707106769 0
vn 0.707106769 0.707106769 0
vn 0.707106769 0.707106769 0
vn -0.577350259 -0.577350259 -0.577350259
vn -0.577350259 -0.577350259 -0.577350259
vn -0.577350259 -0.577350259 -0.577350259
vn -0.577350259 -0.577350259 0.577350259
vn -0.577350259 -0.577350259 0.577350259
vn -0.577350259 -0.577350259 0.577350259
vn -0.577350259 0.577350259 -0.577350259
vn -0.577350259 0.577350259 -0.577350259
vn -0.577350259 0.577350259 -0.577350259
vn -0.577350259 0.577350259 0.577350259
vn -0.577350259 0.577350259 0.577350259
vn -0.577350259 0.577350259 0.577350259
vn 0.577350259 -0.577350259 -0.577350259
vn 0.577350259 -0.577350259 -0.577350259
vn 0.577350259 -0.577350259 -0.577350259
vn 0.577350259 -0.577350259 0.577350259
vn 0.577350259 -0.577350259 0.577350259
vn 0.577350259 -0.577350259 0.577350259
vn 0.577350259 0.577350259 -0.577350259
vn 0.577350259 0.577350259 -0.577350259
vn 0.577350259 0.577350259 -0.577350259
vn 0.577350259 0.577350259 0.577350259
vn 0.577350259 0.577350259 0.577350259
vn 0.577350259 0.577350259 0.577350259
vn -1 0 0
vn -1 0 0
vn -1 0 0
vn -1 0 0
vn 1 0 0
vn 1 0 0
vn 1 0 0
vn 1 0 0
vn 0 -1 0
vn 0 -1 0
vn 0 -1 0
vn 0 -1 0
vn 0 1 0
vn 0 1 0
vn 0 1 0
vn 0 1 0
vn 0 0 -1
vn 0 0 -1
vn 0 0 -1
vn 0 0 -1
vn 0 0 1
vn 0 0 1
vn 0 0 1
vn 0 0 1
vn 0 -0.707106769 -0.707106769
vn 0 -0.707106769 -0.707106769
vn 0 -0.707106769 -0.707106769
vn 0 -0.707106769 -0.707106769
vn 0 -0.707106769 0.707106769
vn 0 -0.707106769 0.707106769
vn 0 -0.707106769 0.707106769
vn 0 -0.707106769 0.707106769
vn 0 0.707106769 -0.707106769
vn 0 0.707106769 -0.707106769
vn 0 0.707106769 -0.707106769
vn 0 0.707106769 -0.707106769
vn 0 0.707106769 0.707106769
vn 0 0.707106769 0.707106769
vn 0 0.707106769 0.707106769
vn 0 0.707106769 0.707106769
vn -0.707106769 0 -0.707106769
vn -0.707106769 0 -0.707106769
vn -0.707106769 0 -0.707106769
vn -0.707106769 0 -0.707106769
vn -0.707106769 0 0.707106769
vn -0.707106769 0 0.707106769
vn -0.707106769 0 0.707106769
vn -0.707106769 0 0.707106769
vn 0.707106769 0 -0.707106769
vn 0.707106769 0 -0.707106769
vn 0.707106769 0 -0.707106769
vn 0.707106769 0 -0.707106769
vn 0.707106769 0 0.707106769
vn 0.707106769 0 0.707106769
vn 0.707106769 0 0.707106769
vn 0.707106769 0 0.707106769
vn -0.707106769 -0.707106769 0
vn -0.707106769 -0.707106769 0
vn -0.707106769 -0.707106769 0
vn -0.707106769 -0.707106769 0
vn -0.707106769 0.707106769 0
vn -0.707106769 0.707106769 0
vn -0.707106769 0.707106769 0
vn -0.707106769 0.707106769 0
vn 0.707106769 -0.707106769 0
vn 0.707106769 -0.707106769 0
vn 0.707106769 -0.707106769 0
vn 0.707106769 -0.707106769 0
vn 0.707106769 0.707106769 0
vn 0.707106769 0.707106769 0
vn 0.707106769 0.707106769 0
vn 0.707106769 0.707106769 0
vn -0.577350259 -0.577350259 -0.577350259
vn -0.577350259 -0.577350259 -0.577350259
vn -0.577350259 -0.577350259 -0.577350259
vn -0.577350259 -0.577350259 0.577350259
vn -0.577350259 -0.577350259 0.577350259
vn -0.577350259 -0.577350259 0.577350259
vn -0.577350259 0.577350259 -0.577350259
vn -0.577350259 0.577350259 -0.577350259
vn -0.577350259 0.577350259 -0.577350259
vn -0.577350259 0.577350259 0.577350259
vn -0.577350259 0.577350259 0.577350259
vn -0.577350259 0.577350259 0.577350259
vn 0.577350259 -0.577350259 -0.577350259
vn 0.577350259 -0.577350259 -0.577350259
vn 0.577350259 -0.577350259 -0.577350259
vn 0.577350259 -0.577350259 0.577350259
vn 0.577350259 -0.577350259 0.577350259
vn 0.577350259 -0.577350259 0.577350259
vn 0.577350259 0.577350259 -0.577350259
vn 0.577350259 0.577350259 -0.577350259
vn 0.577350259 0.577350259 -0.577350259
vn 0.577350259 0.577350259 0.577350259
vn 0.577350259 0.577350259 0.577350259
vn 0.577350259 0.577350259 0.577350259
vn -1 0 0
vn -1 0 0
vn -1 0 0
vn -1 0 0
vn 1 0 0
vn 1 0 0
vn 1 0 0
vn 1 0 0
vn 0 -1 0
vn 0 -1 0
vn 0 -1 0
vn 0 -1 0
vn 0 1 0
vn 0 1 0
vn 0 1 0
vn 0 1 0
vn 0 0 -1
vn 0 0 -1
vn 0 0 -1
vn 0 0 -1
vn 0 0 1
vn 0 0 1
vn 0 0 1
vn 0 0 1
vn 0 -0.707106769 -0.707106769
vn 0 -0.707106769 -0.707106769
vn 0 -0.707106769 -0.707106769
vn 0 -0.707106769 -0.707106769
vn 0 -0.707106769 0.707106769
vn 0 -0.707106769 0.707106769
vn 0 -0.707106769 0.707106769
vn 0 -0.707106769 0.707106769
vn 0 0.707106769 -0.707106769
vn 0 0.707106769 -0.707106769
vn 0 0.707106769 -0.707106769
vn 0 0.707106769 -0.707106769
vn 0 0.707106769 0.707106769
vn 0 0.707106769 0.707106769
vn 0 0.707106769 0.707106769
vn 0 0.707106769 0.707106769
vn -0.707106769 0 -0.707106769
vn -0.707106769 0 -0.707106769
vn -0.707106769 0 -0.707106769
vn -0.707106769 0 -0.707106769
vn -0.707106769 0 0.707106769
vn -0.707106769 0 0.707106769
vn -0.707106769 0 0.707106769
vn -0.707106769 0 0.707106769
vn 0.707106769 0 -0.707106769
vn 0.707106769 0 -0.707106769
vn 0.707106769 0 -0.707106769
vn 0.707106769 0 -0.707106769
vn 0.707106769 0 0.707106769
vn 0.707106769 0 0.707106769
vn 0.707106769 0 0.707106769
vn 0.707106769 0 0.707106769
vn -0.707106769 -0.707106769 0
vn -0.707106769 -0.707106769 0
vn -0.707106769 -0.707106769 0
vn -0.707106769 -0.707106769 0
vn -0.707106769 0.707106769 0
vn -0.707106769 0.707106769 0
vn -0.707106769 0.707106769 0
vn -0.707106769 0.707106769 0
vn 0.707106769 -0.707106769 0
vn 0.707106769 -0.707106769 0
vn 0.707106769 -0.707106769 0
vn 0.707106769 -0.707106769 0
vn 0.707106769 0.707106769 0
vn 0.707106769 0.707106769 0
vn 0.707106769 0.707106769 0
vn 0.707106769 0.707106769 0
vn -0.577350259 -0.577350259 -0.577350259
vn -0.577350259 -0.577350259 -0.577350259
vn -0.577350259 -0.577350259 -0.577350259
vn -0.577350259 -0.577350259 0.577350259
vn -0.577350259 -0.577350259 0.577350259
vn -0.577350259 -0.577350259 0.577350259
vn -0.577350259 0.577350259 -0.577350259
vn -0.577350259 0.577350259 -0.577350259
vn -0.577350259 0.577350259 -0.577350259
vn -0.577350259 0.577350259 0.577350259
vn -0.577350259 0.577350259 0.577350259
vn -0.577350259 0.577350259 0.577350259
vn 0.577350259 -0.577350259 -0.577350259
vn 0.577350259 -0.577350259 -0.577350259
vn 0.577350259 -0.577350259 -0.577350259
vn 0.577350259 -0.577350259 0.577350259
vn 0.577350259 -0.577350259 0.577350259
vn 0.577350259 -0.577350259 0.577350259
vn 0.577350259 0.577350259 -0.577350259
vn 0.577350259 0.577350259 -0.577350259
vn 0.577350259 0.577350259 -0.577350259
vn 0.577350259 0.577350259 0.577350259
vn 0.577350259 0.577350259 0.577350259
vn 0.577350259 0.577350259 0.577350259
vn -1 0 0
vn -1 0 0
vn -1 0 0
vn -1 0 0
vn 1 0 0
vn 1 0 0
vn 1 0 0
vn 1 0 0
vn 0 -1 0
vn 0 -1 0
vn 0 -1 0
vn 0 -1 0
vn 0 1 0
vn 0 1 0
vn 0 1 0
vn 0 1 0
vn 0 0 -1
vn 0 0 -1
vn 0 0 -1
vn 0 0 -1
vn 0 0 1
vn 0 0 1
vn 0 0 1
vn 0 0 1
vn 0 -0.707106769 -0.707106769
vn 0 -0.707106769 -0.707106769
vn 0 -0.707106769 -0.707106769
vn 0 -0.707106769 -0.707106769
vn 0 -0.707106769 0.707106769
vn 0 -0.707106769 0.707106769
vn 0 -0.707106769 0.707106769
vn 0 -0.707106769 0.707106769
vn 0 0.707106769 -0.707106769
vn 0 0.707106769 -0.707106769
vn 0 0.707106769 -0.707106769
vn 0 0.707106769 -0.707106769
vn 0 0.707106769 0.707106769
vn 0 0.707106769 0.707106769
vn 0 0.707106769 0.707106769
vn 0 0.707106769 0.707106769
vn -0.707106769 0 -0.707106769
vn -0.707106769 0 -0.707106769
vn -0.707106769 0 -0.707106769
vn -0.707106769 0 -0.707106769
vn -0.707106769 0 0.707106769
vn -0.707106769 0 0.707106769
vn -0.707106769 0 0.707106769
vn -0.707106769 0 0.707106769
vn 0.707106769 0 -0.707106769
vn 0.707106769 0 -0.707106769
vn 0.707106769 0 -0.707106769
vn 0.707106769 0 -0.707106769
vn 0.707106769 0 0.707106769
vn 0.707106769 0 0.707106769
vn 0.707106769 0 0.707106769
vn 0.707106769 0 0.707106769
vn -0.707106769 -0.707106769 0
vn -0.707106769 -0.707106769 0
vn -0.707106769 -0.707106769 0
vn -0.707106769 -0.707106769 0
vn -0.707106769 0.707106769 0
vn -0.707106769 0.707106769 0
vn -0.707106769 0.707106769 0
vn -0.707106769 0.707106769 0
vn 0.707106769 -0.707106769 0
vn 0.707106769 -0.707106769 0
vn 0.707106769 -0.707106769 0
vn 0.707106769 -0.707106769 0
vn 0.707106769 0.707106769 0
vn 0.707106769 0.707106769 0
vn 0.707106769 0.707106769 0
vn 0.707106769 0.707106769 0
vn -0.577350259 -0.577350259 -0.577350259
vn -0.577350259 -0.577350259 -0.577350259
vn -0.577350259 -0.577350259 -0.577350259
vn -0.577350259 -0.577350259 0.577350259
vn -0.577350259 -0.577350259 0.577350259
vn -0.577350259 -0.577350259 0.577350259
vn -0.577350259 0.577350259 -0.577350259
vn -0.577350259 0.577350259 -0.577350259
vn -0.577350259 0.577350259 -0.577350259
vn -0.577350259 0.577350259 0.577350259
vn -0.577350259 0.577350259 0.577350259
vn -0.577350259 0.577350259 0.577350259
vn 0.577350259 -0.577350259 -0.577350259
vn 0.577350259 -0.577350259 -0.577350259
vn 0.577350259 -0.577350259 -0.577350259
vn 0.577350259 -0.577350259 0.577350259
vn 0.577350259 -0.577350259 0.577350259
vn 0.577350259 -0.577350259 0.577350259
vn 0.577350259 0.577350259 -0.577350259
vn 0.577350259 0.577350259 -0.577350259
vn 0.577350259 0.577350259 -0.577350259
vn 0.577350259 0.577350259 0.577350259
vn 0.577350259 0.577350259 0.577350259
vn 0.577350259 0.577350259 0.577350259
vn -1 0 0
vn -1 0 0
vn -1 0 0
vn -1 0 0
vn 1 0 0
vn 1 0 0
vn 1 0 0
vn 1 0 0
vn 0 -1 0
vn 0 -1 0
vn 0 -1 0
vn 0 -1 0
vn 0 1 0
vn 0 1 0
vn 0 1 0
vn 0 1 0
vn 0 0 -1
vn 0 0 -1
vn 0 0 -1
vn 0 0 -1
vn 0 0 1
vn 0 0 1
vn 0 0 1
vn 0 0 1
vn 0 -0.707106769 -0.707106769
vn 0 -0.707106769 -0.707106769
vn 0 -0.707106769 -0.707106769
vn 0 -0.707106769 -0.707106769
vn 0 -0.707106769 0.707106769
vn 0 -0.707106769 0.707106769
vn 0 -0.707106769 0.707106769
vn 0 -0.707106769 0.707106769
vn 0 0.707106769 -0.707106769
vn 0 0.707106769 -0.707106769
vn 0 0.707106769 -0.707106769
vn 0 0.707106769 -0.707106769
vn 0 0.707106769 0.707106769
vn 0 0.707106769 0.707106769
vn 0 0.707106769 0.707106769
vn 0 0.707106769 0.707106769
vn -0.707106769 0 -0.707106769
vn -0.707106769 0 -0.707106769
vn -0.707106769 0 -0.707106769
vn -0.707106769 0 -0.707106769
vn -0.707106769 0 0.707106769
vn -0.707106769 0 0.707106769
vn -0.707106769 0 0.707106769
vn -0.707106769 0 0.707106769
vn 0.707106769 0 -0.707106769
vn 0.707106769 0 -0.707106769
vn 0.707106769 0 -0.707106769
vn 0.707106769 0 -0.707106769
vn 0.707106769 0 0.707106769
vn 0.707106769 0 0.707106769
vn 0.707106769 0 0.707106769
vn 0.707106769 0 0.707106769
vn -0.707106769 -0.707106769 0
vn -0.707106769 -0.707106769 0
vn -0.707106769 -0.707106769 0
vn -0.707106769 -0.707106769 0
vn -0.707106769 0.707106769 0
vn -0.707106769 0.707106769 0
vn -0.707106769 0.707106769 0
vn -0.707106769 0.707106769 0
vn 0.707106769 -0.707106769 0
vn 0.707106769 -0.707106769 0
vn 0.707106769 -0.707106769 0
vn 0.707106769 -0.707106769 0
vn 0.707106769 0.707106769 0
vn 0.707106769 0.707106769 0
vn 0.707106769 0.707106769 0
vn 0.707106769 0.707106769 0
vn -0.577350259 -0.577350259 -0.577350259
vn -0.577350259 -0.577350259 -0.577350259
vn -0.577350259 -0.577350259 -0.577350259
vn -0.577350259 -0.577350259 0.577350259
vn -0.577350259 -0.577350259 0.577350259
vn -0.577350259 -0.577350259 0.577350259
vn -0.577350259 0.577350259 -0.577350259
vn -0.577350259 0.577350259 -0.577350259
vn -0.577350259 0.577350259 -0.577350259
vn -0.577350259 0.577350259 0.577350259
vn -0.577350259 0.577350259 0.577350259
vn -0.577350259 0.577350259 0.577350259
vn 0.577350259 -0.577350259 -0.577350259
vn 0.577350259 -0.577350259 -0.577350259
vn 0.577350259 -0.577350259 -0.577350259
vn 0.577350259 -0.577350259 0.577350259
vn 0.577350259 -0.577350259 0.577350259
vn 0.577350259 -0.577350259 0.577350259
vn 0.577350259 0.577350259 -0.577350259
vn 0.577350259 0.577350259 -0.577350259
vn 0.577350259 0.577350259 -0.577350259
vn 0.577350259 0.577350259 0.577350259
vn 0.577350259 0.577350259 0.577350259
vn 0.577350259 0.577350259 0.577350259
vn 0 -1 0
vn 0 -1 0
vn 0 -0.866025388 0.5
vn 0 -0.866025388 0.5
vn 0 -0.5 0.866025388
vn 0 -0.5 0.866025388
vn 0 0 1
vn 0 0 1
vn 0 0.5 0.866025388
vn 0 0.5 0.866025388
vn 0 0.866025388 0.5
vn 0 0.866025388 0.5
vn 0 1 0
vn 0 1 0
vn 0 0.866025388 -0.5
vn 0 0.866025388 -0.5
vn 0 0.5 -0.866025388
vn 0 0.5 -0.866025388
vn 0 0 -1
vn 0 0 -1
vn 0 -0.5 -0.866025388
vn 0 -0.5 -0.866025388
vn 0 -0.866025388 -0.5
vn 0 -0.866025388 -0.5
vn 0 -1 0
vn 0 -1 0
vn -1 0 0
vn -1 0 0
vn -1 0 0
vn -1 0 0
vn -1 0 0
vn -1 0 0
vn -1 0 0
vn -1 0 0
vn -1 0 0
vn -1 0 0
vn -1 0 0
vn -1 0 0
vn 1 0 0
vn 1 0 0
vn 1 0 0
vn 1 0 0
vn 1 0 0
vn 1 0 0
vn 1 0 0
vn 1 0 0
vn 1 0 0
vn 1 0 0
vn 1 0 0
vn 1 0 0
vn -1 0 0
vn -1 0 0
vn -1 0 0
vn -1 0 0
vn 1 0 0
vn 1 0 0
vn 1 0 0
vn 1 0 0
vn 0 -1 0
vn 0 -1 0
vn 0 -1 0
vn 0 -1 0
vn 0 1 0
vn 0 1 0
vn 0 1 0
vn 0 1 0
vn 0 0 -1
vn 0 0 -1
vn 0 0 -1
vn 0 0 -1
vn 0 0 1
vn 0 0 1
vn 0 0 1
vn 0 0 1
vn 0 -0.707106769 -0.707106769
vn 0 -0.707106769 -0.707106769
vn 0 -0.707106769 -0.707106769
vn 0 -0.707106769 -0.707106769
vn 0 -0.707106769 0.707106769
vn 0 -0.707106769 0.707106769
vn 0 -0.707106769 0.707106769
vn 0 -0.707106769 0.707106769
vn 0 0.707106769 -0.707106769
vn 0 0.707106769 -0.707106769
vn 0 0.707106769 -0.707106769
vn 0 0.707106769 -0.707106769
vn 0 0.707106769 0.707106769
vn 0 0.707106769 0.707106769
vn 0 0.707106769 0.707106769
vn 0 0.707106769 0.707106769
vn -0.707106769 0 -0.707106769
vn -0.707106769 0 -0.707106769
vn -0.707106769 0 -0.707106769
vn -0.707106769 0 -0.707106769
vn -0.707106769 0 0.707106769
vn -0.707106769 0 0.707106769
vn -0.707106769 0 0.707106769
vn -0.707106769 0 0.707106769
vn 0.707106769 0 -0.707106769
vn 0.707106769 0 -0.707106769
vn 0.707106769 0 -0.707106769
vn 0.707106769 0 -0.707106769
vn 0.707106769 0 0.707106769
vn 0.707106769 0 0.707106769
vn 0.707106769 0 0.707106769
vn 0.707106769 0 0.707106769
vn -0.707106769 -0.707106769 0
vn -0.707106769 -0.707106769 0
vn -0.707106769 -0.707106769 0
vn -0.707106769 -0.707106769 0
vn -0.707106769 0.707106769 0
vn -0.707106769 0.707106769 0
vn -0.707106769 0.707106769 0
vn -0.707106769 0.707106769 0
vn 0.707106769 -0.707106769 0
vn 0.707106769 -0.707106769 0
vn 0.707106769 -0.707106769 0
vn 0.707106769 -0.707106769 0
vn 0.707106769 0.707106769 0
vn 0.707106769 0.707106769 0
vn 0.707106769 0.707106769 0
vn 0.707106769 0.707106769 0
vn -0.577350259 -0.577350259 -0.577350259
vn -0.577350259 -0.577350259 -0.577350259
vn -0.577350259 -0.577350259 -0.577350259
vn -0.577350259 -0.577350259 0.577350259
vn -0.577350259 -0.577350259 0.577350259
vn -0.577350259 -0.577350259 0.577350259
vn -0.577350259 0.577350259 -0.577350259
vn -0.577350259 0.577350259 -0.577350259
vn -0.577350259 0.577350259 -0.577350259
vn -0.577350259 0.577350259 0.577350259
vn -0.577350259 0.577350259 0.577350259
vn -0.577350259 0.577350259 0.577350259
vn 0.577350259 -0.577350259 -0.577350259
vn 0.577350259 -0.577350259 -0.577350259
vn 0.577350259 -0.577350259 -0.577350259
vn 0.577350259 -0.577350259 0.577350259
vn 0.577350259 -0.577350259 0.577350259
vn 0.577350259 -0.577350259 0.577350259
vn 0.577350259 0.577350259 -0.577350259
vn 0.577350259 0.577350259 -0.577350259
vn 0.577350259 0.577350259 -0.577350259
vn 0.577350259 0.577350259 0.577350259
vn 0.577350259 0.577350259 0.577350259
vn 0.577350259 0.577350259 0.577350259
vn -1 0 0
vn -1 0 0
vn -1 0 0
vn -1 0 0
vn 1 0 0
vn 1 0 0
vn 1 0 0
vn 1 0 0
vn 0 -1 0
vn 0 -1 0
vn 0 -1 0
vn 0 -1 0
vn 0 1 0
vn 0 1 0
vn 0 1 0
vn 0 1 0
vn 0 0 -1
vn 0 0 -1
vn 0 0 -1
vn 0 0 -1
vn 0 0 1
vn 0 0 1
vn 0 0 1
vn 0 0 1
vn 0 -0.707106769 -0.707106769
vn 0 -0.707106769 -0.707106769
vn 0 -0.707106769 -0.707106769
vn 0 -0.707106769 -0.707106769
vn 0 -0.707106769 0.707106769
vn 0 -0.707106769 0.707106769
vn 0 -0.707106769 0.707106769
vn 0 -0.707106769 0.707106769
vn 0 0.707106769 -0.707106769
vn 0 0.707106769 -0.707106769
vn 0 0.707106769 -0.707106769
vn 0 0.707106769 -0.707106769
vn 0 0.707106769 0.707106769
vn 0 0.707106769 0.707106769
vn 0 0.707106769 0.707106769
vn 0 0.707106769 0.707106769
vn -0.707106769 0 -0.707106769
vn -0.707106769 0 -0.707106769
vn -0.707106769 0 -0.707106769
vn -0.707106769 0 -0.707106769
vn -0.707106769 0 0.707106769
vn -0.707106769 0 0.707106769
vn -0.707106769 0 0.707106769
vn -0.707106769 0 0.707106769
vn 0.707106769 0 -0.707106769
vn 0.707106769 0 -0.707106769
vn 0.707106769 0 -0.707106769
vn 0.707106769 0 -0.707106769
vn 0.707106769 0 0.707106769
vn 0.707106769 0 0.707106769
vn 0.707106769 0 0.707106769
vn 0.707106769 0 0.707106769
vn -0.707106769 -0.707106769 0
vn -0.707106769 -0.707106769 0
vn -0.707106769 -0.707106769 0
vn -0.707106769 -0.707106769 0
vn -0.707106769 0.707106769 0
vn -0.707106769 0.707106769 0
vn -0.707106769 0.707106769 0
vn -0.707106769 0.707106769 0
vn 0.707106769 -0.707106769 0
vn 0.707106769 -0.707106769 0
vn 0.707106769 -0.707106769 0
vn 0.707106769 -0.707106769 0
vn 0.707106769 0.707106769 0
vn 0.707106769 0.707106769 0
vn 0.707106769 0.707106769 0
vn 0.707106769 0.707106769 0
vn -0.577350259 -0.577350259 -0.577350259
vn -0.577350259 -0.577350259 -0.577350259
vn -0.577350259 -0.577350259 -0.577350259
vn -0.577350259 -0.577350259 0.577350259
vn -0.577350259 -0.577350259 0.577350259
vn -0.577350259 -0.577350259 0.577350259
vn -0.577350259 0.577350259 -0.577350259
vn -0.577350259 0.577350259 -0.577350259
vn -0.577350259 0.577350259 -0.577350259
vn -0.577350259 0.577350259 0.577350259
vn -0.577350259 0.577350259 0.577350259
vn -0.577350259 0.577350259 0.577350259
vn 0.577350259 -0.577350259 -0.577350259
vn 0.577350259 -0.577350259 -0.577350259
vn 0.577350259 -0.577350259 -0.577350259
vn 0.577350259 -0.577350259 0.577350259
vn 0.577350259 -0.577350259 0.577350259
vn 0.577350259 -0.577350259 0.577350259
vn 0.577350259 0.577350259 -0.577350259
vn 0.577350259 0.577350259 -0.577350259
vn 0.577350259 0.577350259 -0.577350259
vn 0.577350259 0.577350259 0.577350259
vn 0.577350259 0.577350259 0.577350259
vn 0.577350259 0.577350259 0.577350259
vn -1 0 0
vn -1 0 0
vn -1 0 0
vn -1 0 0
vn 1 0 0
vn 1 0 0
vn 1 0 0
vn 1 0 0
vn 0 -1 0
vn 0 -1 0
vn 0 -1 0
vn 0 -1 0
vn 0 1 0
vn 0 1 0
vn 0 1 0
vn 0 1 0
vn 0 0 -1
vn 0 0 -1
vn 0 0 -1
vn 0 0 -1
vn 0 0 1
vn 0 0 1
vn 0 0 1
vn 0 0 1
vn 0 -0.707106769 -0.707106769
vn 0 -0.707106769 -0.707106769
vn 0 -0.707106769 -0.707106769
vn 0 -0.707106769 -0.707106769
vn 0 -0.707106769 0.707106769
vn 0 -0.707106769 0.707106769
vn 0 -0.707106769 0.707106769
vn 0 -0.707106769 0.707106769
vn 0 0.707106769 -0.707106769
vn 0 0.707106769 -0.707106769
vn 0 0.707106769 -0.707106769
vn 0 0.707106769 -0.707106769
vn 0 0.707106769 0.707106769
vn 0 0.707106769 0.707106769
vn 0 0.707106769 0.707106769
vn 0 0.707106769 0.707106769
vn -0.707106769 0 -0.707106769
vn -0.707106769 0 -0.707106769
vn -0.707106769 0 -0.707106769
vn -0.707106769 0 -0.707106769
vn -0.707106769 0 0.707106769
vn -0.707106769 0 0.707106769
vn -0.707106769 0 0.707106769
vn -0.707106769 0 0.707106769
vn 0.707106769 0 -0.707106769
vn 0.707106769 0 -0.707106769
vn 0.707106769 0 -0.707106769
vn 0.707106769 0 -0.707106769
vn 0.707106769 0 0.707106769
vn 0.707106769 0 0.707106769
vn 0.707106769 0 0.707106769
vn 0.707106769 0 0.707106769
vn -0.707106769 -0.707106769 0
vn -0.707106769 -0.707106769 0
vn -0.707106769 -0.707106769 0
vn -0.707106769 -0.707106769 0
vn -0.707106769 0.707106769 0
vn -0.707106769 0.707106769 0
vn -0.707106769 0.707106769 0
vn -0.707106769 0.707106769 0
vn 0.707106769 -0.707106769 0
vn 0.707106769 -0.707106769 0
vn 0.707106769 -0.707106769 0
vn 0.707106769 -0.707106769 0
vn 0.707106769 0.707106769 0
vn 0.707106769 0.707106769 0
vn 0.707106769 0.707106769 0
vn 0.707106769 0.707106769 0
vn -0.577350259 -0.577350259 -0.577350259
vn -0.577350259 -0.577350259 -0.577350259
vn -0.577350259 -0.577350259 -0.577350259
vn -0.577350259 -0.577350259 0.577350259
vn -0.577350259 -0.577350259 0.577350259
vn -0.577350259 -0.577350259 0.577350259
vn -0.577350259 0.577350259 -0.577350259
vn -0.577350259 0.577350259 -0.577350259
vn -0.577350259 0.577350259 -0.577350259
vn -0.577350259 0.577350259 0.577350259
vn -0.577350259 0.577350259 0.577350259
vn -0.577350259 0.577350259 0.577350259
vn 0.577350259 -0.577350259 -0.577350259
vn 0.577350259 -0.577350259 -0.577350259
vn 0.577350259 -0.577350259 -0.577350259
vn 0.577350259 -0.577350259 0.577350259
vn 0.577350259 -0.577350259 0.577350259
vn 0.577350259 -0.577350259 0.577350259
vn 0.577350259 0.577350259 -0.577350259
vn 0.577350259 0.577350259 -0.577350259
vn 0.577350259 0.577350259 -0.577350259
vn 0.577350259 0.577350259 0.577350259
vn 0.577350259 0.577350259 0.577350259
vn 0.577350259 0.577350259 0.577350259
vn 1 0 0
vn 1 0 0
vn 0.866025388 0 0.5
vn 0.866025388 0 0.5
vn 0.5 0 0.866025388
vn 0.5 0 0.866025388
vn 0 0 1
vn 0 0 1
vn -0.5 0 0.866025388
vn -0.5 0 0.866025388
vn -0.866025388 0 0.5
vn -0.866025388 0 0.5
vn -1 0 0
vn -1 0 0
vn -0.866025388 0 -0.5
vn -0.866025388 0 -0.5
vn -0.5 0 -0.866025388
vn -0.5 0 -0.866025388
vn 0 0 -1
vn 0 0 -1
vn 0.5 0 -0.866025388
vn 0.5 0 -0.866025388
vn 0.866025388 0 -0.5
vn 0.866025388 0 -0.5
vn 1 0 0
vn 1 0 0
vn 0 -1 0
vn 0 -1 0
vn 0 -1 0
vn 0 -1 0
vn 0 -1 0
vn 0 -1 0
vn 0 -1 0
vn 0 -1 0
vn 0 -1 0
vn 0 -1 0
vn 0 -1 0
vn 0 -1 0
vn 0 1 0
vn 0 1 0
vn 0 1 0
vn 0 1 0
vn 0 1 0
vn 0 1 0
vn 0 1 0
vn 0 1 0
vn 0 1 0
vn 0 1 0
vn 0 1 0
vn 0 1 0
vn -1 0 0
vn -1 0 0
vn -1 0 0
vn -1 0 0
vn 1 0 0
vn 1 0 0
vn 1 0 0
vn 1 0 0
vn 0 -1 0
vn 0 -1 0
vn 0 -1 0
vn 0 -1 0
vn 0 1 0
vn 0 1 0
vn 0 1 0
vn 0 1 0
vn 0 0 -1
vn 0 0 -1
vn 0 0 -1
vn 0 0 -1
vn 0 0 1
vn 0 0 1
vn 0 0 1
vn 0 0 1
vn 0 -0.707106769 -0.707106769
vn 0 -0.707106769 -0.707106769
vn 0 -0.707106769 -0.707106769
vn 0 -0.707106769 -0.707106769
vn 0 -0.707106769 0.707106769
vn 0 -0.707106769 0.707106769
vn 0 -0.707106769 0.707106769
vn 0 -0.707106769 0.707106769
vn 0 0.707106769 -0.707106769
vn 0 0.707106769 -0.707106769
vn 0 0.707106769 -0.707106769
vn 0 0.707106769 -0.707106769
vn 0 0.707106769 0.707106769
vn 0 0.707106769 0.707106769
vn 0 0.707106769 0.707106769
vn 0 0.707106769 0.707106769
vn -0.707106769 0 -0.707106769
vn -0.707106769 0 -0.707106769
vn -0.707106769 0 -0.707106769
vn -0.707106769 0 -0.707106769
vn -0.707106769 0 0.707106769
vn -0.707106769 0 0.707106769
vn -0.707106769 0 0.707106769
vn -0.707106769 0 0.707106769
vn 0.707106769 0 -0.707106769
vn 0.707106769 0 -0.707106769
vn 0.707106769 0 -0.707106769
vn 0.707106769 0 -0.707106769
vn 0.707106769 0 0.707106769
vn 0.707106769 0 0.707106769
vn 0.707106769 0 0.707106769
vn 0.707106769 0 0.707106769
vn -0.707106769 -0.707106769 0
vn -0.707106769 -0.707106769 0
vn -0.707106769 -0.707106769 0
vn -0.707106769 -0.707106769 0
vn -0.707106769 0.707106769 0
vn -0.707106769 0.707106769 0
vn -0.707106769 0.707106769 0
vn -0.707106769 0.707106769 0
vn 0.707106769 -0.707106769 0
vn 0.707106769 -0.707106769 0
vn 0.707106769 -0.707106769 0
vn 0.707106769 -0.707106769 0
vn 0.707106769 0.707106769 0
vn 0.707106769 0.707106769 0
vn 0.707106769 0.707106769 0
vn 0.707106769 0.707106769 0
vn -0.577350259 -0.577350259 -0.577350259
vn -0.577350259 -0.577350259 -0.577350259
vn -0.577350259 -0.577350259 -0.577350259
vn -0.577350259 -0.577350259 0.577350259
vn -0.577350259 -0.577350259 0.577350259
vn -0.577350259 -0.577350259 0.577350259
vn -0.577350259 0.577350259 -0.577350259
vn -0.577350259 0.577350259 -0.577350259
vn -0.577350259 0.577350259 -0.577350259
vn -0.577350259 0.577350259 0.577350259
vn -0.577350259 0.577350259 0.577350259
vn -0.577350259 0.577350259 0.577350259
vn 0.577350259 -0.577350259 -0.577350259
vn 0.577350259 -0.577350259 -0.577350259
vn 0.577350259 -0.577350259 -0.577350259
vn 0.577350259 -0.577350259 0.577350259
vn 0.577350259 -0.577350259 0.577350259
vn 0.577350259 -0.577350259 0.577350259
vn 0.577350259 0.577350259 -0.577350259
vn 0.577350259 0.577350259 -0.577350259
vn 0.577350259 0.577350259 -0.577350259
vn 0.577350259 0.577350259 0.577350259
vn 0.577350259 0.577350259 0.577350259
vn 0.577350259 0.577350259 0.577350259
vn 0 -1 0
vn 0 -1 0
vn 0 -0.866025388 0.5
vn 0 -0.866025388 0.5
vn 0 -0.5 0.866025388
vn 0 -0.5 0.866025388
vn 0 0 1
vn 0 0 1
vn 0 0.5 0.866025388
vn 0 0.5 0.866025388
vn 0 0.866025388 0.5
vn 0 0.866025388 0.5
vn 0 1 0
vn 0 1 0
vn 0 0.866025388 -0.5
vn 0 0.866025388 -0.5
vn 0 0.5 -0.866025388
vn 0 0.5 -0.866025388
vn 0 0 -1
vn 0 0 -1
vn 0 -0.5 -0.866025388
vn 0 -0.5 -0.866025388
vn 0 -0.866025388 -0.5
vn 0 -0.866025388 -0.5
vn 0 -1 0
vn 0 -1 0
vn -1 0 0
vn -1 0 0
vn -1 0 0
vn -1 0 0
vn -1 0 0
vn -1 0 0
vn -1 0 0
vn -1 0 0
vn -1 0 0
vn -1 0 0
vn -1 0 0
vn -1 0 0
vn 1 0 0
vn 1 0 0
vn 1 0 0
vn 1 0 0
vn 1 0 0
vn 1 0 0
vn 1 0 0
vn 1 0 0
vn 1 0 0
vn 1 0 0
vn 1 0 0
vn 1 0 0
vn -1 0 0
vn -1 0 0
vn -1 0 0
vn -1 0 0
vn 1 0 0
vn 1 0 0
vn 1 0 0
vn 1 0 0
vn 0 -1 0
vn 0 -1 0
vn 0 -1 0
vn 0 -1 0
vn 0 1 0
vn 0 1 0
vn 0 1 0
vn 0 1 0
vn 0 0 -1
vn 0 0 -1
vn 0 0 -1
vn 0 0 -1
vn 0 0 1
vn 0 0 1
vn 0 0 1
vn 0 0 1
vn 0 -0.707106769 -0.707106769
vn 0 -0.707106769 -0.707106769
vn 0 -0.707106769 -0.707106769
vn 0 -0.707106769 -0.707106769
vn 0 -0.707106769 0.707106769
vn 0 -0.707106769 0.707106769
vn 0 -0.707106769 0.707106769
vn 0 -0.707106769 0.707106769
vn 0 0.707106769 -0.707106769
vn 0 0.707106769 -0.707106769
vn 0 0.707106769 -0.707106769
vn 0 0.707106769 -0.707106769
vn 0 0.707106769 0.707106769
vn 0 0.707106769 0.707106769
vn 0 0.707106769 0.707106769
vn 0 0.707106769 0.707106769
vn -0.707106769 0 -0.707106769
vn -0.707106769 0 -0.707106769
vn -0.707106769 0 -0.707106769
vn -0.707106769 0 -0.707106769
vn -0.707106769 0 0.707106769
vn -0.707106769 0 0.707106769
vn -0.707106769 0 0.707106769
vn -0.707106769 0 0.707106769
vn 0.707106769 0 -0.707106769
vn 0.707106769 0 -0.707106769
vn 0.707106769 0 -0.707106769
vn 0.707106769 0 -0.707106769
vn 0.707106769 0 0.707106769
vn 0.707106769 0 0.707106769
vn 0.707106769 0 0.707106769
vn 0.707106769 0 0.707106769
vn -0.707106769 -0.707106769 0
vn -0.707106769 -0.707106769 0
vn -0.707106769 -0.707106769 0
vn -0.707106769 -0.707106769 0
vn -0.707106769 0.707106769 0
vn -0.707106769 0.707106769 0
vn -0.707106769 0.707106769 0
vn -0.707106769 0.707106769 0
vn 0.707106769 -0.707106769 0
vn 0.707106769 -0.707106769 0
vn 0.707106769 -0.707106769 0
vn 0.707106769 -0.707106769 0
vn 0.707106769 0.707106769 0
vn 0.707106769 0.707106769 0
vn 0.707106769 0.707106769 0
vn 0.707106769 0.707106769 0
vn -0.577350259 -0.577350259 -0.577350259
vn -0.577350259 -0.577350259 -0.577350259
vn -0.577350259 -0.577350259 -0.577350259
vn -0.577350259 -0.577350259 0.577350259
vn -0.577350259 -0.577350259 0.577350259
vn -0.577350259 -0.577350259 0.577350259
vn -0.577350259 0.577350259 -0.577350259
vn -0.577350259 0.577350259 -0.577350259
vn -0.577350259 0.577350259 -0.577350259
vn -0.577350259 0.577350259 0.577350259
vn -0.577350259 0.577350259 0.577350259
vn -0.577350259 0.577350259 0.577350259
vn 0.577350259 -0.577350259 -0.577350259
vn 0.577350259 -0.577350259 -0.577350259
vn 0.577350259 -0.577350259 -0.577350259
vn 0.577350259 -0.577350259 0.577350259
vn 0.577350259 -0.577350259 0.577350259
vn 0.577350259 -0.577350259 0.577350259
vn 0.577350259 0.577350259 -0.577350259
vn 0.577350259 0.577350259 -0.577350259
vn 0.577350259 0.577350259 -0.577350259
vn 0.577350259 0.577350259 0.577350259
vn 0.577350259 0.577350259 0.577350259
vn 0.577350259 0.577350259 0.577350259
vn -1 0 0
vn -1 0 0
vn -1 0 0
vn -1 0 0
vn 1 0 0
vn 1 0 0
vn 1 0 0
vn 1 0 0
vn 0 -1 0
vn 0 -1 0
vn 0 -1 0
vn 0 -1 0
vn 0 1 0
vn 0 1 0
vn 0 1 0
vn 0 1 0
vn 0 0 -1
vn 0 0 -1
vn 0 0 -1
vn 0 0 -1
vn 0 0 1
vn 0 0 1
vn 0 0 1
vn 0 0 1
vn 0 -0.707106769 -0.707106769
vn 0 -0.707106769 -0.707106769
vn 0 -0.707106769 -0.707106769
vn 0 -0.707106769 -0.707106769
vn 0 -0.707106769 0.707106769
vn 0 -0.707106769 0.707106769
vn 0 -0.707106769 0.707106769
vn 0 -0.707106769 0.707106769
vn 0 0.707106769 -0.707106769
vn 0 0.707106769 -0.707106769
vn 0 0.707106769 -0.707106769
vn 0 0.707106769 -0.707106769
vn 0 0.707106769 0.707106769
vn 0 0.707106769 0.707106769
vn 0 0.707106769 0.707106769
vn 0 0.707106769 0.707106769
vn -0.707106769 0 -0.707106769
vn -0.707106769 0 -0.707106769
vn -0.707106769 0 -0.707106769
vn -0.707106769 0 -0.707106769
vn -0.707106769 0 0.707106769
vn -0.707106769 0 0.707106769
vn -0.707106769 0 0.707106769
vn -0.707106769 0 0.707106769
vn 0.707106769 0 -0.707106769
vn 0.707106769 0 -0.707106769
vn 0.707106769 0 -0.707106769
vn 0.707106769 0 -0.707106769
vn 0.707106769 0 0.707106769
vn 0.707106769 0 0.707106769
vn 0.707106769 0 0.707106769
vn 0.707106769 0 0.707106769
vn -0.707106769 -0.707106769 0
vn -0.707106769 -0.707106769 0
vn -0.707106769 -0.707106769 0
vn -0.707106769 -0.707106769 0
vn -0.707106769 0.707106769 0
vn -0.707106769 0.707106769 0
vn -0.707106769 0.707106769 0
vn -0.707106769 0.707106769 0
vn 0.707106769 -0.707106769 0
vn 0.707106769 -0.707106769 0
vn 0.707106769 -0.707106769 0
vn 0.707106769 -0.707106769 0
vn 0.707106769 0.707106769 0
vn 0.707106769 0.707106769 0
vn 0.707106769 0.707106769 0
vn 0.707106769 0.707106769 0
vn -0.577350259 -0.577350259 -0.577350259
vn -0.577350259 -0.577350259 -0.577350259
vn -0.577350259 -0.577350259 -0.577350259
vn -0.577350259 -0.577350259 0.577350259
vn -0.577350259 -0.577350259 0.577350259
vn -0.577350259 -0.577350259 0.577350259
vn -0.577350259 0.577350259 -0.577350259
vn -0.577350259 0.577350259 -0.577350259
vn -0.577350259 0.577350259 -0.577350259
vn -0.577350259 0.577350259 0.577350259
vn -0.577350259 0.577350259 0.577350259
vn -0.577350259 0.577350259 0.577350259
vn 0.577350259 -0.577350259 -0.577350259
vn 0.577350259 -0.577350259 -0.577350259
vn 0.577350259 -0.577350259 -0.577350259
vn 0.577350259 -0.577350259 0.577350259
vn 0.577350259 -0.577350259 0.577350259
vn 0.577350259 -0.577350259 0.577350259
vn 0.577350259 0.577350259 -0.577350259
vn 0.577350259 0.577350259 -0.577350259
vn 0.577350259 0.577350259 -0.577350259
vn 0.577350259 0.577350259 0.577350259
vn 0.577350259 0.577350259 0.577350259
vn 0.577350259 0.577350259 0.577350259
vn -1 0 0
vn -1 0 0
vn -1 0 0
vn -1 0 0
vn 1 0 0
vn 1 0 0
vn 1 0 0
vn 1 0 0
vn 0 -1 0
vn 0 -1 0
vn 0 -1 0
vn 0 -1 0
vn 0 1 0
vn 0 1 0
vn 0 1 0
vn 0 1 0
vn 0 0 -1
vn 0 0 -1
vn 0 0 -1
vn 0 0 -1
vn 0 0 1
vn 0 0 1
vn 0 0 1
vn 0 0 1
vn 0 -0.707106769 -0.707106769
vn 0 -0.707106769 -0.707106769
vn 0 -0.707106769 -0.707106769
vn 0 -0.707106769 -0.707106769
vn 0 -0.707106769 0.707106769
vn 0 -0.707106769 0.707106769
vn 0 -0.707106769 0.707106769
vn 0 -0.707106769 0.707106769
vn 0 0.707106769 -0.707106769
vn 0 0.707106769 -0.707106769
vn 0 0.707106769 -0.707106769
vn 0 0.707106769 -0.707106769
vn 0 0.707106769 0.707106769
vn 0 0.707106769 0.707106769
vn 0 0.707106769 0.707106769
vn 0 0.707106769 0.707106769
vn -0.707106769 0 -0.707106769
vn -0.707106769 0 -0.707106769
vn -0.707106769 0 -0.707106769
vn -0.707106769 0 -0.707106769
vn -0.707106769 0 0.707106769
vn -0.707106769 0 0.707106769
vn -0.707106769 0 0.707106769
vn -0.707106769 0 0.707106769
vn 0.707106769 0 -0.707106769
vn 0.707106769 0 -0.707106769
vn 0.707106769 0 -0.707106769
vn 0.707106769 0 -0.707106769
vn 0.707106769 0 0.707106769
vn 0.707106769 0 0.707106769
vn 0.707106769 0 0.707106769
vn 0.707106769 0 0.707106769
vn -0.707106769 -0.707106769 0
vn -0.707106769 -0.707106769 0
vn -0.707106769 -0.707106769 0
vn -0.707106769 -0.707106769 0
vn -0.707106769 0.707106769 0
vn -0.707106769 0.707106769 0
vn -0.707106769 0.707106769 0
vn -0.707106769 0.707106769 0
vn 0.707106769 -0.707106769 0
vn 0.707106769 -0.707106769 0
vn 0.707106769 -0.707106769 0
vn 0.707106769 -0.707106769 0
vn 0.707106769 0.707106769 0
vn 0.707106769 0.707106769 0
vn 0.707106769 0.707106769 0
vn 0.707106769 0.707106769 0
vn -0.577350259 -0.577350259 -0.577350259
vn -0.577350259 -0.577350259 -0.577350259
vn -0.577350259 -0.577350259 -0.577350259
vn -0.577350259 -0.577350259 0.577350259
vn -0.577350259 -0.577350259 0.577350259
vn -0.577350259 -0.577350259 0.577350259
vn -0.577350259 0.577350259 -0.577350259
vn -0.577350259 0.577350259 -0.577350259
vn -0.577350259 0.577350259 -0.577350259
vn -0.577350259 0.577350259 0.577350259
vn -0.577350259 0.577350259 0.577350259
vn -0.577350259 0.577350259 0.577350259
vn 0.577350259 -0.577350259 -0.577350259
vn 0.577350259 -0.577350259 -0.577350259
vn 0.577350259 -0.577350259 -0.577350259
vn 0.577350259 -0.577350259 0.577350259
vn 0.577350259 -0.577350259 0.577350259
vn 0.577350259 -0.577350259 0.577350259
vn 0.577350259 0.577350259 -0.577350259
vn 0.577350259 0.577350259 -0.577350259
vn 0.577350259 0.577350259 -0.577350259
vn 0.577350259 0.577350259 0.577350259
vn 0.577350259 0.577350259 0.577350259
vn 0.577350259 0.577350259 0.577350259
vn 1 0 0
vn 1 0 0
vn 0.866025388 0 0.5
vn 0.866025388 0 0.5
vn 0.5 0 0.866025388
vn 0.5 0 0.866025388
vn 0 0 1
vn 0 0 1
vn -0.5 0 0.866025388
vn -0.5 0 0.866025388
vn -0.866025388 0 0.5
vn -0.866025388 0 0.5
vn -1 0 0
vn -1 0 0
vn -0.866025388 0 -0.5
vn -0.866025388 0 -0.5
vn -0.5 0 -0.866025388
vn -0.5 0 -0.866025388
vn 0 0 -1
vn 0 0 -1
vn 0.5 0 -0.866025388
vn 0.5 0 -0.866025388
vn 0.866025388 0 -0.5
vn 0.866025388 0 -0.5
vn 1 0 0
vn 1 0 0
vn 0 -1 0
vn 0 -1 0
vn 0 -1 0
vn 0 -1 0
vn 0 -1 0
vn 0 -1 0
vn 0 -1 0
vn 0 -1 0
vn 0 -1 0
vn 0 -1 0
vn 0 -1 0
vn 0 -1 0
vn 0 1 0
vn 0 1 0
vn 0 1 0
vn 0 1 0
vn 0 1 0
vn 0 1 0
vn 0 1 0
vn 0 1 0
vn 0 1 0
vn 0 1 0
vn 0 1 0
vn 0 1 0
vn -1 0 0
vn -1 0 0
vn -1 0 0
vn -1 0 0
vn 1 0 0
vn 1 0 0
vn 1 0 0
vn 1 0 0
vn 0 -1 0
vn 0 -1 0
vn 0 -1 0
vn 0 -1 0
vn 0 1 0
vn 0 1 0
vn 0 1 0
vn 0 1 0
vn 0 0 -1
vn 0 0 -1
vn 0 0 -1
vn 0 0 -1
vn 0 0 1
vn 0 0 1
vn 0 0 1
vn 0 0 1
vn 0 -0.707106769 -0.707106769
vn 0 -0.707106769 -0.707106769
vn 0 -0.707106769 -0.707106769
vn 0 -0.707106769 -0.707106769
vn 0 -0.707106769 0.707106769
vn 0 -0.707106769 0.707106769
vn 0 -0.707106769 0.707106769
vn 0 -0.707106769 0.707106769
vn 0 0.707106769 -0.707106769
vn 0 0.707106769 -0.707106769
vn 0 0.707106769 -0.707106769
vn 0 0.707106769 -0.707106769
vn 0 0.707106769 0.707106769
vn 0 0.707106769 0.707106769
vn 0 0.707106769 0.707106769
vn 0 0.707106769 0.707106769
vn -0.707106769 0 -0.707106769
vn -0.707106769 0 -0.707106769
vn -0.707106769 0 -0.707106769
vn -0.707106769 0 -0.707106769
vn -0.707106769 0 0.707106769
vn -0.707106769 0 0.707106769
vn -0.707106769 0 0.707106769
vn -0.707106769 0 0.707106769
vn 0.707106769 0 -0.707106769
vn 0.707106769 0 -0.707106769
vn 0.707106769 0 -0.707106769
vn 0.707106769 0 -0.707106769
vn 0.707106769 0 0.707106769
vn 0.707106769 0 0.707106769
vn 0.707106769 0 0.707106769
vn 0.707106769 0 0.707106769
vn -0.707106769 -0.707106769 0
vn -0.707106769 -0.707106769 0
vn -0.707106769 -0.707106769 0
vn -0.707106769 -0.707106769 0
vn -0.707106769 0.707106769 0
vn -0.707106769 0.707106769 0
vn -0.707106769 0.707106769 0
vn -0.707106769 0.707106769 0
vn 0.707106769 -0.707106769 0
vn 0.707106769 -0.707106769 0
vn 0.707106769 -0.707106769 0
vn 0.707106769 -0.707106769 0
vn 0.707106769 0.707106769 0
vn 0.707106769 0.707106769 0
vn 0.707106769 0.707106769 0
vn 0.707106769 0.707106769 0
vn -0.577350259 -0.577350259 -0.577350259
vn -0.577350259 -0.577350259 -0.577350259
vn -0.577350259 -0.577350259 -0.577350259
vn -0.577350259 -0.577350259 0.577350259
vn -0.577350259 -0.577350259 0.577350259
vn -0.577350259 -0.577350259 0.577350259
vn -0.577350259 0.577350259 -0.577350259
vn -0.577350259 0.577350259 -0.577350259
vn -0.577350259 0.577350259 -0.577350259
vn -0.577350259 0.577350259 0.577350259
vn -0.577350259 0.577350259 0.577350259
vn -0.577350259 0.577350259 0.577350259
vn 0.577350259 -0.577350259 -0.577350259
vn 0.577350259 -0.577350259 -0.577350259
vn 0.577350259 -0.577350259 -0.577350259
vn 0.577350259 -0.577350259 0.577350259
vn 0.577350259 -0.577350259 0.577350259
vn 0.577350259 -0.577350259 0.577350259
vn 0.577350259 0.577350259 -0.577350259
vn 0.577350259 0.577350259 -0.577350259
vn 0.577350259 0.577350259 -0.577350259
vn 0.577350259 0.577350259 0.577350259
vn 0.577350259 0.577350259 0.577350259
vn 0.577350259 0.577350259 0.577350259
vn 0 -1 0
vn 0 -1 0
vn 0 -0.866025388 0.5
vn 0 -0.866025388 0.5
vn 0 -0.5 0.866025388
vn 0 -0.5 0.866025388
vn 0 0 1
vn 0 0 1
vn 0 0.5 0.866025388
vn 0 0.5 0.866025388
vn 0 0.866025388 0.5
vn 0 0.866025388 0.5
vn 0 1 0
vn 0 1 0
vn 0 0.866025388 -0.5
vn 0 0.866025388 -0.5
vn 0 0.5 -0.866025388
vn 0 0.5 -0.866025388
vn 0 0 -1
vn 0 0 -1
vn 0 -0.5 -0.866025388
vn 0 -0.5 -0.866025388
vn 0 -0.866025388 -0.5
vn 0 -0.866025388 -0.5
vn 0 -1 0
vn 0 -1 0
vn -1 0 0
vn -1 0 0
vn -1 0 0
vn -1 0 0
vn -1 0 0
vn -1 0 0
vn -1 0 0
vn -1 0 0
vn -1 0 0
vn -1 0 0
vn -1 0 0
vn -1 0 0
vn 1 0 0
vn 1 0 0
vn 1 0 0
vn 1 0 0
vn 1 0 0
vn 1 0 0
vn 1 0 0
vn 1 0 0
vn 1 0 0
vn 1 0 0
vn 1 0 0
vn 1 0 0
vn -1 0 0
vn -1 0 0
vn -1 0 0
vn -1 0 0
vn 1 0 0
vn 1 0 0
vn 1 0 0
vn 1 0 0
vn 0 -1 0
vn 0 -1 0
vn 0 -1 0
vn 0 -1 0
vn 0 1 0
vn 0 1 0
vn 0 1 0
vn 0 1 0
vn 0 0 -1
vn 0 0 -1
vn 0 0 -1
vn 0 0 -1
vn 0 0 1
vn 0 0 1
vn 0 0 1
vn 0 0 1
vn 0 -0.707106769 -0.707106769
vn 0 -0.707106769 -0.707106769
vn 0 -0.707106769 -0.707106769
vn 0 -0.707106769 -0.707106769
vn 0 -0.707106769 0.707106769
vn 0 -0.707106769 0.707106769
vn 0 -0.707106769 0.707106769
vn 0 -0.707106769 0.707106769
vn 0 0.707106769 -0.707106769
vn 0 0.707106769 -0.707106769
vn 0 0.707106769 -0.707106769
vn 0 0.707106769 -0.707106769
vn 0 0.707106769 0.707106769
vn 0 0.707106769 0.707106769
vn 0 0.707106769 0.707106769
vn 0 0.707106769 0.707106769
vn -0.707106769 0 -0.707106769
vn -0.707106769 0 -0.707106769
vn -0.707106769 0 -0.707106769
vn -0.707106769 0 -0.707106769
vn -0.707106769 0 0.707106769
vn -0.707106769 0 0.707106769
vn -0.707106769 0 0.707106769
vn -0.707106769 0 0.707106769
vn 0.707106769 0 -0.707106769
vn 0.707106769 0 -0.707106769
vn 0.707106769 0 -0.707106769
vn 0.707106769 0 -0.707106769
vn 0.707106769 0 0.707106769
vn 0.707106769 0 0.707106769
vn 0.707106769 0 0.707106769
vn 0.707106769 0 0.707106769
vn -0.707106769 -0.707106769 0
vn -0.707106769 -0.707106769 0
vn -0.707106769 -0.707106769 0
vn -0.707106769 -0.707106769 0
vn -0.707106769 0.707106769 0
vn -0.707106769 0.707106769 0
vn -0.707106769 0.707106769 0
vn -0.707106769 0.707106769 0
vn 0.707106769 -0.707106769 0
vn 0.707106769 -0.707106769 0
vn 0.707106769 -0.707106769 0
vn 0.707106769 -0.707106769 0
vn 0.707106769 0.707106769 0
vn 0.707106769 0.707106769 0
vn 0.707106769 0.707106769 0
vn 0.707106769 0.707106769 0
vn -0.577350259 -0.577350259 -0.577350259
vn -0.577350259 -0.577350259 -0.577350259
vn -0.577350259 -0.577350259 -0.577350259
vn -0.577350259 -0.577350259 0.577350259
vn -0.577350259 -0.577350259 0.577350259
vn -0.577350259 -0.577350259 0.577350259
vn -0.577350259 0.577350259 -0.577350259
vn -0.577350259 0.577350259 -0.577350259
vn -0.577350259 0.577350259 -0.577350259
vn -0.577350259 0.577350259 0.577350259
vn -0.577350259 0.577350259 0.577350259
vn -0.577350259 0.577350259 0.577350259
vn 0.577350259 -0.577350259 -0.577350259
vn 0.577350259 -0.577350259 -0.577350259
vn 0.577350259 -0.577350259 -0.577350259
vn 0.577350259 -0.577350259 0.577350259
vn 0.577350259 -0.577350259 0.577350259
vn 0.577350259 -0.577350259 0.577350259
vn 0.577350259 0.577350259 -0.577350259
vn 0.577350259 0.577350259 -0.577350259
vn 0.577350259 0.577350259 -0.577350259
vn 0.577350259 0.577350259 0.577350259
vn 0.577350259 0.577350259 0.577350259
vn 0.577350259 0.577350259 0.577350259
vn -1 0 0
vn -1 0 0
vn -1 0 0
vn -1 0 0
vn 1 0 0
vn 1 0 0
vn 1 0 0
vn 1 0 0
vn 0 -1 0
vn 0 -1 0
vn 0 -1 0
vn 0 -1 0
vn 0 1 0
vn 0 1 0
vn 0 1 0
vn 0 1 0
vn 0 0 -1
vn 0 0 -1
vn 0 0 -1
vn 0 0 -1
vn 0 0 1
vn 0 0 1
vn 0 0 1
vn 0 0 1
vn 0 -0.707106769 -0.707106769
vn 0 -0.707106769 -0.707106769
vn 0 -0.707106769 -0.707106769
vn 0 -0.707106769 -0.707106769
vn 0 -0.707106769 0.707106769
vn 0 -0.707106769 0.707106769
vn 0 -0.707106769 0.707106769
vn 0 -0.707106769 0.707106769
vn 0 0.707106769 -0.707106769
vn 0 0.707106769 -0.707106769
vn 0 0.707106769 -0.707106769
vn 0 0.707106769 -0.707106769
vn 0 0.707106769 0.707106769
vn 0 0.707106769 0.707106769
vn 0 0.707106769 0.707106769
vn 0 0.707106769 0.707106769
vn -0.707106769 0 -0.707106769
vn -0.707106769 0 -0.707106769
vn -0.707106769 0 -0.707106769
vn -0.707106769 0 -0.707106769
vn -0.707106769 0 0.707106769
vn -0.707106769 0 0.707106769
vn -0.707106769 0 0.707106769
vn -0.707106769 0 0.707106769
vn 0.707106769 0 -0.707106769
vn 0.707106769 0 -0.707106769
vn 0.707106769 0 -0.707106769
vn 0.707106769 0 -0.707106769
vn 0.707106769 0 0.707106769
vn 0.707106769 0 0.707106769
vn 0.707106769 0 0.707106769
vn 0.707106769 0 0.707106769
vn -0.707106769 -0.707106769 0
vn -0.707106769 -0.707106769 0
vn -0.707106769 -0.707106769 0
vn -0.707106769 -0.707106769 0
vn -0.707106769 0.707106769 0
vn -0.707106769 0.707106769 0
vn -0.707106769 0.707106769 0
vn -0.707106769 0.707106769 0
vn 0.707106769 -0.707106769 0
vn 0.707106769 -0.707106769 0
vn 0.707106769 -0.707106769 0
vn 0.707106769 -0.707106769 0
vn 0.707106769 0.707106769 0
vn 0.707106769 0.707106769 0
vn 0.707106769 0.707106769 0
vn 0.707106769 0.707106769 0
vn -0.577350259 -0.577350259 -0.577350259
vn -0.577350259 -0.577350259 -0.577350259
vn -0.577350259 -0.577350259 -0.577350259
vn -0.577350259 -0.577350259 0.577350259
vn -0.577350259 -0.577350259 0.577350259
vn -0.577350259 -0.577350259 0.577350259
vn -0.577350259 0.577350259 -0.577350259
vn -0.577350259 0.577350259 -0.577350259
vn -0.577350259 0.577350259 -0.577350259
vn -0.577350259 0.577350259 0.577350259
vn -0.577350259 0.577350259 0.577350259
vn -0.577350259 0.577350259 0.577350259
vn 0.577350259 -0.577350259 -0.577350259
vn 0.577350259 -0.577350259 -0.577350259
vn 0.577350259 -0.577350259 -0.577350259
vn 0.577350259 -0.577350259 0.577350259
vn 0.577350259 -0.577350259 0.577350259
vn 0.577350259 -0.577350259 0.577350259
vn 0.577350259 0.577350259 -0.577350259
vn 0.577350259 0.577350259 -0.577350259
vn 0.577350259 0.577350259 -0.577350259
vn 0.577350259 0.577350259 0.577350259
vn 0.577350259 0.577350259 0.577350259
vn 0.577350259 0.577350259 0.577350259
vn -1 0 0
vn -1 0 0
vn -1 0 0
vn -1 0 0
vn 1 0 0
vn 1 0 0
vn 1 0 0
vn 1 0 0
vn 0 -1 0
vn 0 -1 0
vn 0 -1 0
vn 0 -1 0
vn 0 1 0
vn 0 1 0
vn 0 1 0
vn 0 1 0
vn 0 0 -1
vn 0 0 -1
vn 0 0 -1
vn 0 0 -1
vn 0 0 1
vn 0 0 1
vn 0 0 1
vn 0 0 1
vn 0 -0.707106769 -0.707106769
vn 0 -0.707106769 -0.707106769
vn 0 -0.707106769 -0.707106769
vn 0 -0.707106769 -0.707106769
vn 0 -0.707106769 0.707106769
vn 0 -0.707106769 0.707106769
vn 0 -0.707106769 0.707106769
vn 0 -0.707106769 0.707106769
vn 0 0.707106769 -0.707106769
vn 0 0.707106769 -0.707106769
vn 0 0.707106769 -0.707106769
vn 0 0.707106769 -0.707106769
vn 0 0.707106769 0.707106769
vn 0 0.707106769 0.707106769
vn 0 0.707106769 0.707106769
vn 0 0.707106769 0.707106769
vn -0.707106769 0 -0.707106769
vn -0.707106769 0 -0.707106769
vn -0.707106769 0 -0.707106769
vn -0.707106769 0 -0.707106769
vn -0.707106769 0 0.707106769
vn -0.707106769 0 0.707106769
vn -0.707106769 0 0.707106769
vn -0.707106769 0 0.707106769
vn 0.707106769 0 -0.707106769
vn 0.707106769 0 -0.707106769
vn 0.707106769 0 -0.707106769
vn 0.707106769 0 -0.707106769
vn 0.707106769 0 0.707106769
vn 0.707106769 0 0.707106769
vn 0.707106769 0 0.707106769
vn 0.707106769 0 0.707106769
vn -0.707106769 -0.707106769 0
vn -0.707106769 -0.707106769 0
vn -0.707106769 -0.707106769 0
vn -0.707106769 -0.707106769 0
vn -0.707106769 0.707106769 0
vn -0.707106769 0.707106769 0
vn -0.707106769 0.707106769 0
vn -0.707106769 0.707106769 0
vn 0.707106769 -0.707106769 0
vn 0.707106769 -0.707106769 0
vn 0.707106769 -0.707106769 0
vn 0.707106769 -0.707106769 0
vn 0.707106769 0.707106769 0
vn 0.707106769 0.707106769 0
vn 0.707106769 0.707106769 0
vn 0.707106769 0.707106769 0
vn -0.577350259 -0.577350259 -0.577350259
vn -0.577350259 -0.577350259 -0.577350259
vn -0.577350259 -0.577350259 -0.577350259
vn -0.577350259 -0.577350259 0.577350259
vn -0.577350259 -0.577350259 0.577350259
vn -0.577350259 -0.577350259 0.577350259
vn -0.577350259 0.577350259 -0.577350259
vn -0.577350259 0.577350259 -0.577350259
vn -0.577350259 0.577350259 -0.577350259
vn -0.577350259 0.577350259 0.577350259
vn -0.577350259 0.577350259 0.577350259
vn -0.577350259 0.577350259 0.577350259
vn 0.577350259 -0.577350259 -0.577350259
vn 0.577350259 -0.577350259 -0.577350259
vn 0.577350259 -0.577350259 -0.577350259
vn 0.577350259 -0.577350259 0.577350259
vn 0.577350259 -0.577350259 0.577350259
vn 0.577350259 -0.577350259 0.577350259
vn 0.577350259 0.577350259 -0.577350259
vn 0.577350259 0.577350259 -0.577350259
vn 0.577350259 0.577350259 -0.577350259
vn 0.577350259 0.577350259 0.577350259
vn 0.577350259 0.577350259 0.577350259
vn 0.577350259 0.577350259 0.577350259
vn 1 0 0
vn 1 0 0
vn 0.866025388 0 0.5
vn 0.866025388 0 0.5
vn 0.5 0 0.866025388
vn 0.5 0 0.866025388
vn 0 0 1
vn 0 0 1
vn -0.5 0 0.866025388
vn -0.5 0 0.866025388
vn -0.866025388 0 0.5
vn -0.866025388 0 0.5
vn -1 0 0
vn -1 0 0
vn -0.866025388 0 -0.5
vn -0.866025388 0 -0.5
vn -0.5 0 -0.866025388
vn -0.5 0 -0.866025388
vn 0 0 -1
vn 0 0 -1
vn 0.5 0 -0.866025388
vn 0.5 0 -0.866025388
vn 0.866025388 0 -0.5
vn 0.866025388 0 -0.5
vn 1 0 0
vn 1 0 0
vn 0 -1 0
vn 0 -1 0
vn 0 -1 0
vn 0 -1 0
vn 0 -1 0
vn 0 -1 0
vn 0 -1 0
vn 0 -1 0
vn 0 -1 0
vn 0 -1 0
vn 0 -1 0
vn 0 -1 0
vn 0 1 0
vn 0 1 0
vn 0 1 0
vn 0 1 0
vn 0 1 0
vn 0 1 0
vn 0 1 0
vn 0 1 0
vn 0 1 0
vn 0 1 0
vn 0 1 0
vn 0 1 0
vn -1 0 0
vn -1 0 0
vn -1 0 0
vn -1 0 0
vn 1 0 0
vn 1 0 0
vn 1 0 0
vn 1 0 0
vn 0 -1 0
vn 0 -1 0
vn 0 -1 0
vn 0 -1 0
vn 0 1 0
vn 0 1 0
vn 0 1 0
vn 0 1 0
vn 0 0 -1
vn 0 0 -1
vn 0 0 -1
vn 0 0 -1
vn 0 0 1
vn 0 0 1
vn 0 0 1
vn 0 0 1
vn 0 -0.707106769 -0.707106769
vn 0 -0.707106769 -0.707106769
vn 0 -0.707106769 -0.707106769
vn 0 -0.707106769 -0.707106769
vn 0 -0.707106769 0.707106769
vn 0 -0.707106769 0.707106769
vn 0 -0.707106769 0.707106769
vn 0 -0.707106769 0.707106769
vn 0 0.707106769 -0.707106769
vn 0 0.707106769 -0.707106769
vn 0 0.707106769 -0.707106769
vn 0 0.707106769 -0.707106769
vn 0 0.707106769 0.707106769
vn 0 0.707106769 0.707106769
vn 0 0.707106769 0.707106769
vn 0 0.707106769 0.707106769
vn -0.707106769 0 -0.707106769
vn -0.707106769 0 -0.707106769
vn -0.707106769 0 -0.707106769
vn -0.707106769 0 -0.707106769
vn -0.707106769 0 0.707106769
vn -0.707106769 0 0.707106769
vn -0.707106769 0 0.707106769
vn -0.707106769 0 0.707106769
vn 0.707106769 0 -0.707106769
vn 0.707106769 0 -0.707106769
vn 0.707106769 0 -0.707106769
vn 0.707106769 0 -0.707106769
vn 0.707106769 0 0.707106769
vn 0.707106769 0 0.707106769
vn 0.707106769 0 0.707106769
vn 0.707106769 0 0.707106769
vn -0.707106769 -0.707106769 0
vn -0.707106769 -0.707106769 0
vn -0.707106769 -0.707106769 0
vn -0.707106769 -0.707106769 0
vn -0.707106769 0.707106769 0
vn -0.707106769 0.707106769 0
vn -0.707106769 0.707106769 0
vn -0.707106769 0.707106769 0
vn 0.707106769 -0.707106769 0
vn 0.707106769 -0.707106769 0
vn 0.707106769 -0.707106769 0
vn 0.707106769 -0.707106769 0
vn 0.707106769 0.707106769 0
vn 0.707106769 0.707106769 0
vn 0.707106769 0.707106769 0
vn 0.707106769 0.707106769 0
vn -0.577350259 -0.577350259 -0.577350259
vn -0.577350259 -0.577350259 -0.577350259
vn -0.577350259 -0.577350259 -0.577350259
vn -0.577350259 -0.577350259 0.577350259
vn -0.577350259 -0.577350259 0.577350259
vn -0.577350259 -0.577350259 0.577350259
vn -0.577350259 0.577350259 -0.577350259
vn -0.577350259 0.577350259 -0.577350259
vn -0.577350259 0.577350259 -0.577350259
vn -0.577350259 0.577350259 0.577350259
vn -0.577350259 0.577350259 0.577350259
vn -0.577350259 0.577350259 0.577350259
vn 0.577350259 -0.577350259 -0.577350259
vn 0.577350259 -0.577350259 -0.577350259
vn 0.577350259 -0.577350259 -0.577350259
vn 0.577350259 -0.577350259 0.577350259
vn 0.577350259 -0.577350259 0.577350259
vn 0.577350259 -0.577350259 0.577350259
vn 0.577350259 0.577350259 -0.577350259
vn 0.577350259 0.577350259 -0.577350259
vn 0.577350259 0.577350259 -0.577350259
vn 0.577350259 0.577350259 0.577350259
vn 0.577350259 0.577350259 0.577350259
vn 0.577350259 0.577350259 0.577350259
vn 0 -1 0
vn 0 -1 0
vn 0 -0.866025388 0.5
vn 0 -0.866025388 0.5
vn 0 -0.5 0.866025388
vn 0 -0.5 0.866025388
vn 0 0 1
vn 0 0 1
vn 0 0.5 0.866025388
vn 0 0.5 0.866025388
vn 0 0.866025388 0.5
vn 0 0.866025388 0.5
vn 0 1 0
vn 0 1 0
vn 0 0.866025388 -0.5
vn 0 0.866025388 -0.5
vn 0 0.5 -0.866025388
vn 0 0.5 -0.866025388
vn 0 0 -1
vn 0 0 -1
vn 0 -0.5 -0.866025388
vn 0 -0.5 -0.866025388
vn 0 -0.866025388 -0.5
vn 0 -0.866025388 -0.5
vn 0 -1 0
vn 0 -1 0
vn -1 0 0
vn -1 0 0
vn -1 0 0
vn -1 0 0
vn -1 0 0
vn -1 0 0
vn -1 0 0
vn -1 0 0
vn -1 0 0
vn -1 0 0
vn -1 0 0
vn -1 0 0
vn 1 0 0
vn 1 0 0
vn 1 0 0
vn 1 0 0
vn 1 0 0
vn 1 0 0
vn 1 0 0
vn 1 0 0
vn 1 0 0
vn 1 0 0
vn 1 0 0
vn 1 0 0
vn -1 0 0
vn -1 0 0
vn -1 0 0
vn -1 0 0
vn 1 0 0
vn 1 0 0
vn 1 0 0
vn 1 0 0
vn 0 -1 0
vn 0 -1 0
vn 0 -1 0
vn 0 -1 0
vn 0 1 0
vn 0 1 0
vn 0 1 0
vn 0 1 0
vn 0 0 -1
vn 0 0 -1
vn 0 0 -1
vn 0 0 -1
vn 0 0 1
vn 0 0 1
vn 0 0 1
vn 0 0 1
vn 0 -0.707106769 -0.707106769
vn 0 -0.707106769 -0.707106769
vn 0 -0.707106769 -0.707106769
vn 0 -0.707106769 -0.707106769
vn 0 -0.707106769 0.707106769
vn 0 -0.707106769 0.707106769
vn 0 -0.707106769 0.707106769
vn 0 -0.707106769 0.707106769
vn 0 0.707106769 -0.707106769
vn 0 0.707106769 -0.707106769
vn 0 0.707106769 -0.707106769
vn 0 0.707106769 -0.707106769
vn 0 0.707106769 0.707106769
vn 0 0.707106769 0.707106769
vn 0 0.707106769 0.707106769
vn 0 0.707106769 0.707106769
vn -0.707106769 0 -0.707106769
vn -0.707106769 0 -0.707106769
vn -0.707106769 0 -0.707106769
vn -0.707106769 0 -0.707106769
vn -0.707106769 0 0.707106769
vn -0.707106769 0 0.707106769
vn -0.707106769 0 0.707106769
vn -0.707106769 0 0.707106769
vn 0.707106769 0 -0.707106769
vn 0.707106769 0 -0.707106769
vn 0.707106769 0 -0.707106769
vn 0.707106769 0 -0.707106769
vn 0.707106769 0 0.707106769
vn 0.707106769 0 0.707106769
vn 0.707106769 0 0.707106769
vn 0.707106769 0 0.707106769
vn -0.707106769 -0.707106769 0
vn -0.707106769 -0.707106769 0
vn -0.707106769 -0.707106769 0
vn -0.707106769 -0.707106769 0
vn -0.707106769 0.707106769 0
vn -0.707106769 0.707106769 0
vn -0.707106769 0.707106769 0
vn -0.707106769 0.707106769 0
vn 0.707106769 -0.707106769 0
vn 0.707106769 -0.707106769 0
vn 0.707106769 -0.707106769 0
vn 0.707106769 -0.707106769 0
vn 0.707106769 0.707106769 0
vn 0.707106769 0.707106769 0
vn 0.707106769 0.707106769 0
vn 0.707106769 0.707106769 0
vn -0.577350259 -0.577350259 -0.577350259
vn -0.577350259 -0.577350259 -0.577350259
vn -0.577350259 -0.577350259 -0.577350259
vn -0.577350259 -0.577350259 0.577350259
vn -0.577350259 -0.577350259 0.577350259
vn -0.577350259 -0.577350259 0.577350259
vn -0.577350259 0.577350259 -0.577350259
vn -0.577350259 0.577350259 -0.577350259
vn -0.577350259 0.577350259 -0.577350259
vn -0.577350259 0.577350259 0.577350259
vn -0.577350259 0.577350259 0.577350259
vn -0.577350259 0.577350259 0.577350259
vn 0.577350259 -0.577350259 -0.577350259
vn 0.577350259 -0.577350259 -0.577350259
vn 0.577350259 -0.577350259 -0.577350259
vn 0.577350259 -0.577350259 0.577350259
vn 0.577350259 -0.577350259 0.577350259
vn 0.577350259 -0.577350259 0.577350259
vn 0.577350259 0.577350259 -0.577350259
vn 0.577350259 0.577350259 -0.577350259
vn 0.577350259 0.577350259 -0.577350259
vn 0.577350259 0.577350259 0.577350259
vn 0.577350259 0.577350259 0.577350259
vn 0.577350259 0.577350259 0.577350259
vn -1 0 0
vn -1 0 0
vn -1 0 0
vn -1 0 0
vn 1 0 0
vn 1 0 0
vn 1 0 0
vn 1 0 0
vn 0 -1 0
vn 0 -1 0
vn 0 -1 0
vn 0 -1 0
vn 0 1 0
vn 0 1 0
vn 0 1 0
vn 0 1 0
vn 0 0 -1
vn 0 0 -1
vn 0 0 -1
vn 0 0 -1
vn 0 0 1
vn 0 0 1
vn 0 0 1
vn 0 0 1
vn 0 -0.707106769 -0.707106769
vn 0 -0.707106769 -0.707106769
vn 0 -0.707106769 -0.707106769
vn 0 -0.707106769 -0.707106769
vn 0 -0.707106769 0.707106769
vn 0 -0.707106769 0.707106769
vn 0 -0.707106769 0.707106769
vn 0 -0.707106769 0.707106769
vn 0 0.707106769 -0.707106769
vn 0 0.707106769 -0.707106769
vn 0 0.707106769 -0.707106769
vn 0 0.707106769 -0.707106769
vn 0 0.707106769 0.707106769
vn 0 0.707106769 0.707106769
vn 0 0.707106769 0.707106769
vn 0 0.707106769 0.707106769
vn -0.707106769 0 -0.707106769
vn -0.707106769 0 -0.707106769
vn -0.707106769 0 -0.707106769
vn -0.707106769 0 -0.707106769
vn -0.707106769 0 0.707106769
vn -0.707106769 0 0.707106769
vn -0.707106769 0 0.707106769
vn -0.707106769 0 0.707106769
vn 0.707106769 0 -0.707106769
vn 0.707106769 0 -0.707106769
vn 0.707106769 0 -0.707106769
vn 0.707106769 0 -0.707106769
vn 0.707106769 0 0.707106769
vn 0.707106769 0 0.707106769
vn 0.707106769 0 0.707106769
vn 0.707106769 0 0.707106769
vn -0.707106769 -0.707106769 0
vn -0.707106769 -0.707106769 0
vn -0.707106769 -0.707106769 0
vn -0.707106769 -0.707106769 0
vn -0.707106769 0.707106769 0
vn -0.707106769 0.707106769 0
vn -0.707106769 0.707106769 0
vn -0.707106769 0.707106769 0
vn 0.707106769 -0.707106769 0
vn 0.707106769 -0.707106769 0
vn 0.707106769 -0.707106769 0
vn 0.707106769 -0.707106769 0
vn 0.707106769 0.707106769 0
vn 0.707106769 0.707106769 0
vn 0.707106769 0.707106769 0
vn 0.707106769 0.707106769 0
vn -0.577350259 -0.577350259 -0.577350259
vn -0.577350259 -0.577350259 -0.577350259
vn -0.577350259 -0.577350259 -0.577350259
vn -0.577350259 -0.577350259 0.577350259
vn -0.577350259 -0.577350259 0.577350259
vn -0.577350259 -0.577350259 0.577350259
vn -0.577350259 0.577350259 -0.577350259
vn -0.577350259 0.577350259 -0.577350259
vn -0.577350259 0.577350259 -0.577350259
vn -0.577350259 0.577350259 0.577350259
vn -0.577350259 0.577350259 0.577350259
vn -0.577350259 0.577350259 0.577350259
vn 0.577350259 -0.577350259 -0.577350259
vn 0.577350259 -0.577350259 -0.577350259
vn 0.577350259 -0.577350259 -0.577350259
vn 0.577350259 -0.577350259 0.577350259
vn 0.577350259 -0.577350259 0.577350259
vn 0.577350259 -0.577350259 0.577350259
vn 0.577350259 0.577350259 -0.577350259
vn 0.577350259 0.577350259 -0.577350259
vn 0.577350259 0.577350259 -0.577350259
vn 0.577350259 0.577350259 0.577350259
vn 0.577350259 0.577350259 0.577350259
vn 0.577350259 0.577350259 0.577350259
vn -1 0 0
vn -1 0 0
vn -1 0 0
vn -1 0 0
vn 1 0 0
vn 1 0 0
vn 1 0 0
vn 1 0 0
vn 0 -1 0
vn 0 -1 0
vn 0 -1 0
vn 0 -1 0
vn 0 1 0
vn 0 1 0
vn 0 1 0
vn 0 1 0
vn 0 0 -1
vn 0 0 -1
vn 0 0 -1
vn 0 0 -1
vn 0 0 1
vn 0 0 1
vn 0 0 1
vn 0 0 1
vn 0 -0.707106769 -0.707106769
vn 0 -0.707106769 -0.707106769
vn 0 -0.707106769 -0.707106769
vn 0 -0.707106769 -0.707106769
vn 0 -0.707106769 0.707106769
vn 0 -0.707106769 0.707106769
vn 0 -0.707106769 0.707106769
vn 0 -0.707106769 0.707106769
vn 0 0.707106769 -0.707106769
vn 0 0.707106769 -0.707106769
vn 0 0.707106769 -0.707106769
vn 0 0.707106769 -0.707106769
vn 0 0.707106769 0.707106769
vn 0 0.707106769 0.707106769
vn 0 0.707106769 0.707106769
vn 0 0.707106769 0.707106769
vn -0.707106769 0 -0.707106769
vn -0.707106769 0 -0.707106769
vn -0.707106769 0 -0.707106769
vn -0.707106769 0 -0.707106769
vn -0.707106769 0 0.707106769
vn -0.707106769 0 0.707106769
vn -0.707106769 0 0.707106769
vn -0.707106769 0 0.707106769
vn 0.707106769 0 -0.707106769
vn 0.707106769 0 -0.707106769
vn 0.707106769 0 -0.707106769
vn 0.707106769 0 -0.707106769
vn 0.707106769 0 0.707106769
vn 0.707106769 0 0.707106769
vn 0.707106769 0 0.707106769
vn 0.707106769 0 0.707106769
vn -0.707106769 -0.707106769 0
vn -0.707106769 -0.707106769 0
vn -0.707106769 -0.707106769 0
vn -0.707106769 -0.707106769 0
vn -0.707106769 0.707106769 0
vn -0.707106769 0.707106769 0
vn -0.707106769 0.707106769 0
vn -0.707106769 0.707106769 0
vn 0.707106769 -0.707106769 0
vn 0.707106769 -0.707106769 0
vn 0.707106769 -0.707106769 0
vn 0.707106769 -0.707106769 0
vn 0.707106769 0.707106769 0
vn 0.707106769 0.707106769 0
vn 0.707106769 0.707106769 0
vn 0.707106769 0.707106769 0
vn -0.577350259 -0.577350259 -0.577350259
vn -0.577350259 -0.577350259 -0.577350259
vn -0.577350259 -0.577350259 -0.577350259
vn -0.577350259 -0.577350259 0.577350259
vn -0.577350259 -0.577350259 0.577350259
vn -0.577350259 -0.577350259 0.577350259
vn -0.577350259 0.577350259 -0.577350259
vn -0.577350259 0.577350259 -0.577350259
vn -0.577350259 0.577350259 -0.577350259
vn -0.577350259 0.577350259 0.577350259
vn -0.577350259 0.577350259 0.577350259
vn -0.577350259 0.577350259 0.577350259
vn 0.577350259 -0.577350259 -0.577350259
vn 0.577350259 -0.577350259 -0.577350259
vn 0.577350259 -0.577350259 -0.577350259
vn 0.577350259 -0.577350259 0.577350259
vn 0.577350259 -0.577350259 0.577350259
vn 0.577350259 -0.577350259 0.577350259
vn 0.577350259 0.577350259 -0.577350259
vn 0.577350259 0.577350259 -0.577350259
vn 0.577350259 0.577350259 -0.577350259
vn 0.577350259 0.577350259 0.577350259
vn 0.577350259 0.577350259 0.577350259
vn 0.577350259 0.577350259 0.577350259
vn 1 0 0
vn 1 0 0
vn 0.866025388 0 0.5
vn 0.866025388 0 0.5
vn 0.5 0 0.866025388
vn 0.5 0 0.866025388
vn 0 0 1
vn 0 0 1
vn -0.5 0 0.866025388
vn -0.5 0 0.866025388
vn -0.866025388 0 0.5
vn -0.866025388 0 0.5
vn -1 0 0
vn -1 0 0
vn -0.866025388 0 -0.5
vn -0.866025388 0 -0.5
vn -0.5 0 -0.866025388
vn -0.5 0 -0.866025388
vn 0 0 -1
vn 0 0 -1
vn 0.5 0 -0.866025388
vn 0.5 0 -0.866025388
vn 0.866025388 0 -0.5
vn 0.866025388 0 -0.5
vn 1 0 0
vn 1 0 0
vn 0 -1 0
vn 0 -1 0
vn 0 -1 0
vn 0 -1 0
vn 0 -1 0
vn 0 -1 0
vn 0 -1 0
vn 0 -1 0
vn 0 -1 0
vn 0 -1 0
vn 0 -1 0
vn 0 -1 0
vn 0 1 0
vn 0 1 0
vn 0 1 0
vn 0 1 0
vn 0 1 0
vn 0 1 0
vn 0 1 0
vn 0 1 0
vn 0 1 0
vn 0 1 0
vn 0 1 0
vn 0 1 0
vn -1 0 0
vn -1 0 0
vn -1 0 0
vn -1 0 0
vn 1 0 0
vn 1 0 0
vn 1 0 0
vn 1 0 0
vn 0 -1 0
vn 0 -1 0
vn 0 -1 0
vn 0 -1 0
vn 0 1 0
vn 0 1 0
vn 0 1 0
vn 0 1 0
vn 0 0 -1
vn 0 0 -1
vn 0 0 -1
vn 0 0 -1
vn 0 0 1
vn 0 0 1
vn 0 0 1
vn 0 0 1
vn 0 -0.707106769 -0.707106769
vn 0 -0.707106769 -0.707106769
vn 0 -0.707106769 -0.707106769
vn 0 -0.707106769 -0.707106769
vn 0 -0.707106769 0.707106769
vn 0 -0.707106769 0.707106769
vn 0 -0.707106769 0.707106769
vn 0 -0.707106769 0.707106769
vn 0 0.707106769 -0.707106769
vn 0 0.707106769 -0.707106769
vn 0 0.707106769 -0.707106769
vn 0 0.707106769 -0.707106769
vn 0 0.707106769 0.707106769
vn 0 0.707106769 0.707106769
vn 0 0.707106769 0.707106769
vn 0 0.707106769 0.707106769
vn -0.707106769 0 -0.707106769
vn -0.707106769 0 -0.707106769
vn -0.707106769 0 -0.707106769
vn -0.707106769 0 -0.707106769
vn -0.707106769 0 0.707106769
vn -0.707106769 0 0.707106769
vn -0.707106769 0 0.707106769
vn -0.707106769 0 0.707106769
vn 0.707106769 0 -0.707106769
vn 0.707106769 0 -0.707106769
vn 0.707106769 0 -0.707106769
vn 0.707106769 0 -0.707106769
vn 0.707106769 0 0.707106769
vn 0.707106769 0 0.707106769
vn 0.707106769 0 0.707106769
vn 0.707106769 0 0.707106769
vn -0.707106769 -0.707106769 0
vn -0.707106769 -0.707106769 0
vn -0.707106769 -0.707106769 0
vn -0.707106769 -0.707106769 0
vn -0.707106769 0.707106769 0
vn -0.707106769 0.707106769 0
vn -0.707106769 0.707106769 0
vn -0.707106769 0.707106769 0
vn 0.707106769 -0.707106769 0
vn 0.707106769 -0.707106769 0
vn 0.707106769 -0.707106769 0
vn 0.707106769 -0.707106769 0
vn 0.707106769 0.707106769 0
vn 0.707106769 0.707106769 0
vn 0.707106769 0.707106769 0
vn 0.707106769 0.707106769 0
vn -0.577350259 -0.577350259 -0.577350259
vn -0.577350259 -0.577350259 -0.577350259
vn -0.577350259 -0.577350259 -0.577350259
vn -0.577350259 -0.577350259 0.577350259
vn -0.577350259 -0.577350259 0.577350259
vn -0.577350259 -0.577350259 0.577350259
vn -0.577350259 0.577350259 -0.577350259
vn -0.577350259 0.577350259 -0.577350259
vn -0.577350259 0.577350259 -0.577350259
vn -0.577350259 0.577350259 0.577350259
vn -0.577350259 0.577350259 0.577350259
vn -0.577350259 0.577350259 0.577350259
vn 0.577350259 -0.577350259 -0.577350259
vn 0.577350259 -0.577350259 -0.577350259
vn 0.577350259 -0.577350259 -0.577350259
vn 0.577350259 -0.577350259 0.577350259
vn 0.577350259 -0.577350259 0.577350259
vn 0.577350259 -0.577350259 0.577350259
vn 0.577350259 0.577350259 -0.577350259
vn 0.577350259 0.577350259 -0.577350259
vn 0.577350259 0.577350259 -0.577350259
vn 0.577350259 0.577350259 0.577350259
vn 0.577350259 0.577350259 0.577350259
vn 0.577350259 0.577350259 0.577350259
vn -1 0 0
vn -1 0 0
vn -1 0 0
vn -1 0 0
vn 1 0 0
vn 1 0 0
vn 1 0 0
vn 1 0 0
vn 0 -1 0
vn 0 -1 0
vn 0 -1 0
vn 0 -1 0
vn 0 1 0
vn 0 1 0
vn 0 1 0
vn 0 1 0
vn 0 0 -1
vn 0 0 -1
vn 0 0 -1
vn 0 0 -1
vn 0 0 1
vn 0 0 1
vn 0 0 1
vn 0 0 1
vn 0 -0.707106769 -0.707106769
vn 0 -0.707106769 -0.707106769
vn 0 -0.707106769 -0.707106769
vn 0 -0.707106769 -0.707106769
vn 0 -0.707106769 0.707106769
vn 0 -0.707106769 0.707106769
vn 0 -0.707106769 0.707106769
vn 0 -0.707106769 0.707106769
vn 0 0.707106769 -0.707106769
vn 0 0.707106769 -0.707106769
vn 0 0.707106769 -0.707106769
vn 0 0.707106769 -0.707106769
vn 0 0.707106769 0.707106769
vn 0 0.707106769 0.707106769
vn 0 0.707106769 0.707106769
vn 0 0.707106769 0.707106769
vn -0.707106769 0 -0.707106769
vn -0.707106769 0 -0.707106769
vn -0.707106769 0 -0.707106769
vn -0.707106769 0 -0.707106769
vn -0.707106769 0 0.707106769
vn -0.707106769 0 0.707106769
vn -0.707106769 0 0.707106769
vn -0.707106769 0 0.707106769
vn 0.707106769 0 -0.707106769
vn 0.707106769 0 -0.707106769
vn 0.707106769 0 -0.707106769
vn 0.707106769 0 -0.707106769
vn 0.707106769 0 0.707106769
vn 0.707106769 0 0.707106769
vn 0.707106769 0 0.707106769
vn 0.707106769 0 0.707106769
vn -0.707106769 -0.707106769 0
vn -0.707106769 -0.707106769 0
vn -0.707106769 -0.707106769 0
vn -0.707106769 -0.707106769 0
vn -0.707106769 0.707106769 0
vn -0.707106769 0.707106769 0
vn -0.707106769 0.707106769 0
vn -0.707106769 0.707106769 0
vn 0.707106769 -0.707106769 0
vn 0.707106769 -0.707106769 0
vn 0.707106769 -0.707106769 0
vn 0.707106769 -0.707106769 0
vn 0.707106769 0.707106769 0
vn 0.707106769 0.707106769 0
vn 0.707106769 0.707106769 0
vn 0.707106769 0.707106769 0
vn -0.577350259 -0.577350259 -0.577350259
vn -0.577350259 -0.577350259 -0.577350259
vn -0.577350259 -0.577350259 -0.577350259
vn -0.577350259 -0.577350259 0.577350259
vn -0.577350259 -0.577350259 0.577350259
vn -0.577350259 -0.577350259 0.577350259
vn -0.577350259 0.577350259 -0.577350259
vn -0.577350259 0.577350259 -0.577350259
vn -0.577350259 0.577350259 -0.577350259
vn -0.577350259 0.577350259 0.577350259
vn -0.577350259 0.577350259 0.577350259
vn -0.577350259 0.577350259 0.577350259
vn 0.577350259 -0.577350259 -0.577350259
vn 0.577350259 -0.577350259 -0.577350259
vn 0.577350259 -0.577350259 -0.577350259
vn 0.577350259 -0.577350259 0.577350259
vn 0.577350259 -0.577350259 0.577350259
vn 0.577350259 -0.577350259 0.577350259
vn 0.577350259 0.577350259 -0.577350259
vn 0.577350259 0.577350259 -0.577350259
vn 0.577350259 0.577350259 -0.577350259
vn 0.577350259 0.577350259 0.577350259
vn 0.577350259 0.577350259 0.577350259
vn 0.577350259 0.577350259 0.577350259
vn -1 0 0
vn -1 0 0
vn -1 0 0
vn -1 0 0
vn 1 0 0
vn 1 0 0
vn 1 0 0
vn 1 0 0
vn 0 -1 0
vn 0 -1 0
vn 0 -1 0
vn 0 -1 0
vn 0 1 0
vn 0 1 0
vn 0 1 0
vn 0 1 0
vn 0 0 -1
vn 0 0 -1
vn 0 0 -1
vn 0 0 -1
vn 0 0 1
vn 0 0 1
vn 0 0 1
vn 0 0 1
vn 0 -0.707106769 -0.707106769
vn 0 -0.707106769 -0.707106769
vn 0 -0.707106769 -0.707106769
vn 0 -0.707106769 -0.707106769
vn 0 -0.707106769 0.707106769
vn 0 -0.707106769 0.707106769
vn 0 -0.707106769 0.707106769
vn 0 -0.707106769 0.707106769
vn 0 0.707106769 -0.707106769
vn 0 0.707106769 -0.707106769
vn 0 0.707106769 -0.707106769
vn 0 0.707106769 -0.707106769
vn 0 0.707106769 0.707106769
vn 0 0.707106769 0.707106769
vn 0 0.707106769 0.707106769
vn 0 0.707106769 0.707106769
vn -0.707106769 0 -0.707106769
vn -0.707106769 0 -0.707106769
vn -0.707106769 0 -0.707106769
vn -0.707106769 0 -0.707106769
vn -0.707106769 0 0.707106769
vn -0.707106769 0 0.707106769
vn -0.707106769 0 0.707106769
vn -0.707106769 0 0.707106769
vn 0.707106769 0 -0.707106769
vn 0.707106769 0 -0.707106769
vn 0.707106769 0 -0.707106769
vn 0.707106769 0 -0.707106769
vn 0.707106769 0 0.707106769
vn 0.707106769 0 0.707106769
vn 0.707106769 0 0.707106769
vn 0.707106769 0 0.707106769
vn -0.707106769 -0.707106769 0
vn -0.707106769 -0.707106769 0
vn -0.707106769 -0.707106769 0
vn -0.707106769 -0.707106769 0
vn -0.707106769 0.707106769 0
vn -0.707106769 0.707106769 0
vn -0.707106769 0.707106769 0
vn -0.707106769 0.707106769 0
vn 0.707106769 -0.707106769 0
vn 0.707106769 -0.707106769 0
vn 0.707106769 -0.707106769 0
vn 0.707106769 -0.707106769 0
vn 0.707106769 0.707106769 0
vn 0.707106769 0.707106769 0
vn 0.707106769 0.707106769 0
vn 0.707106769 0.707106769 0
vn -0.577350259 -0.577350259 -0.577350259
vn -0.577350259 -0.577350259 -0.577350259
vn -0.577350259 -0.577350259 -0.577350259
vn -0.577350259 -0.577350259 0.577350259
vn -0.577350259 -0.577350259 0.577350259
vn -0.577350259 -0.577350259 0.577350259
vn -0.577350259 0.577350259 -0.577350259
vn -0.577350259 0.577350259 -0.577350259
vn -0.577350259 0.577350259 -0.577350259
vn -0.577350259 0.577350259 0.577350259
vn -0.577350259 0.577350259 0.577350259
vn -0.577350259 0.577350259 0.577350259
vn 0.577350259 -0.577350259 -0.577350259
vn 0.577350259 -0.577350259 -0.577350259
vn 0.577350259 -0.577350259 -0.577350259
vn 0.577350259 -0.577350259 0.577350259
vn 0.577350259 -0.577350259 0.577350259
vn 0.577350259 -0.577350259 0.577350259
vn 0.577350259 0.577350259 -0.577350259
vn 0.577350259 0.577350259 -0.577350259
vn 0.577350259 0.577350259 -0.577350259
vn 0.577350259 0.577350259 0.577350259
vn 0.577350259 0.577350259 0.577350259
vn 0.577350259 0.577350259 0.577350259
vn -1 0 0
vn -1 0 0
vn -1 0 0
vn -1 0 0
vn 1 0 0
vn 1 0 0
vn 1 0 0
vn 1 0 0
vn 0 -1 0
vn 0 -1 0
vn 0 -1 0
vn 0 -1 0
vn 0 1 0
vn 0 1 0
vn 0 1 0
vn 0 1 0
vn 0 0 -1
vn 0 0 -1
vn 0 0 -1
vn 0 0 -1
vn 0 0 1
vn 0 0 1
vn 0 0 1
vn 0 0 1
vn 0 -0.707106769 -0.707106769
vn 0 -0.707106769 -0.707106769
vn 0 -0.707106769 -0.707106769
vn 0 -0.707106769 -0.707106769
vn 0 -0.707106769 0.707106769
vn 0 -0.707106769 0.707106769
vn 0 -0.707106769 0.707106769
vn 0 -0.707106769 0.707106769
vn 0 0.707106769 -0.707106769
vn 0 0.707106769 -0.707106769
vn 0 0.707106769 -0.707106769
vn 0 0.707106769 -0.707106769
vn 0 0.707106769 0.707106769
vn 0 0.707106769 0.707106769
vn 0 0.707106769 0.707106769
vn 0 0.707106769 0.707106769
vn -0.707106769 0 -0.707106769
vn -0.707106769 0 -0.707106769
vn -0.707106769 0 -0.707106769
vn -0.707106769 0 -0.707106769
vn -0.707106769 0 0.707106769
vn -0.707106769 0 0.707106769
vn -0.707106769 0 0.707106769
vn -0.707106769 0 0.707106769
vn 0.707106769 0 -0.707106769
vn 0.707106769 0 -0.707106769
vn 0.707106769 0 -0.707106769
vn 0.707106769 0 -0.707106769
vn 0.707106769 0 0.707106769
vn 0.707106769 0 0.707106769
vn 0.707106769 0 0.707106769
vn 0.707106769 0 0.707106769
vn -0.707106769 -0.707106769 0
vn -0.707106769 -0.707106769 0
vn -0.707106769 -0.707106769 0
vn -0.707106769 -0.707106769 0
vn -0.707106769 0.707106769 0
vn -0.707106769 0.707106769 0
vn -0.707106769 0.707106769 0
vn -0.707106769 0.707106769 0
vn 0.707106769 -0.707106769 0
vn 0.707106769 -0.707106769 0
vn 0.707106769 -0.707106769 0
vn 0.707106769 -0.707106769 0
vn 0.707106769 0.707106769 0
vn 0.707106769 0.707106769 0
vn 0.707106769 0.707106769 0
vn 0.707106769 0.707106769 0
vn -0.577350259 -0.577350259 -0.577350259
vn -0.577350259 -0.577350259 -0.577350259
vn -0.577350259 -0.577350259 -0.577350259
vn -0.577350259 -0.577350259 0.577350259
vn -0.577350259 -0.577350259 0.577350259
vn -0.577350259 -0.577350259 0.577350259
vn -0.577350259 0.577350259 -0.577350259
vn -0.577350259 0.577350259 -0.577350259
vn -0.577350259 0.577350259 -0.577350259
vn -0.577350259 0.577350259 0.577350259
vn -0.577350259 0.577350259 0.577350259
vn -0.577350259 0.577350259 0.577350259
vn 0.577350259 -0.577350259 -0.577350259
vn 0.577350259 -0.577350259 -0.577350259
vn 0.577350259 -0.577350259 -0.577350259
vn 0.577350259 -0.577350259 0.577350259
vn 0.577350259 -0.577350259 0.577350259
vn 0.577350259 -0.577350259 0.577350259
vn 0.577350259 0.577350259 -0.577350259
vn 0.577350259 0.577350259 -0.577350259
vn 0.577350259 0.577350259 -0.577350259
vn 0.577350259 0.577350259 0.577350259
vn 0.577350259 0.577350259 0.577350259
vn 0.577350259 0.577350259 0.577350259
vn -1 0 0
vn -1 0 0
vn -1 0 0
vn -1 0 0
vn 1 0 0
vn 1 0 0
vn 1 0 0
vn 1 0 0
vn 0 -1 0
vn 0 -1 0
vn 0 -1 0
vn 0 -1 0
vn 0 1 0
vn 0 1 0
vn 0 1 0
vn 0 1 0
vn 0 0 -1
vn 0 0 -1
vn 0 0 -1
vn 0 0 -1
vn 0 0 1
vn 0 0 1
vn 0 0 1
vn 0 0 1
vn 0 -0.707106769 -0.707106769
vn 0 -0.707106769 -0.707106769
vn 0 -0.707106769 -0.707106769
vn 0 -0.707106769 -0.707106769
vn 0 -0.707106769 0.707106769
vn 0 -0.707106769 0.707106769
vn 0 -0.707106769 0.707106769
vn 0 -0.707106769 0.707106769
vn 0 0.707106769 -0.707106769
vn 0 0.707106769 -0.707106769
vn 0 0.707106769 -0.707106769
vn 0 0.707106769 -0.707106769
vn 0 0.707106769 0.707106769
vn 0 0.707106769 0.707106769
vn 0 0.707106769 0.707106769
vn 0 0.707106769 0.707106769
vn -0.707106769 0 -0.707106769
vn -0.707106769 0 -0.707106769
vn -0.707106769 0 -0.707106769
vn -0.707106769 0 -0.707106769
vn -0.707106769 0 0.707106769
vn -0.707106769 0 0.707106769
vn -0.707106769 0 0.707106769
vn -0.707106769 0 0.707106769
vn 0.707106769 0 -0.707106769
vn 0.707106769 0 -0.707106769
vn 0.707106769 0 -0.707106769
vn 0.707106769 0 -0.707106769
vn 0.707106769 0 0.707106769
vn 0.707106769 0 0.707106769
vn 0.707106769 0 0.707106769
vn 0.707106769 0 0.707106769
vn -0.707106769 -0.707106769 0
vn -0.707106769 -0.707106769 0
vn -0.707106769 -0.707106769 0
vn -0.707106769 -0.707106769 0
vn -0.707106769 0.707106769 0
vn -0.707106769 0.707106769 0
vn -0.707106769 0.707106769 0
vn -0.707106769 0.707106769 0
vn 0.707106769 -0.707106769 0
vn 0.707106769 -0.707106769 0
vn 0.707106769 -0.707106769 0
vn 0.707106769 -0.707106769 0
vn 0.707106769 0.707106769 0
vn 0.707106769 0.707106769 0
vn 0.707106769 0.707106769 0
vn 0.707106769 0.707106769 0
vn -0.577350259 -0.577350259 -0.577350259
vn -0.577350259 -0.577350259 -0.577350259
vn -0.577350259 -0.577350259 -0.577350259
vn -0.577350259 -0.577350259 0.577350259
vn -0.577350259 -0.577350259 0.577350259
vn -0.577350259 -0.577350259 0.577350259
vn -0.577350259 0.577350259 -0.577350259
vn -0.577350259 0.577350259 -0.577350259
vn -0.577350259 0.577350259 -0.577350259
vn -0.577350259 0.577350259 0.577350259
vn -0.577350259 0.577350259 0.577350259
vn -0.577350259 0.577350259 0.577350259
vn 0.577350259 -0.577350259 -0.577350259
vn 0.577350259 -0.577350259 -0.577350259
vn 0.577350259 -0.577350259 -0.577350259
vn 0.577350259 -0.577350259 0.577350259
vn 0.577350259 -0.577350259 0.577350259
vn 0.577350259 -0.577350259 0.577350259
vn 0.577350259 0.577350259 -0.577350259
vn 0.577350259 0.577350259 -0.577350259
vn 0.577350259 0.577350259 -0.577350259
vn 0.577350259 0.577350259 0.577350259
vn 0.577350259 0.577350259 0.577350259
vn 0.577350259 0.577350259 0.577350259
vn -1 0 0
vn -1 0 0
vn -1 0 0
vn -1 0 0
vn 1 0 0
vn 1 0 0
vn 1 0 0
vn 1 0 0
vn 0 -1 0
vn 0 -1 0
vn 0 -1 0
vn 0 -1 0
vn 0 1 0
vn 0 1 0
vn 0 1 0
vn 0 1 0
vn 0 0 -1
vn 0 0 -1
vn 0 0 -1
vn 0 0 -1
vn 0 0 1
vn 0 0 1
vn 0 0 1
vn 0 0 1
vn 0 -0.707106769 -0.707106769
vn 0 -0.707106769 -0.707106769
vn 0 -0.707106769 -0.707106769
vn 0 -0.707106769 -0.707106769
vn 0 -0.707106769 0.707106769
vn 0 -0.707106769 0.707106769
vn 0 -0.707106769 0.707106769
vn 0 -0.707106769 0.707106769
vn 0 0.707106769 -0.707106769
vn 0 0.707106769 -0.707106769
vn 0 0.707106769 -0.707106769
vn 0 0.707106769 -0.707106769
vn 0 0.707106769 0.707106769
vn 0 0.707106769 0.707106769
vn 0 0.707106769 0.707106769
vn 0 0.707106769 0.707106769
vn -0.707106769 0 -0.707106769
vn -0.707106769 0 -0.707106769
vn -0.707106769 0 -0.707106769
vn -0.707106769 0 -0.707106769
vn -0.707106769 0 0.707106769
vn -0.707106769 0 0.707106769
vn -0.707106769 0 0.707106769
vn -0.707106769 0 0.707106769
vn 0.707106769 0 -0.707106769
vn 0.707106769 0 -0.707106769
vn 0.707106769 0 -0.707106769
vn 0.707106769 0 -0.707106769
vn 0.707106769 0 0.707106769
vn 0.707106769 0 0.707106769
vn 0.707106769 0 0.707106769
vn 0.707106769 0 0.707106769
vn -0.707106769 -0.707106769 0
vn -0.707106769 -0.707106769 0
vn -0.707106769 -0.707106769 0
vn -0.707106769 -0.707106769 0
vn -0.707106769 0.707106769 0
vn -0.707106769 0.707106769 0
vn -0.707106769 0.707106769 0
vn -0.707106769 0.707106769 0
vn 0.707106769 -0.707106769 0
vn 0.707106769 -0.707106769 0
vn 0.707106769 -0.707106769 0
vn 0.707106769 -0.707106769 0
vn 0.707106769 0.707106769 0
vn 0.707106769 0.707106769 0
vn 0.707106769 0.707106769 0
vn 0.707106769 0.707106769 0
vn -0.577350259 -0.577350259 -0.577350259
vn -0.577350259 -0.577350259 -0.577350259
vn -0.577350259 -0.577350259 -0.577350259
vn -0.577350259 -0.577350259 0.577350259
vn -0.577350259 -0.577350259 0.577350259
vn -0.577350259 -0.577350259 0.577350259
vn -0.577350259 0.577350259 -0.577350259
vn -0.577350259 0.577350259 -0.577350259
vn -0.577350259 0.577350259 -0.577350259
vn -0.577350259 0.577350259 0.577350259
vn -0.577350259 0.577350259 0.577350259
vn -0.577350259 0.577350259 0.577350259
vn 0.577350259 -0.577350259 -0.577350259
vn 0.577350259 -0.577350259 -0.577350259
vn 0.577350259 -0.577350259 -0.577350259
vn 0.577350259 -0.577350259 0.577350259
vn 0.577350259 -0.577350259 0.577350259
vn 0.577350259 -0.577350259 0.577350259
vn 0.577350259 0.577350259 -0.577350259
vn 0.577350259 0.577350259 -0.577350259
vn 0.577350259 0.577350259 -0.577350259
vn 0.577350259 0.577350259 0.577350259
vn 0.577350259 0.577350259 0.577350259
vn 0.577350259 0.577350259 0.577350259
vn -1 0 0
vn -1 0 0
vn -1 0 0
vn -1 0 0
vn 1 0 0
vn 1 0 0
vn 1 0 0
vn 1 0 0
vn 0 -1 0
vn 0 -1 0
vn 0 -1 0
vn 0 -1 0
vn 0 1 0
vn 0 1 0
vn 0 1 0
vn 0 1 0
vn 0 0 -1
vn 0 0 -1
vn 0 0 -1
vn 0 0 -1
vn 0 0 1
vn 0 0 1
vn 0 0 1
vn 0 0 1
vn 0 -0.707106769 -0.707106769
vn 0 -0.707106769 -0.707106769
vn 0 -0.707106769 -0.707106769
vn 0 -0.707106769 -0.707106769
vn 0 -0.707106769 0.707106769
vn 0 -0.707106769 0.707106769
vn 0 -0.707106769 0.707106769
vn 0 -0.707106769 0.707106769
vn 0 0.707106769 -0.707106769
vn 0 0.707106769 -0.707106769
vn 0 0.707106769 -0.707106769
vn 0 0.707106769 -0.707106769
vn 0 0.707106769 0.707106769
vn 0 0.707106769 0.707106769
vn 0 0.707106769 0.707106769
vn 0 0.707106769 0.707106769
vn -0.707106769 0 -0.707106769
vn -0.707106769 0 -0.707106769
vn -0.707106769 0 -0.707106769
vn -0.707106769 0 -0.707106769
vn -0.707106769 0 0.707106769
vn -0.707106769 0 0.707106769
vn -0.707106769 0 0.707106769
vn -0.707106769 0 0.707106769
vn 0.707106769 0 -0.707106769
vn 0.707106769 0 -0.707106769
vn 0.707106769 0 -0.707106769
vn 0.707106769 0 -0.707106769
vn 0.707106769 0 0.707106769
vn 0.707106769 0 0.707106769
vn 0.707106769 0 0.707106769
vn 0.707106769 0 0.707106769
vn -0.707106769 -0.707106769 0
vn -0.707106769 -0.707106769 0
vn -0.707106769 -0.707106769 0
vn -0.707106769 -0.707106769 0
vn -0.707106769 0.707106769 0
vn -0.707106769 0.707106769 0
vn -0.707106769 0.707106769 0
vn -0.707106769 0.707106769 0
vn 0.707106769 -0.707106769 0
vn 0.707106769 -0.707106769 0
vn 0.707106769 -0.707106769 0
vn 0.707106769 -0.707106769 0
vn 0.707106769 0.707106769 0
vn 0.707106769 0.707106769 0
vn 0.707106769 0.707106769 0
vn 0.707106769 0.707106769 0
vn -0.577350259 -0.577350259 -0.577350259
vn -0.577350259 -0.577350259 -0.577350259
vn -0.577350259 -0.577350259 -0.577350259
vn -0.577350259 -0.577350259 0.577350259
vn -0.577350259 -0.577350259 0.577350259
vn -0.577350259 -0.577350259 0.577350259
vn -0.577350259 0.577350259 -0.577350259
vn -0.577350259 0.577350259 -0.577350259
vn -0.577350259 0.577350259 -0.577350259
vn -0.577350259 0.577350259 0.577350259
vn -0.577350259 0.577350259 0.577350259
vn -0.577350259 0.577350259 0.577350259
vn 0.577350259 -0.577350259 -0.577350259
vn 0.577350259 -0.577350259 -0.577350259
vn 0.577350259 -0.577350259 -0.577350259
vn 0.577350259 -0.577350259 0.577350259
vn 0.577350259 -0.577350259 0.577350259
vn 0.577350259 -0.577350259 0.577350259
vn 0.577350259 0.577350259 -0.577350259
vn 0.577350259 0.577350259 -0.577350259
vn 0.577350259 0.577350259 -0.577350259
vn 0.577350259 0.577350259 0.577350259
vn 0.577350259 0.577350259 0.577350259
vn 0.577350259 0.577350259 0.577350259
vn -1 0 0
vn -1 0 0
vn -1 0 0
vn -1 0 0
vn 1 0 0
vn 1 0 0
vn 1 0 0
vn 1 0 0
vn 0 -1 0
vn 0 -1 0
vn 0 -1 0
vn 0 -1 0
vn 0 1 0
vn 0 1 0
vn 0 1 0
vn 0 1 0
vn 0 0 -1
vn 0 0 -1
vn 0 0 -1
vn 0 0 -1
vn 0 0 1
vn 0 0 1
vn 0 0 1
vn 0 0 1
vn 0 -0.707106769 -0.707106769
vn 0 -0.707106769 -0.707106769
vn 0 -0.707106769 -0.707106769
vn 0 -0.707106769 -0.707106769
vn 0 -0.707106769 0.707106769
vn 0 -0.707106769 0.707106769
vn 0 -0.707106769 0.707106769
vn 0 -0.707106769 0.707106769
vn 0 0.707106769 -0.707106769
vn 0 0.707106769 -0.707106769
vn 0 0.707106769 -0.707106769
vn 0 0.707106769 -0.707106769
vn 0 0.707106769 0.707106769
vn 0 0.707106769 0.707106769
vn 0 0.707106769 0.707106769
vn 0 0.707106769 0.707106769
vn -0.707106769 0 -0.707106769
vn -0.707106769 0 -0.707106769
vn -0.707106769 0 -0.707106769
vn -0.707106769 0 -0.707106769
vn -0.707106769 0 0.707106769
vn -0.707106769 0 0.707106769
vn -0.707106769 0 0.707106769
vn -0.707106769 0 0.707106769
vn 0.707106769 0 -0.707106769
vn 0.707106769 0 -0.707106769
vn 0.707106769 0 -0.707106769
vn 0.707106769 0 -0.707106769
vn 0.707106769 0 0.707106769
vn 0.707106769 0 0.707106769
vn 0.707106769 0 0.707106769
vn 0.707106769 0 0.707106769
vn -0.707106769 -0.707106769 0
vn -0.707106769 -0.707106769 0
vn -0.707106769 -0.707106769 0
vn -0.707106769 -0.707106769 0
vn -0.707106769 0.707106769 0
vn -0.707106769 0.707106769 0
vn -0.707106769 0.707106769 0
vn -0.707106769 0.707106769 0
vn 0.707106769 -0.707106769 0
vn 0.707106769 -0.707106769 0
vn 0.707106769 -0.707106769 0
vn 0.707106769 -0.707106769 0
vn 0.707106769 0.707106769 0
vn 0.707106769 0.707106769 0
vn 0.707106769 0.707106769 0
vn 0.707106769 0.707106769 0
vn -0.577350259 -0.577350259 -0.577350259
vn -0.577350259 -0.577350259 -0.577350259
vn -0.577350259 -0.577350259 -0.577350259
vn -0.577350259 -0.577350259 0.577350259
vn -0.577350259 -0.577350259 0.577350259
vn -0.577350259 -0.577350259 0.577350259
vn -0.577350259 0.577350259 -0.577350259
vn -0.577350259 0.577350259 -0.577350259
vn -0.577350259 0.577350259 -0.577350259
vn -0.577350259 0.577350259 0.577350259
vn -0.577350259 0.577350259 0.577350259
vn -0.577350259 0.577350259 0.577350259
vn 0.577350259 -0.577350259 -0.577350259
vn 0.577350259 -0.577350259 -0.577350259
vn 0.577350259 -0.577350259 -0.577350259
vn 0.577350259 -0.577350259 0.577350259
vn 0.577350259 -0.577350259 0.577350259
vn 0.577350259 -0.577350259 0.577350259
vn 0.577350259 0.577350259 -0.577350259
vn 0.577350259 0.577350259 -0.577350259
vn 0.577350259 0.577350259 -0.577350259
vn 0.577350259 0.577350259 0.577350259
vn 0.577350259 0.577350259 0.577350259
vn 0.577350259 0.577350259 0.577350259
vn 0.397774726 -0.917483091 0
vn 0.377998531 -0.925805807 0.000857810024
vn 0.345683187 -0.793825746 0.50034374
vn 0.397774726 -0.917483091 0
vn 0.345683187 -0.793825746 0.50034374
vn 0.359391421 -0.788100123 0.499735892
vn 0.359391421 -0.788100123 0.499735892
vn 0.345683187 -0.793825746 0.50034374
vn 0.22074233 -0.449140698 0.865762949
vn 0.359391421 -0.788100123 0.499735892
vn 0.22074233 -0.449140698 0.865762949
vn 0.224709466 -0.447546393 0.865567982
vn 0.224709466 -0.447546393 0.865567982
vn 0.22074233 -0.449140698 0.865762949
vn 0.0366537385 0.0158912297 0.999201655
vn 0.224709466 -0.447546393 0.865567982
vn 0.0366537385 0.0158912297 0.999201655
vn 0.0298168007 0.0129270703 0.999471784
vn 0.0298168007 0.0129270703 0.999471784
vn 0.0366537385 0.0158912297 0.999201655
vn -0.157256201 0.476665109 0.864905119
vn 0.0298168007 0.0129270703 0.999471784
vn -0.157256201 0.476665109 0.864905119
vn -0.17306526 0.469936728 0.865567982
vn -0.17306526 0.469936728 0.865567982
vn -0.157256201 0.476665109 0.864905119
vn -0.30902946 0.80971694 0.498857945
vn -0.17306526 0.469936728 0.865567982
vn -0.30902946 0.80971694 0.498857945
vn -0.329574615 0.801027238 0.499735892
vn -0.329574615 0.801027238 0.499735892
vn -0.30902946 0.80971694 0.498857945
vn -0.377998531 0.925805807 -0.000857810024
vn -0.329574615 0.801027238 0.499735892
vn -0.377998531 0.925805807 -0.000857810024
vn -0.397774726 0.917483091 0
vn -0.397774726 0.917483091 0
vn -0.377998531 0.925805807 -0.000857810024
vn -0.345683187 0.793825746 -0.50034374
vn -0.397774726 0.917483091 0
vn -0.345683187 0.793825746 -0.50034374
vn -0.359391421 0.788100123 -0.499735892
vn -0.359391421 0.788100123 -0.499735892
vn -0.345683187 0.793825746 -0.50034374
vn -0.22074233 0.449140698 -0.865762949
vn -0.359391421 0.788100123 -0.499735892
vn -0.22074233 0.449140698 -0.865762949
vn -0.224709466 0.447546393 -0.865567982
vn -0.224709466 0.447546393 -0.865567982
vn -0.22074233 0.449140698 -0.865762949
vn -0.0366537385 -0.0158912297 -0.999201655
vn -0.224709466 0.447546393 -0.865567982
vn -0.0366537385 -0.0158912297 -0.999201655
vn -0.0298168007 -0.0129270703 -0.999471784
vn -0.0298168007 -0.0129270703 -0.999471784
vn -0.0366537385 -0.0158912297 -0.999201655
vn 0.157256201 -0.476665109 -0.864905119
vn -0.0298168007 -0.0129270703 -0.999471784
vn 0.157256201 -0.476665109 -0.864905119
vn 0.17306526 -0.469936728 -0.865567982
vn 0.17306526 -0.469936728 -0.865567982
vn 0.157256201 -0.476665109 -0.864905119
vn 0.30902946 -0.80971694 -0.498857945
vn 0.17306526 -0.469936728 -0.865567982
vn 0.30902946 -0.80971694 -0.498857945
vn 0.329574615 -0.801027238 -0.499735892
vn 0.329574615 -0.801027238 -0.499735892
vn 0.30902946 -0.80971694 -0.498857945
vn 0.377998531 -0.925805807 0.000857810024
vn 0.329574615 -0.801027238 -0.499735892
vn 0.377998531 -0.925805807 0.000857810024
vn 0.397774726 -0.917483091 0
vn 0.377998531 -0.925805807 0.000857810024
vn 0.38604489 -0.922479868 0.000536139996
vn 0.3512519 -0.791516781 0.500123262
vn 0.377998531 -0.925805807 0.000857810024
vn 0.3512519 -0.791516781 0.500123262
vn 0.345683187 -0.793825746 0.50034374
vn 0.345683187 -0.793825746 0.50034374
vn 0.3512519 -0.791516781 0.500123262
vn 0.222341239 -0.448467433 0.865702808
vn 0.345683187 -0.793825746 0.50034374
vn 0.222341239 -0.448467433 0.865702808
vn 0.22074233 -0.449140698 0.865762949
vn 0.22074233 -0.449140698 0.865762949
vn 0.222341239 -0.448467433 0.865702808
vn 0.0338544287 0.0147484001 0.999317944
vn 0.22074233 -0.449140698 0.865762949
vn 0.0338544287 0.0147484001 0.999317944
vn 0.0366537385 0.0158912297 0.999201655
vn 0.0366537385 0.0158912297 0.999201655
vn 0.0338544287 0.0147484001 0.999317944
vn -0.16370365 0.474012405 0.865166664
vn 0.0366537385 0.0158912297 0.999201655
vn -0.16370365 0.474012405 0.865166664
vn -0.157256201 0.476665109 0.864905119
vn -0.157256201 0.476665109 0.864905119
vn -0.16370365 0.474012405 0.865166664
vn -0.317397475 0.806265175 0.499194682
vn -0.157256201 0.476665109 0.864905119
vn -0.317397475 0.806265175 0.499194682
vn -0.30902946 0.80971694 0.498857945
vn -0.30902946 0.80971694 0.498857945
vn -0.317397475 0.806265175 0.499194682
vn -0.38604489 0.922479868 -0.000536139996
vn -0.30902946 0.80971694 0.498857945
vn -0.38604489 0.922479868 -0.000536139996
vn -0.377998531 0.925805807 -0.000857810024
vn -0.377998531 0.925805807 -0.000857810024
vn -0.38604489 0.922479868 -0.000536139996
vn -0.3512519 0.791516781 -0.500123262
vn -0.377998531 0.925805807 -0.000857810024
vn -0.3512519 0.791516781 -0.500123262
vn -0.345683187 0.793825746 -0.50034374
vn -0.345683187 0.793825746 -0.50034374
vn -0.3512519 0.791516781 -0.500123262
vn -0.222341239 0.448467433 -0.865702808
vn -0.345683187 0.793825746 -0.50034374
vn -0.222341239 0.448467433 -0.865702808
vn -0.22074233 0.449140698 -0.865762949
vn -0.22074233 0.449140698 -0.865762949
vn -0.222341239 0.448467433 -0.865702808
vn -0.0338544287 -0.0147484001 -0.999317944
vn -0.22074233 0.449140698 -0.865762949
vn -0.0338544287 -0.0147484001 -0.999317944
vn -0.0366537385 -0.0158912297 -0.999201655
vn -0.0366537385 -0.0158912297 -0.999201655
vn -0.0338544287 -0.0147484001 -0.999317944
vn 0.16370365 -0.474012405 -0.865166664
vn -0.0366537385 -0.0158912297 -0.999201655
vn 0.16370365 -0.474012405 -0.865166664
vn 0.157256201 -0.476665109 -0.864905119
vn 0.157256201 -0.476665109 -0.864905119
vn 0.16370365 -0.474012405 -0.865166664
vn 0.317397475 -0.806265175 -0.499194682
vn 0.157256201 -0.476665109 -0.864905119
vn 0.317397475 -0.806265175 -0.499194682
vn 0.30902946 -0.80971694 -0.498857945
vn 0.30902946 -0.80971694 -0.498857945
vn 0.317397475 -0.806265175 -0.499194682
vn 0.38604489 -0.922479868 0.000536139996
vn 0.30902946 -0.80971694 -0.498857945
vn 0.38604489 -0.922479868 0.000536139996
vn 0.377998531 -0.925805807 0.000857810024
vn 0.38604489 -0.922479868 0.000536139996
vn 0.456199318 -0.889877617 -0.000238499997
vn 0.399589002 -0.768479168 0.499768376
vn 0.38604489 -0.922479868 0.000536139996
vn 0.399589002 -0.768479168 0.499768376
vn 0.3512519 -0.791516781 0.500123262
vn 0.3512519 -0.791516781 0.500123262
vn 0.399589002 -0.768479168 0.499768376
vn 0.235909104 -0.441167355 0.865862727
vn 0.3512519 -0.791516781 0.500123262
vn 0.235909104 -0.441167355 0.865862727
vn 0.222341239 -0.448467433 0.865702808
vn 0.222341239 -0.448467433 0.865702808
vn 0.235909104 -0.441167355 0.865862727
vn 0.00901756994 0.00435488997 0.999949872
vn 0.222341239 -0.448467433 0.865702808
vn 0.00901756994 0.00435488997 0.999949872
vn 0.0338544287 0.0147484001 0.999317944
vn 0.0338544287 0.0147484001 0.999317944
vn 0.00901756994 0.00435488997 0.999949872
vn -0.220290214 0.448710233 0.866101205
vn 0.0338544287 0.0147484001 0.999317944
vn -0.220290214 0.448710233 0.866101205
vn -0.16370365 0.474012405 0.865166664
vn -0.16370365 0.474012405 0.865166664
vn -0.220290214 0.448710233 0.866101205
vn -0.390571415 0.772834063 0.500181496
vn -0.16370365 0.474012405 0.865166664
vn -0.390571415 0.772834063 0.500181496
vn -0.317397475 0.806265175 0.499194682
vn -0.317397475 0.806265175 0.499194682
vn -0.390571415 0.772834063 0.500181496
vn -0.456199318 0.889877617 0.000238499997
vn -0.317397475 0.806265175 0.499194682
vn -0.456199318 0.889877617 0.000238499997
vn -0.38604489 0.922479868 -0.000536139996
vn -0.38604489 0.922479868 -0.000536139996
vn -0.456199318 0.889877617 0.000238499997
vn -0.399589002 0.768479168 -0.499768376
vn -0.38604489 0.922479868 -0.000536139996
vn -0.399589002 0.768479168 -0.499768376
vn -0.3512519 0.791516781 -0.500123262
vn -0.3512519 0.791516781 -0.500123262
vn -0.399589002 0.768479168 -0.499768376
vn -0.235909104 0.441167355 -0.865862727
vn -0.3512519 0.791516781 -0.500123262
vn -0.235909104 0.441167355 -0.865862727
vn -0.222341239 0.448467433 -0.865702808
vn -0.222341239 0.448467433 -0.865702808
vn -0.235909104 0.441167355 -0.865862727
vn -0.00901756994 -0.00435488997 -0.999949872
vn -0.222341239 0.448467433 -0.865702808
vn -0.00901756994 -0.00435488997 -0.999949872
vn -0.0338544287 -0.0147484001 -0.999317944
vn -0.0338544287 -0.0147484001 -0.999317944
vn -0.00901756994 -0.00435488997 -0.999949872
vn 0.220290214 -0.448710233 -0.866101205
vn -0.0338544287 -0.0147484001 -0.999317944
vn 0.220290214 -0.448710233 -0.866101205
vn 0.16370365 -0.474012405 -0.865166664
vn 0.16370365 -0.474012405 -0.865166664
vn 0.220290214 -0.448710233 -0.866101205
vn 0.390571415 -0.772834063 -0.500181496
vn 0.16370365 -0.474012405 -0.865166664
vn 0.390571415 -0.772834063 -0.500181496
vn 0.317397475 -0.806265175 -0.499194682
vn 0.317397475 -0.806265175 -0.499194682
vn 0.390571415 -0.772834063 -0.500181496
vn 0.456199318 -0.889877617 -0.000238499997
vn 0.317397475 -0.806265175 -0.499194682
vn 0.456199318 -0.889877617 -0.000238499997
vn 0.38604489 -0.922479868 0.000536139996
vn 0.456199318 -0.889877617 -0.000238499997
vn 0.598830163 -0.800835729 0.00803466979
vn 0.496721566 -0.704895139 0.506350279
vn 0.456199318 -0.889877617 -0.000238499997
vn 0.496721566 -0.704895139 0.506350279
vn 0.399589002 -0.768479168 0.499768376
vn 0.399589002 -0.768479168 0.499768376
vn 0.496721566 -0.704895139 0.506350279
vn 0.261516839 -0.420078397 0.868989706
vn 0.399589002 -0.768479168 0.499768376
vn 0.261516839 -0.420078397 0.868989706
vn 0.235909104 -0.441167355 0.865862727
vn 0.235909104 -0.441167355 0.865862727
vn 0.261516839 -0.420078397 0.868989706
vn -0.0437611192 -0.0227020103 0.998784065
vn 0.235909104 -0.441167355 0.865862727
vn -0.0437611192 -0.0227020103 0.998784065
vn 0.00901756994 0.00435488997 0.999949872
vn 0.00901756994 0.00435488997 0.999949872
vn -0.0437611192 -0.0227020103 0.998784065
vn -0.337313324 0.380757362 0.86095506
vn 0.00901756994 0.00435488997 0.999949872
vn -0.337313324 0.380757362 0.86095506
vn -0.220290214 0.448710233 0.866101205
vn -0.220290214 0.448710233 0.866101205
vn -0.337313324 0.380757362 0.86095506
vn -0.5404827 0.6821931 0.492433786
vn -0.220290214 0.448710233 0.866101205
vn -0.5404827 0.6821931 0.492433786
vn -0.390571415 0.772834063 0.500181496
vn -0.390571415 0.772834063 0.500181496
vn -0.5404827 0.6821931 0.492433786
vn -0.598830163 0.800835729 -0.00803466979
vn -0.390571415 0.772834063 0.500181496
vn -0.598830163 0.800835729 -0.00803466979
vn -0.456199318 0.889877617 0.000238499997
vn -0.456199318 0.889877617 0.000238499997
vn -0.598830163 0.800835729 -0.00803466979
vn -0.496721566 0.704895139 -0.506350279
vn -0.456199318 0.889877617 0.000238499997
vn -0.496721566 0.704895139 -0.506350279
vn -0.399589002 0.768479168 -0.499768376
vn -0.399589002 0.768479168 -0.499768376
vn -0.496721566 0.704895139 -0.506350279
vn -0.261516839 0.420078397 -0.868989706
vn -0.399589002 0.768479168 -0.499768376
vn -0.261516839 0.420078397 -0.868989706
vn -0.235909104 0.441167355 -0.865862727
vn -0.235909104 0.441167355 -0.865862727
vn -0.261516839 0.420078397 -0.868989706
vn 0.0437611192 0.0227020103 -0.998784065
vn -0.235909104 0.441167355 -0.865862727
vn 0.0437611192 0.0227020103 -0.998784065
vn -0.00901756994 -0.00435488997 -0.999949872
vn -0.00901756994 -0.00435488997 -0.999949872
vn 0.0437611192 0.0227020103 -0.998784065
vn 0.337313324 -0.380757362 -0.86095506
vn -0.00901756994 -0.00435488997 -0.999949872
vn 0.337313324 -0.380757362 -0.86095506
vn 0.220290214 -0.448710233 -0.866101205
vn 0.220290214 -0.448710233 -0.866101205
vn 0.337313324 -0.380757362 -0.86095506
vn 0.5404827 -0.6821931 -0.492433786
vn 0.220290214 -0.448710233 -0.866101205
vn 0.5404827 -0.6821931 -0.492433786
vn 0.390571415 -0.772834063 -0.500181496
vn 0.390571415 -0.772834063 -0.500181496
vn 0.5404827 -0.6821931 -0.492433786
vn 0.598830163 -0.800835729 0.00803466979
vn 0.390571415 -0.772834063 -0.500181496
vn 0.598830163 -0.800835729 0.00803466979
vn 0.456199318 -0.889877617 -0.000238499997
vn 0.598830163 -0.800835729 0.00803466979
vn 0.821169019 -0.570260108 0.0220199507
vn 0.690531194 -0.504268944 0.518535912
vn 0.598830163 -0.800835729 0.00803466979
vn 0.690531194 -0.504268944 0.518535912
vn 0.496721566 -0.704895139 0.506350279
vn 0.496721566 -0.704895139 0.506350279
vn 0.690531194 -0.504268944 0.518535912
vn 0.374866128 -0.303159267 0.876110613
vn 0.496721566 -0.704895139 0.506350279
vn 0.374866128 -0.303159267 0.876110613
vn 0.261516839 -0.420078397 0.868989706
vn 0.261516839 -0.420078397 0.868989706
vn 0.374866128 -0.303159267 0.876110613
vn -0.0412440114 -0.0208183303 0.998932183
vn 0.261516839 -0.420078397 0.868989706
vn -0.0412440114 -0.0208183303 0.998932183
vn -0.0437611192 -0.0227020103 0.998784065
vn -0.0437611192 -0.0227020103 0.998784065
vn -0.0412440114 -0.0208183303 0.998932183
vn -0.446302861 0.267100871 0.854090691
vn -0.0437611192 -0.0227020103 0.998784065
vn -0.446302861 0.267100871 0.854090691
vn -0.337313324 0.380757362 0.86095506
vn -0.337313324 0.380757362 0.86095506
vn -0.446302861 0.267100871 0.854090691
vn -0.731775224 0.483450592 0.480396271
vn -0.337313324 0.380757362 0.86095506
vn -0.731775224 0.483450592 0.480396271
vn -0.5404827 0.6821931 0.492433786
vn -0.5404827 0.6821931 0.492433786
vn -0.731775224 0.483450592 0.480396271
vn -0.821169019 0.570260108 -0.0220199507
vn -0.5404827 0.6821931 0.492433786
vn -0.821169019 0.570260108 -0.0220199507
vn -0.598830163 0.800835729 -0.00803466979
vn -0.598830163 0.800835729 -0.00803466979
vn -0.821169019 0.570260108 -0.0220199507
vn -0.690531194 0.504268944 -0.518535912
vn -0.598830163 0.800835729 -0.00803466979
vn -0.690531194 0.504268944 -0.518535912
vn -0.496721566 0.704895139 -0.506350279
vn -0.496721566 0.704895139 -0.506350279
vn -0.690531194 0.504268944 -0.518535912
vn -0.374866128 0.303159267 -0.876110613
vn -0.496721566 0.704895139 -0.506350279
vn -0.374866128 0.303159267 -0.876110613
vn -0.261516839 0.420078397 -0.868989706
vn -0.261516839 0.420078397 -0.868989706
vn -0.374866128 0.303159267 -0.876110613
vn 0.0412440114 0.0208183303 -0.998932183
vn -0.261516839 0.420078397 -0.868989706
vn 0.0412440114 0.0208183303 -0.998932183
vn 0.0437611192 0.0227020103 -0.998784065
vn 0.0437611192 0.0227020103 -0.998784065
vn 0.0412440114 0.0208183303 -0.998932183
vn 0.446302861 -0.267100871 -0.854090691
vn 0.0437611192 0.0227020103 -0.998784065
vn 0.446302861 -0.267100871 -0.854090691
vn 0.337313324 -0.380757362 -0.86095506
vn 0.337313324 -0.380757362 -0.86095506
vn 0.446302861 -0.267100871 -0.854090691
vn 0.731775224 -0.483450592 -0.480396271
vn 0.337313324 -0.380757362 -0.86095506
vn 0.731775224 -0.483450592 -0.480396271
vn 0.5404827 -0.6821931 -0.492433786
vn 0.5404827 -0.6821931 -0.492433786
vn 0.731775224 -0.483450592 -0.480396271
vn 0.821169019 -0.570260108 0.0220199507
vn 0.5404827 -0.6821931 -0.492433786
vn 0.821169019 -0.570260108 0.0220199507
vn 0.598830163 -0.800835729 0.00803466979
vn 0.821169019 -0.570260108 0.0220199507
vn 0.956626534 -0.29131484 0.00116978004
vn 0.837823272 -0.219545081 0.499852121
vn 0.821169019 -0.570260108 0.0220199507
vn 0.837823272 -0.219545081 0.499852121
vn 0.690531194 -0.504268944 0.518535912
vn 0.690531194 -0.504268944 0.518535912
vn 0.837823272 -0.219545081 0.499852121
vn 0.494525939 -0.0889483914 0.864599466
vn 0.690531194 -0.504268944 0.518535912
vn 0.494525939 -0.0889483914 0.864599466
vn 0.374866128 -0.303159267 0.876110613
vn 0.374866128 -0.303159267 0.876110613
vn 0.494525939 -0.0889483914 0.864599466
vn 0.0187207796 0.0654819533 0.997678101
vn 0.374866128 -0.303159267 0.876110613
vn 0.0187207796 0.0654819533 0.997678101
vn -0.0412440114 -0.0208183303 0.998932183
vn -0.0412440114 -0.0208183303 0.998932183
vn 0.0187207796 0.0654819533 0.997678101
vn -0.462100565 0.202366456 0.863429725
vn -0.0412440114 -0.0208183303 0.998932183
vn -0.462100565 0.202366456 0.863429725
vn -0.446302861 0.267100871 0.854090691
vn -0.446302861 0.267100871 0.854090691
vn -0.462100565 0.202366456 0.863429725
vn -0.819102466 0.285027027 0.49782601
vn -0.446302861 0.267100871 0.854090691
vn -0.819102466 0.285027027 0.49782601
vn -0.731775224 0.483450592 0.480396271
vn -0.731775224 0.483450592 0.480396271
vn -0.819102466 0.285027027 0.49782601
vn -0.956626534 0.29131484 -0.00116978004
vn -0.731775224 0.483450592 0.480396271
vn -0.956626534 0.29131484 -0.00116978004
vn -0.821169019 0.570260108 -0.0220199507
vn -0.821169019 0.570260108 -0.0220199507
vn -0.956626534 0.29131484 -0.00116978004
vn -0.837823272 0.219545081 -0.499852121
vn -0.821169019 0.570260108 -0.0220199507
vn -0.837823272 0.219545081 -0.499852121
vn -0.690531194 0.504268944 -0.518535912
vn -0.690531194 0.504268944 -0.518535912
vn -0.837823272 0.219545081 -0.499852121
vn -0.494525939 0.0889483914 -0.864599466
vn -0.690531194 0.504268944 -0.518535912
vn -0.494525939 0.0889483914 -0.864599466
vn -0.374866128 0.303159267 -0.876110613
vn -0.374866128 0.303159267 -0.876110613
vn -0.494525939 0.0889483914 -0.864599466
vn -0.0187207796 -0.0654819533 -0.997678101
vn -0.374866128 0.303159267 -0.876110613
vn -0.0187207796 -0.0654819533 -0.997678101
vn 0.0412440114 0.0208183303 -0.998932183
vn 0.0412440114 0.0208183303 -0.998932183
vn -0.0187207796 -0.0654819533 -0.997678101
vn 0.462100565 -0.202366456 -0.863429725
vn 0.0412440114 0.0208183303 -0.998932183
vn 0.462100565 -0.202366456 -0.863429725
vn 0.446302861 -0.267100871 -0.854090691
vn 0.446302861 -0.267100871 -0.854090691
vn 0.462100565 -0.202366456 -0.863429725
vn 0.819102466 -0.285027027 -0.49782601
vn 0.446302861 -0.267100871 -0.854090691
vn 0.819102466 -0.285027027 -0.49782601
vn 0.731775224 -0.483450592 -0.480396271
vn 0.731775224 -0.483450592 -0.480396271
vn 0.819102466 -0.285027027 -0.49782601
vn 0.956626534 -0.29131484 0.00116978004
vn 0.731775224 -0.483450592 -0.480396271
vn 0.956626534 -0.29131484 0.00116978004
vn 0.821169019 -0.570260108 0.0220199507
vn 0.956626534 -0.29131484 0.00116978004
vn 0.990006864 -0.140844747 -0.00700927991
vn 0.864540994 -0.0964256302 0.493225098
vn 0.956626534 -0.29131484 0.00116978004
vn 0.864540994 -0.0964256302 0.493225098
vn 0.837823272 -0.219545081 0.499852121
vn 0.837823272 -0.219545081 0.499852121
vn 0.864540994 -0.0964256302 0.493225098
vn 0.50742203 -0.0261693504 0.86130023
vn 0.837823272 -0.219545081 0.499852121
vn 0.50742203 -0.0261693504 0.86130023
vn 0.494525939 -0.0889483914 0.864599466
vn 0.494525939 -0.0889483914 0.864599466
vn 0.50742203 -0.0261693504 0.86130023
vn 0.0143397301 0.0510989912 0.998590648
vn 0.494525939 -0.0889483914 0.864599466
vn 0.0143397301 0.0510989912 0.998590648
vn 0.0187207796 0.0654819533 0.997678101
vn 0.0187207796 0.0654819533 0.997678101
vn 0.0143397301 0.0510989912 0.998590648
vn -0.482584864 0.114675403 0.868309498
vn 0.0187207796 0.0654819533 0.997678101
vn -0.482584864 0.114675403 0.868309498
vn -0.462100565 0.202366456 0.863429725
vn -0.462100565 0.202366456 0.863429725
vn -0.482584864 0.114675403 0.868309498
vn -0.850201249 0.147524625 0.505365551
vn -0.462100565 0.202366456 0.863429725
vn -0.850201249 0.147524625 0.505365551
vn -0.819102466 0.285027027 0.49782601
vn -0.819102466 0.285027027 0.49782601
vn -0.850201249 0.147524625 0.505365551
vn -0.990006864 0.140844747 0.00700927991
vn -0.819102466 0.285027027 0.49782601
vn -0.990006864 0.140844747 0.00700927991
vn -0.956626534 0.29131484 -0.00116978004
vn -0.956626534 0.29131484 -0.00116978004
vn -0.990006864 0.140844747 0.00700927991
vn -0.864540994 0.0964256302 -0.493225098
vn -0.956626534 0.29131484 -0.00116978004
vn -0.864540994 0.0964256302 -0.493225098
vn -0.837823272 0.219545081 -0.499852121
vn -0.837823272 0.219545081 -0.499852121
vn -0.864540994 0.0964256302 -0.493225098
vn -0.50742203 0.0261693504 -0.86130023
vn -0.837823272 0.219545081 -0.499852121
vn -0.50742203 0.0261693504 -0.86130023
vn -0.494525939 0.0889483914 -0.864599466
vn -0.494525939 0.0889483914 -0.864599466
vn -0.50742203 0.0261693504 -0.86130023
vn -0.0143397301 -0.0510989912 -0.998590648
vn -0.494525939 0.0889483914 -0.864599466
vn -0.0143397301 -0.0510989912 -0.998590648
vn -0.0187207796 -0.0654819533 -0.997678101
vn -0.0187207796 -0.0654819533 -0.997678101
vn -0.0143397301 -0.0510989912 -0.998590648
vn 0.482584864 -0.114675403 -0.868309498
vn -0.0187207796 -0.0654819533 -0.997678101
vn 0.482584864 -0.114675403 -0.868309498
vn 0.462100565 -0.202366456 -0.863429725
vn 0.462100565 -0.202366456 -0.863429725
vn 0.482584864 -0.114675403 -0.868309498
vn 0.850201249 -0.147524625 -0.505365551
vn 0.462100565 -0.202366456 -0.863429725
vn 0.850201249 -0.147524625 -0.505365551
vn 0.819102466 -0.285027027 -0.49782601
vn 0.819102466 -0.285027027 -0.49782601
vn 0.850201249 -0.147524625 -0.505365551
vn 0.990006864 -0.140844747 -0.00700927991
vn 0.819102466 -0.285027027 -0.49782601
vn 0.990006864 -0.140844747 -0.00700927991
vn 0.956626534 -0.29131484 0.00116978004
vn 0.990006864 -0.140844747 -0.00700927991
vn 0.997391582 -0.0718889385 0.00648378022
vn 0.853731275 -0.157220513 0.496411771
vn 0.990006864 -0.140844747 -0.00700927991
vn 0.853731275 -0.157220513 0.496411771
vn 0.864540994 -0.0964256302 0.493225098
vn 0.864540994 -0.0964256302 0.493225098
vn 0.853731275 -0.157220513 0.496411771
vn 0.481314361 -0.200424984 0.853326619
vn 0.864540994 -0.0964256302 0.493225098
vn 0.481314361 -0.200424984 0.853326619
vn 0.50742203 -0.0261693504 0.86130023
vn 0.50742203 -0.0261693504 0.86130023
vn 0.481314361 -0.200424984 0.853326619
vn -0.0200703405 -0.18992573 0.981593311
vn 0.50742203 -0.0261693504 0.86130023
vn -0.0200703405 -0.18992573 0.981593311
vn 0.0143397301 0.0510989912 0.998590648
vn 0.0143397301 0.0510989912 0.998590648
vn -0.0200703405 -0.18992573 0.981593311
vn -0.51607722 -0.128536046 0.846842825
vn 0.0143397301 0.0510989912 0.998590648
vn -0.51607722 -0.128536046 0.846842825
vn -0.482584864 0.114675403 0.868309498
vn -0.482584864 0.114675403 0.868309498
vn -0.51607722 -0.128536046 0.846842825
vn -0.873801589 -0.0327052213 0.48518154
vn -0.482584864 0.114675403 0.868309498
vn -0.873801589 -0.0327052213 0.48518154
vn -0.850201249 0.147524625 0.505365551
vn -0.850201249 0.147524625 0.505365551
vn -0.873801589 -0.0327052213 0.48518154
vn -0.997391582 0.0718889385 -0.00648378022
vn -0.850201249 0.147524625 0.505365551
vn -0.997391582 0.0718889385 -0.00648378022
vn -0.990006864 0.140844747 0.00700927991
vn -0.990006864 0.140844747 0.00700927991
vn -0.997391582 0.0718889385 -0.00648378022
vn -0.853731275 0.157220513 -0.496411771
vn -0.990006864 0.140844747 0.00700927991
vn -0.853731275 0.157220513 -0.496411771
vn -0.864540994 0.0964256302 -0.493225098
vn -0.864540994 0.0964256302 -0.493225098
vn -0.853731275 0.157220513 -0.496411771
vn -0.481314361 0.200424984 -0.853326619
vn -0.864540994 0.0964256302 -0.493225098
vn -0.481314361 0.200424984 -0.853326619
vn -0.50742203 0.0261693504 -0.86130023
vn -0.50742203 0.0261693504 -0.86130023
vn -0.481314361 0.200424984 -0.853326619
vn 0.0200703405 0.18992573 -0.981593311
vn -0.50742203 0.0261693504 -0.86130023
vn 0.0200703405 0.18992573 -0.981593311
vn -0.0143397301 -0.0510989912 -0.998590648
vn -0.0143397301 -0.0510989912 -0.998590648
vn 0.0200703405 0.18992573 -0.981593311
vn 0.51607722 0.128536046 -0.846842825
vn -0.0143397301 -0.0510989912 -0.998590648
vn 0.51607722 0.128536046 -0.846842825
vn 0.482584864 -0.114675403 -0.868309498
vn 0.482584864 -0.114675403 -0.868309498
vn 0.51607722 0.128536046 -0.846842825
vn 0.873801589 0.0327052213 -0.48518154
vn 0.482584864 -0.114675403 -0.868309498
vn 0.873801589 0.0327052213 -0.48518154
vn 0.850201249 -0.147524625 -0.505365551
vn 0.850201249 -0.147524625 -0.505365551
vn 0.873801589 0.0327052213 -0.48518154
vn 0.997391582 -0.0718889385 0.00648378022
vn 0.850201249 -0.147524625 -0.505365551
vn 0.997391582 -0.0718889385 0.00648378022
vn 0.990006864 -0.140844747 -0.00700927991
vn 0.997391582 -0.0718889385 0.00648378022
vn 0.997575283 -0.0690237135 0.00890433043
vn 0.83828336 -0.381061286 0.389965773
vn 0.997391582 -0.0718889385 0.00648378022
vn 0.83828336 -0.381061286 0.389965773
vn 0.853731275 -0.157220513 0.496411771
vn 0.853731275 -0.157220513 0.496411771
vn 0.83828336 -0.381061286 0.389965773
vn 0.454374075 -0.590993822 0.666536212
vn 0.853731275 -0.157220513 0.496411771
vn 0.454374075 -0.590993822 0.666536212
vn 0.481314361 -0.200424984 0.853326619
vn 0.481314361 -0.200424984 0.853326619
vn 0.454374075 -0.590993822 0.666536212
vn -0.0512843616 -0.642570019 0.764508784
vn 0.481314361 -0.200424984 0.853326619
vn -0.0512843616 -0.642570019 0.764508784
vn -0.0200703405 -0.18992573 0.981593311
vn -0.0200703405 -0.18992573 0.981593311
vn -0.0512843616 -0.642570019 0.764508784
vn -0.543201208 -0.521970093 0.657631874
vn -0.0200703405 -0.18992573 0.981593311
vn -0.543201208 -0.521970093 0.657631874
vn -0.51607722 -0.128536046 0.846842825
vn -0.51607722 -0.128536046 0.846842825
vn -0.543201208 -0.521970093 0.657631874
vn -0.889567733 -0.261508733 0.374543011
vn -0.51607722 -0.128536046 0.846842825
vn -0.889567733 -0.261508733 0.374543011
vn -0.873801589 -0.0327052213 0.48518154
vn -0.873801589 -0.0327052213 0.48518154
vn -0.889567733 -0.261508733 0.374543011
vn -0.997575283 0.0690237135 -0.00890433043
vn -0.873801589 -0.0327052213 0.48518154
vn -0.997575283 0.0690237135 -0.00890433043
vn -0.997391582 0.0718889385 -0.00648378022
vn -0.997391582 0.0718889385 -0.00648378022
vn -0.997575283 0.0690237135 -0.00890433043
vn -0.83828336 0.381061286 -0.389965773
vn -0.997391582 0.0718889385 -0.00648378022
vn -0.83828336 0.381061286 -0.389965773
vn -0.853731275 0.157220513 -0.496411771
vn -0.853731275 0.157220513 -0.496411771
vn -0.83828336 0.381061286 -0.389965773
vn -0.454374075 0.590993822 -0.666536212
vn -0.853731275 0.157220513 -0.496411771
vn -0.454374075 0.590993822 -0.666536212
vn -0.481314361 0.200424984 -0.853326619
vn -0.481314361 0.200424984 -0.853326619
vn -0.454374075 0.590993822 -0.666536212
vn 0.0512843616 0.642570019 -0.764508784
vn -0.481314361 0.200424984 -0.853326619
vn 0.0512843616 0.642570019 -0.764508784
vn 0.0200703405 0.18992573 -0.981593311
vn 0.0200703405 0.18992573 -0.981593311
vn 0.0512843616 0.642570019 -0.764508784
vn 0.543201208 0.521970093 -0.657631874
vn 0.0200703405 0.18992573 -0.981593311
vn 0.543201208 0.521970093 -0.657631874
vn 0.51607722 0.128536046 -0.846842825
vn 0.51607722 0.128536046 -0.846842825
vn 0.543201208 0.521970093 -0.657631874
vn 0.889567733 0.261508733 -0.374543011
vn 0.51607722 0.128536046 -0.846842825
vn 0.889567733 0.261508733 -0.374543011
vn 0.873801589 0.0327052213 -0.48518154
vn 0.873801589 0.0327052213 -0.48518154
vn 0.889567733 0.261508733 -0.374543011
vn 0.997575283 -0.0690237135 0.00890433043
vn 0.873801589 0.0327052213 -0.48518154
vn 0.997575283 -0.0690237135 0.00890433043
vn 0.997391582 -0.0718889385 0.00648378022
vn 0.997575283 -0.0690237135 0.00890433043
vn 0.997056663 -0.0760442689 -0.00976048037
vn 0.829616427 -0.532460332 0.167995885
vn 0.997575283 -0.0690237135 0.00890433043
vn 0.829616427 -0.532460332 0.167995885
vn 0.83828336 -0.381061286 0.389965773
vn 0.83828336 -0.381061286 0.389965773
vn 0.829616427 -0.532460332 0.167995885
vn 0.439881086 -0.846204102 0.300737888
vn 0.83828336 -0.381061286 0.389965773
vn 0.439881086 -0.846204102 0.300737888
vn 0.454374075 -0.590993822 0.666536212
vn 0.454374075 -0.590993822 0.666536212
vn 0.439881086 -0.846204102 0.300737888
vn -0.0677200109 -0.933208108 0.352897406
vn 0.454374075 -0.590993822 0.666536212
vn -0.0677200109 -0.933208108 0.352897406
vn -0.0512843616 -0.642570019 0.764508784
vn -0.0512843616 -0.642570019 0.764508784
vn -0.0677200109 -0.933208108 0.352897406
vn -0.557175577 -0.770159781 0.310498357
vn -0.0512843616 -0.642570019 0.764508784
vn -0.557175577 -0.770159781 0.310498357
vn -0.543201208 -0.521970093 0.657631874
vn -0.543201208 -0.521970093 0.657631874
vn -0.557175577 -0.770159781 0.310498357
vn -0.897336423 -0.400747806 0.184901536
vn -0.543201208 -0.521970093 0.657631874
vn -0.897336423 -0.400747806 0.184901536
vn -0.889567733 -0.261508733 0.374543011
vn -0.889567733 -0.261508733 0.374543011
vn -0.897336423 -0.400747806 0.184901536
vn -0.997056663 0.0760442689 0.00976048037
vn -0.889567733 -0.261508733 0.374543011
vn -0.997056663 0.0760442689 0.00976048037
vn -0.997575283 0.0690237135 -0.00890433043
vn -0.997575283 0.0690237135 -0.00890433043
vn -0.997056663 0.0760442689 0.00976048037
vn -0.829616427 0.532460332 -0.167995885
vn -0.997575283 0.0690237135 -0.00890433043
vn -0.829616427 0.532460332 -0.167995885
vn -0.83828336 0.381061286 -0.389965773
vn -0.83828336 0.381061286 -0.389965773
vn -0.829616427 0.532460332 -0.167995885
vn -0.439881086 0.846204102 -0.300737888
vn -0.83828336 0.381061286 -0.389965773
vn -0.439881086 0.846204102 -0.300737888
vn -0.454374075 0.590993822 -0.666536212
vn -0.454374075 0.590993822 -0.666536212
vn -0.439881086 0.846204102 -0.300737888
vn 0.0677200109 0.933208108 -0.352897406
vn -0.454374075 0.590993822 -0.666536212
vn 0.0677200109 0.933208108 -0.352897406
vn 0.0512843616 0.642570019 -0.764508784
vn 0.0512843616 0.642570019 -0.764508784
vn 0.0677200109 0.933208108 -0.352897406
vn 0.557175577 0.770159781 -0.310498357
vn 0.0512843616 0.642570019 -0.764508784
vn 0.557175577 0.770159781 -0.310498357
vn 0.543201208 0.521970093 -0.657631874
vn 0.543201208 0.521970093 -0.657631874
vn 0.557175577 0.770159781 -0.310498357
vn 0.897336423 0.400747806 -0.184901536
vn 0.543201208 0.521970093 -0.657631874
vn 0.897336423 0.400747806 -0.184901536
vn 0.889567733 0.261508733 -0.374543011
vn 0.889567733 0.261508733 -0.374543011
vn 0.897336423 0.400747806 -0.184901536
vn 0.997056663 -0.0760442689 -0.00976048037
vn 0.889567733 0.261508733 -0.374543011
vn 0.997056663 -0.0760442689 -0.00976048037
vn 0.997575283 -0.0690237135 0.00890433043
vn 0.997056663 -0.0760442689 -0.00976048037
vn 0.997102261 -0.0757023171 -0.0075023002
vn 0.826660335 -0.558468699 0.0688871965
vn 0.997056663 -0.0760442689 -0.00976048037
vn 0.826660335 -0.558468699 0.0688871965
vn 0.829616427 -0.532460332 0.167995885
vn 0.829616427 -0.532460332 0.167995885
vn 0.826660335 -0.558468699 0.0688871965
vn 0.43471542 -0.891593874 0.126818433
vn 0.829616427 -0.532460332 0.167995885
vn 0.43471542 -0.891593874 0.126818433
vn 0.439881086 -0.846204102 0.300737888
vn 0.439881086 -0.846204102 0.300737888
vn 0.43471542 -0.891593874 0.126818433
vn -0.073711127 -0.985817134 0.150768772
vn 0.439881086 -0.846204102 0.300737888
vn -0.073711127 -0.985817134 0.150768772
vn -0.0677200109 -0.933208108 0.352897406
vn -0.0677200109 -0.933208108 0.352897406
vn -0.073711127 -0.985817134 0.150768772
vn -0.562386811 -0.815891564 0.134320736
vn -0.0677200109 -0.933208108 0.352897406
vn -0.562386811 -0.815891564 0.134320736
vn -0.557175577 -0.770159781 0.310498357
vn -0.557175577 -0.770159781 0.310498357
vn -0.562386811 -0.815891564 0.134320736
vn -0.900371432 -0.427348465 0.0818815678
vn -0.557175577 -0.770159781 0.310498357
vn -0.900371432 -0.427348465 0.0818815678
vn -0.897336423 -0.400747806 0.184901536
vn -0.897336423 -0.400747806 0.184901536
vn -0.900371432 -0.427348465 0.0818815678
vn -0.997102261 0.0757023171 0.0075023002
vn -0.897336423 -0.400747806 0.184901536
vn -0.997102261 0.0757023171 0.0075023002
vn -0.997056663 0.0760442689 0.00976048037
vn -0.997056663 0.0760442689 0.00976048037
vn -0.997102261 0.0757023171 0.0075023002
vn -0.826660335 0.558468699 -0.0688871965
vn -0.997056663 0.0760442689 0.00976048037
vn -0.826660335 0.558468699 -0.0688871965
vn -0.829616427 0.532460332 -0.167995885
vn -0.829616427 0.532460332 -0.167995885
vn -0.826660335 0.558468699 -0.0688871965
vn -0.43471542 0.891593874 -0.126818433
vn -0.829616427 0.532460332 -0.167995885
vn -0.43471542 0.891593874 -0.126818433
vn -0.439881086 0.846204102 -0.300737888
vn -0.439881086 0.846204102 -0.300737888
vn -0.43471542 0.891593874 -0.126818433
vn 0.073711127 0.985817134 -0.150768772
vn -0.439881086 0.846204102 -0.300737888
vn 0.073711127 0.985817134 -0.150768772
vn 0.0677200109 0.933208108 -0.352897406
vn 0.0677200109 0.933208108 -0.352897406
vn 0.073711127 0.985817134 -0.150768772
vn 0.562386811 0.815891564 -0.134320736
vn 0.0677200109 0.933208108 -0.352897406
vn 0.562386811 0.815891564 -0.134320736
vn 0.557175577 0.770159781 -0.310498357
vn 0.557175577 0.770159781 -0.310498357
vn 0.562386811 0.815891564 -0.134320736
vn 0.900371432 0.427348465 -0.0818815678
vn 0.557175577 0.770159781 -0.310498357
vn 0.900371432 0.427348465 -0.0818815678
vn 0.897336423 0.400747806 -0.184901536
vn 0.897336423 0.400747806 -0.184901536
vn 0.900371432 0.427348465 -0.0818815678
vn 0.997102261 -0.0757023171 -0.0075023002
vn 0.897336423 0.400747806 -0.184901536
vn 0.997102261 -0.0757023171 -0.0075023002
vn 0.997056663 -0.0760442689 -0.00976048037
vn 0.997102261 -0.0757023171 -0.0075023002
vn 0.997169495 -0.0751860589 2.74199992e-05
vn 0.826069415 -0.562513709 0.0344618596
vn 0.997102261 -0.0757023171 -0.0075023002
vn 0.826069415 -0.562513709 0.0344618596
vn 0.826660335 -0.558468699 0.0688871965
vn 0.826660335 -0.558468699 0.0688871965
vn 0.826069415 -0.562513709 0.0344618596
vn 0.433624715 -0.899116218 0.0596622601
vn 0.826660335 -0.558468699 0.0688871965
vn 0.433624715 -0.899116218 0.0596622601
vn 0.43471542 -0.891593874 0.126818433
vn 0.43471542 -0.891593874 0.126818433
vn 0.433624715 -0.899116218 0.0596622601
vn -0.0750093907 -0.994801342 0.0688762069
vn 0.43471542 -0.891593874 0.126818433
vn -0.0750093907 -0.994801342 0.0688762069
vn -0.073711127 -0.985817134 0.150768772
vn -0.073711127 -0.985817134 0.150768772
vn -0.0750093907 -0.994801342 0.0688762069
vn -0.56354481 -0.823930204 0.0596348383
vn -0.073711127 -0.985817134 0.150768772
vn -0.56354481 -0.823930204 0.0596348383
vn -0.562386811 -0.815891564 0.134320736
vn -0.562386811 -0.815891564 0.134320736
vn -0.56354481 -0.823930204 0.0596348383
vn -0.90107882 -0.432287633 0.0344143584
vn -0.562386811 -0.815891564 0.134320736
vn -0.90107882 -0.432287633 0.0344143584
vn -0.900371432 -0.427348465 0.0818815678
vn -0.900371432 -0.427348465 0.0818815678
vn -0.90107882 -0.432287633 0.0344143584
vn -0.997169495 0.0751860589 -2.74199992e-05
vn -0.900371432 -0.427348465 0.0818815678
vn -0.997169495 0.0751860589 -2.74199992e-05
vn -0.997102261 0.0757023171 0.0075023002
vn -0.997102261 0.0757023171 0.0075023002
vn -0.997169495 0.0751860589 -2.74199992e-05
vn -0.826069415 0.562513709 -0.0344618596
vn -0.997102261 0.0757023171 0.0075023002
vn -0.826069415 0.562513709 -0.0344618596
vn -0.826660335 0.558468699 -0.0688871965
vn -0.826660335 0.558468699 -0.0688871965
vn -0.826069415 0.562513709 -0.0344618596
vn -0.433624715 0.899116218 -0.0596622601
vn -0.826660335 0.558468699 -0.0688871965
vn -0.433624715 0.899116218 -0.0596622601
vn -0.43471542 0.891593874 -0.126818433
vn -0.43471542 0.891593874 -0.126818433
vn -0.433624715 0.899116218 -0.0596622601
vn 0.0750093907 0.994801342 -0.0688762069
vn -0.43471542 0.891593874 -0.126818433
vn 0.0750093907 0.994801342 -0.0688762069
vn 0.073711127 0.985817134 -0.150768772
vn 0.073711127 0.985817134 -0.150768772
vn 0.0750093907 0.994801342 -0.0688762069
vn 0.56354481 0.823930204 -0.0596348383
vn 0.073711127 0.985817134 -0.150768772
vn 0.56354481 0.823930204 -0.0596348383
vn 0.562386811 0.815891564 -0.134320736
vn 0.562386811 0.815891564 -0.134320736
vn 0.56354481 0.823930204 -0.0596348383
vn 0.90107882 0.432287633 -0.0344143584
vn 0.562386811 0.815891564 -0.134320736
vn 0.90107882 0.432287633 -0.0344143584
vn 0.900371432 0.427348465 -0.0818815678
vn 0.900371432 0.427348465 -0.0818815678
vn 0.90107882 0.432287633 -0.0344143584
vn 0.997169495 -0.0751860589 2.74199992e-05
vn 0.900371432 0.427348465 -0.0818815678
vn 0.997169495 -0.0751860589 2.74199992e-05
vn 0.997102261 -0.0757023171 -0.0075023002
vn 0.997169495 -0.0751860589 2.74199992e-05
vn 0.997156203 -0.0751653835 0.00545069994
vn 0.825969756 -0.563676655 0.00652866997
vn 0.997169495 -0.0751860589 2.74199992e-05
vn 0.825969756 -0.563676655 0.00652866997
vn 0.826069415 -0.562513709 0.0344618596
vn 0.826069415 -0.562513709 0.0344618596
vn 0.825969756 -0.563676655 0.00652866997
vn 0.433465391 -0.90115118 0.00585727999
vn 0.826069415 -0.562513709 0.0344618596
vn 0.433465391 -0.90115118 0.00585727999
vn 0.433624715 -0.899116218 0.0596622601
vn 0.433624715 -0.899116218 0.0596622601
vn 0.433465391 -0.90115118 0.00585727999
vn -0.0751856714 -0.997162998 0.00361644989
vn 0.433624715 -0.899116218 0.0596622601
vn -0.0751856714 -0.997162998 0.00361644989
vn -0.0750093907 -0.994801342 0.0688762069
vn -0.0750093907 -0.994801342 0.0688762069
vn -0.0751856714 -0.997162998 0.00361644989
vn -0.563690782 -0.825985789 0.000406589999
vn -0.0750093907 -0.994801342 0.0688762069
vn -0.563690782 -0.825985789 0.000406589999
vn -0.56354481 -0.823930204 0.0596348383
vn -0.56354481 -0.823930204 0.0596348383
vn -0.563690782 -0.825985789 0.000406589999
vn -0.901155412 -0.433486372 -0.00291222008
vn -0.56354481 -0.823930204 0.0596348383
vn -0.901155412 -0.433486372 -0.00291222008
vn -0.90107882 -0.432287633 0.0344143584
vn -0.90107882 -0.432287633 0.0344143584
vn -0.901155412 -0.433486372 -0.00291222008
vn -0.997156203 0.0751653835 -0.00545069994
vn -0.90107882 -0.432287633 0.0344143584
vn -0.997156203 0.0751653835 -0.00545069994
vn -0.997169495 0.0751860589 -2.74199992e-05
vn -0.997169495 0.0751860589 -2.74199992e-05
vn -0.997156203 0.0751653835 -0.00545069994
vn -0.825969756 0.563676655 -0.00652866997
vn -0.997169495 0.0751860589 -2.74199992e-05
vn -0.825969756 0.563676655 -0.00652866997
vn -0.826069415 0.562513709 -0.0344618596
vn -0.826069415 0.562513709 -0.0344618596
vn -0.825969756 0.563676655 -0.00652866997
vn -0.433465391 0.90115118 -0.00585727999
vn -0.826069415 0.562513709 -0.0344618596
vn -0.433465391 0.90115118 -0.00585727999
vn -0.433624715 0.899116218 -0.0596622601
vn -0.433624715 0.899116218 -0.0596622601
vn -0.433465391 0.90115118 -0.00585727999
vn 0.0751856714 0.997162998 -0.00361644989
vn -0.433624715 0.899116218 -0.0596622601
vn 0.0751856714 0.997162998 -0.00361644989
vn 0.0750093907 0.994801342 -0.0688762069
vn 0.0750093907 0.994801342 -0.0688762069
vn 0.0751856714 0.997162998 -0.00361644989
vn 0.563690782 0.825985789 -0.000406589999
vn 0.0750093907 0.994801342 -0.0688762069
vn 0.563690782 0.825985789 -0.000406589999
vn 0.56354481 0.823930204 -0.0596348383
vn 0.56354481 0.823930204 -0.0596348383
vn 0.563690782 0.825985789 -0.000406589999
vn 0.901155412 0.433486372 0.00291222008
vn 0.56354481 0.823930204 -0.0596348383
vn 0.901155412 0.433486372 0.00291222008
vn 0.90107882 0.432287633 -0.0344143584
vn 0.90107882 0.432287633 -0.0344143584
vn 0.901155412 0.433486372 0.00291222008
vn 0.997156203 -0.0751653835 0.00545069994
vn 0.90107882 0.432287633 -0.0344143584
vn 0.997156203 -0.0751653835 0.00545069994
vn 0.997169495 -0.0751860589 2.74199992e-05
vn 0.997156203 -0.0751653835 0.00545069994
vn 0.997048855 -0.0757700875 0.0123501299
vn 0.826272666 -0.562278509 -0.0334130898
vn 0.997156203 -0.0751653835 0.00545069994
vn 0.826272666 -0.562278509 -0.0334130898
vn 0.825969756 -0.563676655 0.00652866997
vn 0.825969756 -0.563676655 0.00652866997
vn 0.826272666 -0.562278509 -0.0334130898
vn 0.434097379 -0.898124814 -0.0702232867
vn 0.825969756 -0.563676655 0.00652866997
vn 0.434097379 -0.898124814 -0.0702232867
vn 0.433465391 -0.90115118 0.00585727999
vn 0.433465391 -0.90115118 0.00585727999
vn 0.434097379 -0.898124814 -0.0702232867
vn -0.0743939504 -0.993319333 -0.0882172212
vn 0.433465391 -0.90115118 0.00585727999
vn -0.0743939504 -0.993319333 -0.0882172212
vn -0.0751856714 -0.997162998 0.00361644989
vn -0.0751856714 -0.997162998 0.00361644989
vn -0.0743939504 -0.993319333 -0.0882172212
vn -0.562951446 -0.822354734 -0.0825734064
vn -0.0751856714 -0.997162998 0.00361644989
vn -0.562951446 -0.822354734 -0.0825734064
vn -0.563690782 -0.825985789 0.000406589999
vn -0.563690782 -0.825985789 0.000406589999
vn -0.562951446 -0.822354734 -0.0825734064
vn -0.900666595 -0.431040853 -0.0548041314
vn -0.563690782 -0.825985789 0.000406589999
vn -0.900666595 -0.431040853 -0.0548041314
vn -0.901155412 -0.433486372 -0.00291222008
vn -0.901155412 -0.433486372 -0.00291222008
vn -0.900666595 -0.431040853 -0.0548041314
vn -0.997048855 0.0757700875 -0.0123501299
vn -0.901155412 -0.433486372 -0.00291222008
vn -0.997048855 0.0757700875 -0.0123501299
vn -0.997156203 0.0751653835 -0.00545069994
vn -0.997156203 0.0751653835 -0.00545069994
vn -0.997048855 0.0757700875 -0.0123501299
vn -0.826272666 0.562278509 0.0334130898
vn -0.997156203 0.0751653835 -0.00545069994
vn -0.826272666 0.562278509 0.0334130898
vn -0.825969756 0.563676655 -0.00652866997
vn -0.825969756 0.563676655 -0.00652866997
vn -0.826272666 0.562278509 0.0334130898
vn -0.434097379 0.898124814 0.0702232867
vn -0.825969756 0.563676655 -0.00652866997
vn -0.434097379 0.898124814 0.0702232867
vn -0.433465391 0.90115118 -0.00585727999
vn -0.433465391 0.90115118 -0.00585727999
vn -0.434097379 0.898124814 0.0702232867
vn 0.0743939504 0.993319333 0.0882172212
vn -0.433465391 0.90115118 -0.00585727999
vn 0.0743939504 0.993319333 0.0882172212
vn 0.0751856714 0.997162998 -0.00361644989
vn 0.0751856714 0.997162998 -0.00361644989
vn 0.0743939504 0.993319333 0.0882172212
vn 0.562951446 0.822354734 0.0825734064
vn 0.0751856714 0.997162998 -0.00361644989
vn 0.562951446 0.822354734 0.0825734064
vn 0.563690782 0.825985789 -0.000406589999
vn 0.563690782 0.825985789 -0.000406589999
vn 0.562951446 0.822354734 0.0825734064
vn 0.900666595 0.431040853 0.0548041314
vn 0.563690782 0.825985789 -0.000406589999
vn 0.900666595 0.431040853 0.0548041314
vn 0.901155412 0.433486372 0.00291222008
vn 0.901155412 0.433486372 0.00291222008
vn 0.900666595 0.431040853 0.0548041314
vn 0.997048855 -0.0757700875 0.0123501299
vn 0.901155412 0.433486372 0.00291222008
vn 0.997048855 -0.0757700875 0.0123501299
vn 0.997156203 -0.0751653835 0.00545069994
vn 0.997048855 -0.0757700875 0.0123501299
vn 0.997048974 -0.0757688135 0.0123463999
vn 0.829653382 -0.537145317 -0.152151689
vn 0.997048855 -0.0757700875 0.0123501299
vn 0.829653382 -0.537145317 -0.152151689
vn 0.826272666 -0.562278509 -0.0334130898
vn 0.826272666 -0.562278509 -0.0334130898
vn 0.829653382 -0.537145317 -0.152151689
vn 0.43995285 -0.854594171 -0.275880873
vn 0.826272666 -0.562278509 -0.0334130898
vn 0.43995285 -0.854594171 -0.275880873
vn 0.434097379 -0.898124814 -0.0702232867
vn 0.434097379 -0.898124814 -0.0702232867
vn 0.43995285 -0.854594171 -0.275880873
vn -0.0676326826 -0.943055212 -0.325687975
vn 0.434097379 -0.898124814 -0.0702232867
vn -0.0676326826 -0.943055212 -0.325687975
vn -0.0743939504 -0.993319333 -0.0882172212
vn -0.0743939504 -0.993319333 -0.0882172212
vn -0.0676326826 -0.943055212 -0.325687975
vn -0.557096124 -0.778825402 -0.28822726
vn -0.0743939504 -0.993319333 -0.0882172212
vn -0.557096124 -0.778825402 -0.28822726
vn -0.562951446 -0.822354734 -0.0825734064
vn -0.562951446 -0.822354734 -0.0825734064
vn -0.557096124 -0.778825402 -0.28822726
vn -0.897286057 -0.405909896 -0.173536286
vn -0.562951446 -0.822354734 -0.0825734064
vn -0.897286057 -0.405909896 -0.173536286
vn -0.900666595 -0.431040853 -0.0548041314
vn -0.900666595 -0.431040853 -0.0548041314
vn -0.897286057 -0.405909896 -0.173536286
vn -0.997048974 0.0757688135 -0.0123463999
vn -0.900666595 -0.431040853 -0.0548041314
vn -0.997048974 0.0757688135 -0.0123463999
vn -0.997048855 0.0757700875 -0.0123501299
vn -0.997048855 0.0757700875 -0.0123501299
vn -0.997048974 0.0757688135 -0.0123463999
vn -0.829653382 0.537145317 0.152151689
vn -0.997048855 0.0757700875 -0.0123501299
vn -0.829653382 0.537145317 0.152151689
vn -0.826272666 0.562278509 0.0334130898
vn -0.826272666 0.562278509 0.0334130898
vn -0.829653382 0.537145317 0.152151689
vn -0.43995285 0.854594171 0.275880873
vn -0.826272666 0.562278509 0.0334130898
vn -0.43995285 0.854594171 0.275880873
vn -0.434097379 0.898124814 0.0702232867
vn -0.434097379 0.898124814 0.0702232867
vn -0.43995285 0.854594171 0.275880873
vn 0.0676326826 0.943055212 0.325687975
vn -0.434097379 0.898124814 0.0702232867
vn 0.0676326826 0.943055212 0.325687975
vn 0.0743939504 0.993319333 0.0882172212
vn 0.0743939504 0.993319333 0.0882172212
vn 0.0676326826 0.943055212 0.325687975
vn 0.557096124 0.778825402 0.28822726
vn 0.0743939504 0.993319333 0.0882172212
vn 0.557096124 0.778825402 0.28822726
vn 0.562951446 0.822354734 0.0825734064
vn 0.562951446 0.822354734 0.0825734064
vn 0.557096124 0.778825402 0.28822726
vn 0.897286057 0.405909896 0.173536286
vn 0.562951446 0.822354734 0.0825734064
vn 0.897286057 0.405909896 0.173536286
vn 0.900666595 0.431040853 0.0548041314
vn 0.900666595 0.431040853 0.0548041314
vn 0.897286057 0.405909896 0.173536286
vn 0.997048974 -0.0757688135 0.0123463999
vn 0.900666595 0.431040853 0.0548041314
vn 0.997048974 -0.0757688135 0.0123463999
vn 0.997048855 -0.0757700875 0.0123501299
vn 0.997048974 -0.0757688135 0.0123463999
vn 0.998260796 -0.0589424185 -0.00107758003
vn 0.845747173 -0.36182031 -0.392170638
vn 0.997048974 -0.0757688135 0.0123463999
vn 0.845747173 -0.36182031 -0.392170638
vn 0.829653382 -0.537145317 -0.152151689
vn 0.829653382 -0.537145317 -0.152151689
vn 0.845747173 -0.36182031 -0.392170638
vn 0.466616273 -0.567748725 -0.678181887
vn 0.829653382 -0.537145317 -0.152151689
vn 0.466616273 -0.567748725 -0.678181887
vn 0.43995285 -0.854594171 -0.275880873
vn 0.43995285 -0.854594171 -0.275880873
vn 0.466616273 -0.567748725 -0.678181887
vn -0.0375441015 -0.621549308 -0.782474816
vn 0.43995285 -0.854594171 -0.275880873
vn -0.0375441015 -0.621549308 -0.782474816
vn -0.0676326826 -0.943055212 -0.325687975
vn -0.0676326826 -0.943055212 -0.325687975
vn -0.0375441015 -0.621549308 -0.782474816
vn -0.531644523 -0.508806288 -0.677104294
vn -0.0676326826 -0.943055212 -0.325687975
vn -0.531644523 -0.508806288 -0.677104294
vn -0.557096124 -0.778825402 -0.28822726
vn -0.557096124 -0.778825402 -0.28822726
vn -0.531644523 -0.508806288 -0.677104294
vn -0.883291245 -0.259729028 -0.390304208
vn -0.557096124 -0.778825402 -0.28822726
vn -0.883291245 -0.259729028 -0.390304208
vn -0.897286057 -0.405909896 -0.173536286
vn -0.897286057 -0.405909896 -0.173536286
vn -0.883291245 -0.259729028 -0.390304208
vn -0.998260796 0.0589424185 0.00107758003
vn -0.897286057 -0.405909896 -0.173536286
vn -0.998260796 0.0589424185 0.00107758003
vn -0.997048974 0.0757688135 -0.0123463999
vn -0.997048974 0.0757688135 -0.0123463999
vn -0.998260796 0.0589424185 0.00107758003
vn -0.845747173 0.36182031 0.392170638
vn -0.997048974 0.0757688135 -0.0123463999
vn -0.845747173 0.36182031 0.392170638
vn -0.829653382 0.537145317 0.152151689
vn -0.829653382 0.537145317 0.152151689
vn -0.845747173 0.36182031 0.392170638
vn -0.466616273 0.567748725 0.678181887
vn -0.829653382 0.537145317 0.152151689
vn -0.466616273 0.567748725 0.678181887
vn -0.43995285 0.854594171 0.275880873
vn -0.43995285 0.854594171 0.275880873
vn -0.466616273 0.567748725 0.678181887
vn 0.0375441015 0.621549308 0.782474816
vn -0.43995285 0.854594171 0.275880873
vn 0.0375441015 0.621549308 0.782474816
vn 0.0676326826 0.943055212 0.325687975
vn 0.0676326826 0.943055212 0.325687975
vn 0.0375441015 0.621549308 0.782474816
vn 0.531644523 0.508806288 0.677104294
vn 0.0676326826 0.943055212 0.325687975
vn 0.531644523 0.508806288 0.677104294
vn 0.557096124 0.778825402 0.28822726
vn 0.557096124 0.778825402 0.28822726
vn 0.531644523 0.508806288 0.677104294
vn 0.883291245 0.259729028 0.390304208
vn 0.557096124 0.778825402 0.28822726
vn 0.883291245 0.259729028 0.390304208
vn 0.897286057 0.405909896 0.173536286
vn 0.897286057 0.405909896 0.173536286
vn 0.883291245 0.259729028 0.390304208
vn 0.998260796 -0.0589424185 -0.00107758003
vn 0.897286057 0.405909896 0.173536286
vn 0.998260796 -0.0589424185 -0.00107758003
vn 0.997048974 -0.0757688135 0.0123463999
vn 0.998260796 -0.0589424185 -0.00107758003
vn 0.997950852 -0.0639851019 -0.000188120001
vn 0.858611166 -0.141923934 -0.492589563
vn 0.998260796 -0.0589424185 -0.00107758003
vn 0.858611166 -0.141923934 -0.492589563
vn 0.845747173 -0.36182031 -0.392170638
vn 0.845747173 -0.36182031 -0.392170638
vn 0.858611166 -0.141923934 -0.492589563
vn 0.489207298 -0.181834355 -0.853002012
vn 0.845747173 -0.36182031 -0.392170638
vn 0.489207298 -0.181834355 -0.853002012
vn 0.466616273 -0.567748725 -0.678181887
vn 0.466616273 -0.567748725 -0.678181887
vn 0.489207298 -0.181834355 -0.853002012
vn -0.0112792403 -0.173022419 -0.984853327
vn 0.466616273 -0.567748725 -0.678181887
vn -0.0112792403 -0.173022419 -0.984853327
vn -0.0375441015 -0.621549308 -0.782474816
vn -0.0375441015 -0.621549308 -0.782474816
vn -0.0112792403 -0.173022419 -0.984853327
vn -0.508743525 -0.117849261 -0.8528139
vn -0.0375441015 -0.621549308 -0.782474816
vn -0.508743525 -0.117849261 -0.8528139
vn -0.531644523 -0.508806288 -0.677104294
vn -0.531644523 -0.508806288 -0.677104294
vn -0.508743525 -0.117849261 -0.8528139
vn -0.869890392 -0.0310984794 -0.492263734
vn -0.531644523 -0.508806288 -0.677104294
vn -0.869890392 -0.0310984794 -0.492263734
vn -0.883291245 -0.259729028 -0.390304208
vn -0.883291245 -0.259729028 -0.390304208
vn -0.869890392 -0.0310984794 -0.492263734
vn -0.997950852 0.0639851019 0.000188120001
vn -0.883291245 -0.259729028 -0.390304208
vn -0.997950852 0.0639851019 0.000188120001
vn -0.998260796 0.0589424185 0.00107758003
vn -0.998260796 0.0589424185 0.00107758003
vn -0.997950852 0.0639851019 0.000188120001
vn -0.858611166 0.141923934 0.492589563
vn -0.998260796 0.0589424185 0.00107758003
vn -0.858611166 0.141923934 0.492589563
vn -0.845747173 0.36182031 0.392170638
vn -0.845747173 0.36182031 0.392170638
vn -0.858611166 0.141923934 0.492589563
vn -0.489207298 0.181834355 0.853002012
vn -0.845747173 0.36182031 0.392170638
vn -0.489207298 0.181834355 0.853002012
vn -0.466616273 0.567748725 0.678181887
vn -0.466616273 0.567748725 0.678181887
vn -0.489207298 0.181834355 0.853002012
vn 0.0112792403 0.173022419 0.984853327
vn -0.466616273 0.567748725 0.678181887
vn 0.0112792403 0.173022419 0.984853327
vn 0.0375441015 0.621549308 0.782474816
vn 0.0375441015 0.621549308 0.782474816
vn 0.0112792403 0.173022419 0.984853327
vn 0.508743525 0.117849261 0.8528139
vn 0.0375441015 0.621549308 0.782474816
vn 0.508743525 0.117849261 0.8528139
vn 0.531644523 0.508806288 0.677104294
vn 0.531644523 0.508806288 0.677104294
vn 0.508743525 0.117849261 0.8528139
vn 0.869890392 0.0310984794 0.492263734
vn 0.531644523 0.508806288 0.677104294
vn 0.869890392 0.0310984794 0.492263734
vn 0.883291245 0.259729028 0.390304208
vn 0.883291245 0.259729028 0.390304208
vn 0.869890392 0.0310984794 0.492263734
vn 0.997950852 -0.0639851019 -0.000188120001
vn 0.883291245 0.259729028 0.390304208
vn 0.997950852 -0.0639851019 -0.000188120001
vn 0.998260796 -0.0589424185 -0.00107758003
vn 0.997950852 -0.0639851019 -0.000188120001
vn 0.992052019 -0.125789747 -0.00312482007
vn 0.860560954 -0.0853411928 -0.502147079
vn 0.997950852 -0.0639851019 -0.000188120001
vn 0.860560954 -0.0853411928 -0.502147079
vn 0.858611166 -0.141923934 -0.492589563
vn 0.858611166 -0.141923934 -0.492589563
vn 0.860560954 -0.0853411928 -0.502147079
vn 0.49848333 -0.02202552 -0.866619408
vn 0.858611166 -0.141923934 -0.492589563
vn 0.49848333 -0.02202552 -0.866619408
vn 0.489207298 -0.181834355 -0.853002012
vn 0.489207298 -0.181834355 -0.853002012
vn 0.49848333 -0.02202552 -0.866619408
vn 0.00283748005 0.0471918695 -0.998881817
vn 0.489207298 -0.181834355 -0.853002012
vn 0.00283748005 0.0471918695 -0.998881817
vn -0.0112792403 -0.173022419 -0.984853327
vn -0.0112792403 -0.173022419 -0.984853327
vn 0.00283748005 0.0471918695 -0.998881817
vn -0.493568659 0.103764229 -0.863494635
vn -0.0112792403 -0.173022419 -0.984853327
vn -0.493568659 0.103764229 -0.863494635
vn -0.508743525 -0.117849261 -0.8528139
vn -0.508743525 -0.117849261 -0.8528139
vn -0.493568659 0.103764229 -0.863494635
vn -0.857723475 0.132533059 -0.496734738
vn -0.508743525 -0.117849261 -0.8528139
vn -0.857723475 0.132533059 -0.496734738
vn -0.869890392 -0.0310984794 -0.492263734
vn -0.869890392 -0.0310984794 -0.492263734
vn -0.857723475 0.132533059 -0.496734738
vn -0.992052019 0.125789747 0.00312482007
vn -0.869890392 -0.0310984794 -0.492263734
vn -0.992052019 0.125789747 0.00312482007
vn -0.997950852 0.0639851019 0.000188120001
vn -0.997950852 0.0639851019 0.000188120001
vn -0.992052019 0.125789747 0.00312482007
vn -0.860560954 0.0853411928 0.502147079
vn -0.997950852 0.0639851019 0.000188120001
vn -0.860560954 0.0853411928 0.502147079
vn -0.858611166 0.141923934 0.492589563
vn -0.858611166 0.141923934 0.492589563
vn -0.860560954 0.0853411928 0.502147079
vn -0.49848333 0.02202552 0.866619408
vn -0.858611166 0.141923934 0.492589563
vn -0.49848333 0.02202552 0.866619408
vn -0.489207298 0.181834355 0.853002012
vn -0.489207298 0.181834355 0.853002012
vn -0.49848333 0.02202552 0.866619408
vn -0.00283748005 -0.0471918695 0.998881817
vn -0.489207298 0.181834355 0.853002012
vn -0.00283748005 -0.0471918695 0.998881817
vn 0.0112792403 0.173022419 0.984853327
vn 0.0112792403 0.173022419 0.984853327
vn -0.00283748005 -0.0471918695 0.998881817
vn 0.493568659 -0.103764229 0.863494635
vn 0.0112792403 0.173022419 0.984853327
vn 0.493568659 -0.103764229 0.863494635
vn 0.508743525 0.117849261 0.8528139
vn 0.508743525 0.117849261 0.8528139
vn 0.493568659 -0.103764229 0.863494635
vn 0.857723475 -0.132533059 0.496734738
vn 0.508743525 0.117849261 0.8528139
vn 0.857723475 -0.132533059 0.496734738
vn 0.869890392 0.0310984794 0.492263734
vn 0.869890392 0.0310984794 0.492263734
vn 0.857723475 -0.132533059 0.496734738
vn 0.992052019 -0.125789747 -0.00312482007
vn 0.869890392 0.0310984794 0.492263734
vn 0.992052019 -0.125789747 -0.00312482007
vn 0.997950852 -0.0639851019 -0.000188120001
vn 0.992052019 -0.125789747 -0.00312482007
vn 0.964349508 -0.264359742 -0.0119981999
vn 0.837569714 -0.197471946 -0.509393513
vn 0.992052019 -0.125789747 -0.00312482007
vn 0.837569714 -0.197471946 -0.509393513
vn 0.860560954 -0.0853411928 -0.502147079
vn 0.860560954 -0.0853411928 -0.502147079
vn 0.837569714 -0.197471946 -0.509393513
vn 0.486363828 -0.0776717067 -0.870297253
vn 0.860560954 -0.0853411928 -0.502147079
vn 0.486363828 -0.0776717067 -0.870297253
vn 0.49848333 -0.02202552 -0.866619408
vn 0.49848333 -0.02202552 -0.866619408
vn 0.486363828 -0.0776717067 -0.870297253
vn 0.00483713998 0.0629406124 -0.998005569
vn 0.49848333 -0.02202552 -0.866619408
vn 0.00483713998 0.0629406124 -0.998005569
vn 0.00283748005 0.0471918695 -0.998881817
vn 0.00283748005 0.0471918695 -0.998881817
vn 0.00483713998 0.0629406124 -0.998005569
vn -0.47798565 0.186688036 -0.858299077
vn 0.00283748005 0.0471918695 -0.998881817
vn -0.47798565 0.186688036 -0.858299077
vn -0.493568659 0.103764229 -0.863494635
vn -0.493568659 0.103764229 -0.863494635
vn -0.47798565 0.186688036 -0.858299077
vn -0.832732618 0.260412574 -0.488612026
vn -0.493568659 0.103764229 -0.863494635
vn -0.832732618 0.260412574 -0.488612026
vn -0.857723475 0.132533059 -0.496734738
vn -0.857723475 0.132533059 -0.496734738
vn -0.832732618 0.260412574 -0.488612026
vn -0.964349508 0.264359742 0.0119981999
vn -0.857723475 0.132533059 -0.496734738
vn -0.964349508 0.264359742 0.0119981999
vn -0.992052019 0.125789747 0.00312482007
vn -0.992052019 0.125789747 0.00312482007
vn -0.964349508 0.264359742 0.0119981999
vn -0.837569714 0.197471946 0.509393513
vn -0.992052019 0.125789747 0.00312482007
vn -0.837569714 0.197471946 0.509393513
vn -0.860560954 0.0853411928 0.502147079
vn -0.860560954 0.0853411928 0.502147079
vn -0.837569714 0.197471946 0.509393513
vn -0.486363828 0.0776717067 0.870297253
vn -0.860560954 0.0853411928 0.502147079
vn -0.486363828 0.0776717067 0.870297253
vn -0.49848333 0.02202552 0.866619408
vn -0.49848333 0.02202552 0.866619408
vn -0.486363828 0.0776717067 0.870297253
vn -0.00483713998 -0.0629406124 0.998005569
vn -0.49848333 0.02202552 0.866619408
vn -0.00483713998 -0.0629406124 0.998005569
vn -0.00283748005 -0.0471918695 0.998881817
vn -0.00283748005 -0.0471918695 0.998881817
vn -0.00483713998 -0.0629406124 0.998005569
vn 0.47798565 -0.186688036 0.858299077
vn -0.00283748005 -0.0471918695 0.998881817
vn 0.47798565 -0.186688036 0.858299077
vn 0.493568659 -0.103764229 0.863494635
vn 0.493568659 -0.103764229 0.863494635
vn 0.47798565 -0.186688036 0.858299077
vn 0.832732618 -0.260412574 0.488612026
vn 0.493568659 -0.103764229 0.863494635
vn 0.832732618 -0.260412574 0.488612026
vn 0.857723475 -0.132533059 0.496734738
vn 0.857723475 -0.132533059 0.496734738
vn 0.832732618 -0.260412574 0.488612026
vn 0.964349508 -0.264359742 -0.0119981999
vn 0.857723475 -0.132533059 0.496734738
vn 0.964349508 -0.264359742 -0.0119981999
vn 0.992052019 -0.125789747 -0.00312482007
vn 0.964349508 -0.264359742 -0.0119981999
vn 0.839982927 -0.542612731 -0.000352389994
vn 0.71680212 -0.486069828 -0.499930799
vn 0.964349508 -0.264359742 -0.0119981999
vn 0.71680212 -0.486069828 -0.499930799
vn 0.837569714 -0.197471946 -0.509393513
vn 0.837569714 -0.197471946 -0.509393513
vn 0.71680212 -0.486069828 -0.499930799
vn 0.401554823 -0.299284905 -0.865553141
vn 0.837569714 -0.197471946 -0.509393513
vn 0.401554823 -0.299284905 -0.865553141
vn 0.486363828 -0.0776717067 -0.870297253
vn 0.486363828 -0.0776717067 -0.870297253
vn 0.401554823 -0.299284905 -0.865553141
vn -0.0212887898 -0.0323068202 -0.999251246
vn 0.486363828 -0.0776717067 -0.870297253
vn -0.0212887898 -0.0323068202 -0.999251246
vn 0.00483713998 0.0629406124 -0.998005569
vn 0.00483713998 0.0629406124 -0.998005569
vn -0.0212887898 -0.0323068202 -0.999251246
vn -0.438428074 0.243327856 -0.865200758
vn 0.00483713998 0.0629406124 -0.998005569
vn -0.438428074 0.243327856 -0.865200758
vn -0.47798565 0.186688036 -0.858299077
vn -0.47798565 0.186688036 -0.858299077
vn -0.438428074 0.243327856 -0.865200758
vn -0.738090932 0.453763008 -0.499320447
vn -0.47798565 0.186688036 -0.858299077
vn -0.738090932 0.453763008 -0.499320447
vn -0.832732618 0.260412574 -0.488612026
vn -0.832732618 0.260412574 -0.488612026
vn -0.738090932 0.453763008 -0.499320447
vn -0.839982927 0.542612731 0.000352389994
vn -0.832732618 0.260412574 -0.488612026
vn -0.839982927 0.542612731 0.000352389994
vn -0.964349508 0.264359742 0.0119981999
vn -0.964349508 0.264359742 0.0119981999
vn -0.839982927 0.542612731 0.000352389994
vn -0.71680212 0.486069828 0.499930799
vn -0.964349508 0.264359742 0.0119981999
vn -0.71680212 0.486069828 0.499930799
vn -0.837569714 0.197471946 0.509393513
vn -0.837569714 0.197471946 0.509393513
vn -0.71680212 0.486069828 0.499930799
vn -0.401554823 0.299284905 0.865553141
vn -0.837569714 0.197471946 0.509393513
vn -0.401554823 0.299284905 0.865553141
vn -0.486363828 0.0776717067 0.870297253
vn -0.486363828 0.0776717067 0.870297253
vn -0.401554823 0.299284905 0.865553141
vn 0.0212887898 0.0323068202 0.999251246
vn -0.486363828 0.0776717067 0.870297253
vn 0.0212887898 0.0323068202 0.999251246
vn -0.00483713998 -0.0629406124 0.998005569
vn -0.00483713998 -0.0629406124 0.998005569
vn 0.0212887898 0.0323068202 0.999251246
vn 0.438428074 -0.243327856 0.865200758
vn -0.00483713998 -0.0629406124 0.998005569
vn 0.438428074 -0.243327856 0.865200758
vn 0.47798565 -0.186688036 0.858299077
vn 0.47798565 -0.186688036 0.858299077
vn 0.438428074 -0.243327856 0.865200758
vn 0.738090932 -0.453763008 0.499320447
vn 0.47798565 -0.186688036 0.858299077
vn 0.738090932 -0.453763008 0.499320447
vn 0.832732618 -0.260412574 0.488612026
vn 0.832732618 -0.260412574 0.488612026
vn 0.738090932 -0.453763008 0.499320447
vn 0.839982927 -0.542612731 -0.000352389994
vn 0.832732618 -0.260412574 0.488612026
vn 0.839982927 -0.542612731 -0.000352389994
vn 0.964349508 -0.264359742 -0.0119981999
vn 0.839982927 -0.542612731 -0.000352389994
vn 0.609971941 -0.792245984 0.0167481005
vn 0.514267802 -0.707427621 -0.484845132
vn 0.839982927 -0.542612731 -0.000352389994
vn 0.514267802 -0.707427621 -0.484845132
vn 0.71680212 -0.486069828 -0.499930799
vn 0.71680212 -0.486069828 -0.499930799
vn 0.514267802 -0.707427621 -0.484845132
vn 0.28076604 -0.433054537 -0.856524467
vn 0.71680212 -0.486069828 -0.499930799
vn 0.28076604 -0.433054537 -0.856524467
vn 0.401554823 -0.299284905 -0.865553141
vn 0.401554823 -0.299284905 -0.865553141
vn 0.28076604 -0.433054537 -0.856524467
vn -0.0279667396 -0.0426448695 -0.998698771
vn 0.401554823 -0.299284905 -0.865553141
vn -0.0279667396 -0.0426448695 -0.998698771
vn -0.0212887898 -0.0323068202 -0.999251246
vn -0.0212887898 -0.0323068202 -0.999251246
vn -0.0279667396 -0.0426448695 -0.998698771
vn -0.329205871 0.359191447 -0.873272598
vn -0.0212887898 -0.0323068202 -0.999251246
vn -0.329205871 0.359191447 -0.873272598
vn -0.438428074 0.243327856 -0.865200758
vn -0.438428074 0.243327856 -0.865200758
vn -0.329205871 0.359191447 -0.873272598
vn -0.54223454 0.664782763 -0.513853669
vn -0.438428074 0.243327856 -0.865200758
vn -0.54223454 0.664782763 -0.513853669
vn -0.738090932 0.453763008 -0.499320447
vn -0.738090932 0.453763008 -0.499320447
vn -0.54223454 0.664782763 -0.513853669
vn -0.609971941 0.792245984 -0.0167481005
vn -0.738090932 0.453763008 -0.499320447
vn -0.609971941 0.792245984 -0.0167481005
vn -0.839982927 0.542612731 0.000352389994
vn -0.839982927 0.542612731 0.000352389994
vn -0.609971941 0.792245984 -0.0167481005
vn -0.514267802 0.707427621 0.484845132
vn -0.839982927 0.542612731 0.000352389994
vn -0.514267802 0.707427621 0.484845132
vn -0.71680212 0.486069828 0.499930799
vn -0.71680212 0.486069828 0.499930799
vn -0.514267802 0.707427621 0.484845132
vn -0.28076604 0.433054537 0.856524467
vn -0.71680212 0.486069828 0.499930799
vn -0.28076604 0.433054537 0.856524467
vn -0.401554823 0.299284905 0.865553141
vn -0.401554823 0.299284905 0.865553141
vn -0.28076604 0.433054537 0.856524467
vn 0.0279667396 0.0426448695 0.998698771
vn -0.401554823 0.299284905 0.865553141
vn 0.0279667396 0.0426448695 0.998698771
vn 0.0212887898 0.0323068202 0.999251246
vn 0.0212887898 0.0323068202 0.999251246
vn 0.0279667396 0.0426448695 0.998698771
vn 0.329205871 -0.359191447 0.873272598
vn 0.0212887898 0.0323068202 0.999251246
vn 0.329205871 -0.359191447 0.873272598
vn 0.438428074 -0.243327856 0.865200758
vn 0.438428074 -0.243327856 0.865200758
vn 0.329205871 -0.359191447 0.873272598
vn 0.54223454 -0.664782763 0.513853669
vn 0.438428074 -0.243327856 0.865200758
vn 0.54223454 -0.664782763 0.513853669
vn 0.738090932 -0.453763008 0.499320447
vn 0.738090932 -0.453763008 0.499320447
vn 0.54223454 -0.664782763 0.513853669
vn 0.609971941 -0.792245984 0.0167481005
vn 0.738090932 -0.453763008 0.499320447
vn 0.609971941 -0.792245984 0.0167481005
vn 0.839982927 -0.542612731 -0.000352389994
vn 0.609971941 -0.792245984 0.0167481005
vn 0.453365147 -0.891195953 0.0151587501
vn 0.400530994 -0.776280165 -0.486789554
vn 0.609971941 -0.792245984 0.0167481005
vn 0.400530994 -0.776280165 -0.486789554
vn 0.514267802 -0.707427621 -0.484845132
vn 0.514267802 -0.707427621 -0.484845132
vn 0.400530994 -0.776280165 -0.486789554
vn 0.240374848 -0.453360677 -0.858302951
vn 0.514267802 -0.707427621 -0.484845132
vn 0.240374848 -0.453360677 -0.858302951
vn 0.28076604 -0.433054537 -0.856524467
vn 0.28076604 -0.433054537 -0.856524467
vn 0.240374848 -0.453360677 -0.858302951
vn 0.0158104803 -0.0089635998 -0.999834836
vn 0.28076604 -0.433054537 -0.856524467
vn 0.0158104803 -0.0089635998 -0.999834836
vn -0.0279667396 -0.0426448695 -0.998698771
vn -0.0279667396 -0.0426448695 -0.998698771
vn 0.0158104803 -0.0089635998 -0.999834836
vn -0.212990284 0.437835276 -0.873461723
vn -0.0279667396 -0.0426448695 -0.998698771
vn -0.212990284 0.437835276 -0.873461723
vn -0.329205871 0.359191447 -0.873272598
vn -0.329205871 0.359191447 -0.873272598
vn -0.212990284 0.437835276 -0.873461723
vn -0.384720504 0.76731652 -0.513045251
vn -0.329205871 0.359191447 -0.873272598
vn -0.384720504 0.76731652 -0.513045251
vn -0.54223454 0.664782763 -0.513853669
vn -0.54223454 0.664782763 -0.513853669
vn -0.384720504 0.76731652 -0.513045251
vn -0.453365147 0.891195953 -0.0151587501
vn -0.54223454 0.664782763 -0.513853669
vn -0.453365147 0.891195953 -0.0151587501
vn -0.609971941 0.792245984 -0.0167481005
vn -0.609971941 0.792245984 -0.0167481005
vn -0.453365147 0.891195953 -0.0151587501
vn -0.400530994 0.776280165 0.486789554
vn -0.609971941 0.792245984 -0.0167481005
vn -0.400530994 0.776280165 0.486789554
vn -0.514267802 0.707427621 0.484845132
vn -0.514267802 0.707427621 0.484845132
vn -0.400530994 0.776280165 0.486789554
vn -0.240374848 0.453360677 0.858302951
vn -0.514267802 0.707427621 0.484845132
vn -0.240374848 0.453360677 0.858302951
vn -0.28076604 0.433054537 0.856524467
vn -0.28076604 0.433054537 0.856524467
vn -0.240374848 0.453360677 0.858302951
vn -0.0158104803 0.0089635998 0.999834836
vn -0.28076604 0.433054537 0.856524467
vn -0.0158104803 0.0089635998 0.999834836
vn 0.0279667396 0.0426448695 0.998698771
vn 0.0279667396 0.0426448695 0.998698771
vn -0.0158104803 0.0089635998 0.999834836
vn 0.212990284 -0.437835276 0.873461723
vn 0.0279667396 0.0426448695 0.998698771
vn 0.212990284 -0.437835276 0.873461723
vn 0.329205871 -0.359191447 0.873272598
vn 0.329205871 -0.359191447 0.873272598
vn 0.212990284 -0.437835276 0.873461723
vn 0.384720504 -0.76731652 0.513045251
vn 0.329205871 -0.359191447 0.873272598
vn 0.384720504 -0.76731652 0.513045251
vn 0.54223454 -0.664782763 0.513853669
vn 0.54223454 -0.664782763 0.513853669
vn 0.384720504 -0.76731652 0.513045251
vn 0.453365147 -0.891195953 0.0151587501
vn 0.54223454 -0.664782763 0.513853669
vn 0.453365147 -0.891195953 0.0151587501
vn 0.609971941 -0.792245984 0.0167481005
vn 0.453365147 -0.891195953 0.0151587501
vn 0.375030845 -0.92693454 0.0120100202
vn 0.344232798 -0.801354349 -0.489218771
vn 0.453365147 -0.891195953 0.0151587501
vn 0.344232798 -0.801354349 -0.489218771
vn 0.400530994 -0.776280165 -0.486789554
vn 0.400530994 -0.776280165 -0.486789554
vn 0.344232798 -0.801354349 -0.489218771
vn 0.221197829 -0.461051911 -0.859361768
vn 0.400530994 -0.776280165 -0.486789554
vn 0.221197829 -0.461051911 -0.859361768
vn 0.240374848 -0.453360677 -0.858302951
vn 0.240374848 -0.453360677 -0.858302951
vn 0.221197829 -0.461051911 -0.859361768
vn 0.0388930887 0.00278900005 -0.999239504
vn 0.240374848 -0.453360677 -0.858302951
vn 0.0388930887 0.00278900005 -0.999239504
vn 0.0158104803 -0.0089635998 -0.999834836
vn 0.0158104803 -0.0089635998 -0.999834836
vn 0.0388930887 0.00278900005 -0.999239504
vn -0.153833032 0.465882599 -0.871371806
vn 0.0158104803 -0.0089635998 -0.999834836
vn -0.153833032 0.465882599 -0.871371806
vn -0.212990284 0.437835276 -0.873461723
vn -0.212990284 0.437835276 -0.873461723
vn -0.153833032 0.465882599 -0.871371806
vn -0.305339724 0.804143369 -0.510020733
vn -0.212990284 0.437835276 -0.873461723
vn -0.305339724 0.804143369 -0.510020733
vn -0.384720504 0.76731652 -0.513045251
vn -0.384720504 0.76731652 -0.513045251
vn -0.305339724 0.804143369 -0.510020733
vn -0.375030845 0.92693454 -0.0120100202
vn -0.384720504 0.76731652 -0.513045251
vn -0.375030845 0.92693454 -0.0120100202
vn -0.453365147 0.891195953 -0.0151587501
vn -0.453365147 0.891195953 -0.0151587501
vn -0.375030845 0.92693454 -0.0120100202
vn -0.344232798 0.801354349 0.489218771
vn -0.453365147 0.891195953 -0.0151587501
vn -0.344232798 0.801354349 0.489218771
vn -0.400530994 0.776280165 0.486789554
vn -0.400530994 0.776280165 0.486789554
vn -0.344232798 0.801354349 0.489218771
vn -0.221197829 0.461051911 0.859361768
vn -0.400530994 0.776280165 0.486789554
vn -0.221197829 0.461051911 0.859361768
vn -0.240374848 0.453360677 0.858302951
vn -0.240374848 0.453360677 0.858302951
vn -0.221197829 0.461051911 0.859361768
vn -0.0388930887 -0.00278900005 0.999239504
vn -0.240374848 0.453360677 0.858302951
vn -0.0388930887 -0.00278900005 0.999239504
vn -0.0158104803 0.0089635998 0.999834836
vn -0.0158104803 0.0089635998 0.999834836
vn -0.0388930887 -0.00278900005 0.999239504
vn 0.153833032 -0.465882599 0.871371806
vn -0.0158104803 0.0089635998 0.999834836
vn 0.153833032 -0.465882599 0.871371806
vn 0.212990284 -0.437835276 0.873461723
vn 0.212990284 -0.437835276 0.873461723
vn 0.153833032 -0.465882599 0.871371806
vn 0.305339724 -0.804143369 0.510020733
vn 0.212990284 -0.437835276 0.873461723
vn 0.305339724 -0.804143369 0.510020733
vn 0.384720504 -0.76731652 0.513045251
vn 0.384720504 -0.76731652 0.513045251
vn 0.305339724 -0.804143369 0.510020733
vn 0.375030845 -0.92693454 0.0120100202
vn 0.384720504 -0.76731652 0.513045251
vn 0.375030845 -0.92693454 0.0120100202
vn 0.453365147 -0.891195953 0.0151587501
vn 0.375030845 -0.92693454 0.0120100202
vn 0.36600101 -0.930541873 0.0116199497
vn 0.337769508 -0.803928733 -0.489500076
vn 0.375030845 -0.92693454 0.0120100202
vn 0.337769508 -0.803928733 -0.489500076
vn 0.344232798 -0.801354349 -0.489218771
vn 0.344232798 -0.801354349 -0.489218771
vn 0.337769508 -0.803928733 -0.489500076
vn 0.219032913 -0.461903542 -0.859458983
vn 0.344232798 -0.801354349 -0.489218771
vn 0.219032913 -0.461903542 -0.859458983
vn 0.221197829 -0.461051911 -0.859361768
vn 0.221197829 -0.461051911 -0.859361768
vn 0.219032913 -0.461903542 -0.859458983
vn 0.0416066386 0.00388834998 -0.999126494
vn 0.221197829 -0.461051911 -0.859361768
vn 0.0416066386 0.00388834998 -0.999126494
vn 0.0388930887 0.00278900005 -0.999239504
vn 0.0388930887 0.00278900005 -0.999239504
vn 0.0416066386 0.00388834998 -0.999126494
vn -0.146968096 0.468638361 -0.871078908
vn 0.0388930887 0.00278900005 -0.999239504
vn -0.146968096 0.468638361 -0.871078908
vn -0.153833032 0.465882599 -0.871371806
vn -0.153833032 0.465882599 -0.871371806
vn -0.146968096 0.468638361 -0.871078908
vn -0.296162844 0.807817101 -0.509626448
vn -0.153833032 0.465882599 -0.871371806
vn -0.296162844 0.807817101 -0.509626448
vn -0.305339724 0.804143369 -0.510020733
vn -0.305339724 0.804143369 -0.510020733
vn -0.296162844 0.807817101 -0.509626448
vn -0.36600101 0.930541873 -0.0116199497
vn -0.305339724 0.804143369 -0.510020733
vn -0.36600101 0.930541873 -0.0116199497
vn -0.375030845 0.92693454 -0.0120100202
vn -0.375030845 0.92693454 -0.0120100202
vn -0.36600101 0.930541873 -0.0116199497
vn -0.337769508 0.803928733 0.489500076
vn -0.375030845 0.92693454 -0.0120100202
vn -0.337769508 0.803928733 0.489500076
vn -0.344232798 0.801354349 0.489218771
vn -0.344232798 0.801354349 0.489218771
vn -0.337769508 0.803928733 0.489500076
vn -0.219032913 0.461903542 0.859458983
vn -0.344232798 0.801354349 0.489218771
vn -0.219032913 0.461903542 0.859458983
vn -0.221197829 0.461051911 0.859361768
vn -0.221197829 0.461051911 0.859361768
vn -0.219032913 0.461903542 0.859458983
vn -0.0416066386 -0.00388834998 0.999126494
vn -0.221197829 0.461051911 0.859361768
vn -0.0416066386 -0.00388834998 0.999126494
vn -0.0388930887 -0.00278900005 0.999239504
vn -0.0388930887 -0.00278900005 0.999239504
vn -0.0416066386 -0.00388834998 0.999126494
vn 0.146968096 -0.468638361 0.871078908
vn -0.0388930887 -0.00278900005 0.999239504
vn 0.146968096 -0.468638361 0.871078908
vn 0.153833032 -0.465882599 0.871371806
vn 0.153833032 -0.465882599 0.871371806
vn 0.146968096 -0.468638361 0.871078908
vn 0.296162844 -0.807817101 0.509626448
vn 0.153833032 -0.465882599 0.871371806
vn 0.296162844 -0.807817101 0.509626448
vn 0.305339724 -0.804143369 0.510020733
vn 0.305339724 -0.804143369 0.510020733
vn 0.296162844 -0.807817101 0.509626448
vn 0.36600101 -0.930541873 0.0116199497
vn 0.305339724 -0.804143369 0.510020733
vn 0.36600101 -0.930541873 0.0116199497
vn 0.375030845 -0.92693454 0.0120100202
vn 0.36600101 -0.930541873 0.0116199497
vn 0.388189018 -0.921496272 0.0124059096
vn 0.353628308 -0.797416866 -0.488951296
vn 0.36600101 -0.930541873 0.0116199497
vn 0.353628308 -0.797416866 -0.488951296
vn 0.337769508 -0.803928733 -0.489500076
vn 0.337769508 -0.803928733 -0.489500076
vn 0.353628308 -0.797416866 -0.488951296
vn 0.224313185 -0.459670246 -0.859294415
vn 0.337769508 -0.803928733 -0.489500076
vn 0.224313185 -0.459670246 -0.859294415
vn 0.219032913 -0.461903542 -0.859458983
vn 0.219032913 -0.461903542 -0.859458983
vn 0.224313185 -0.459670246 -0.859294415
vn 0.0348935202 0.00124464999 -0.999390244
vn 0.219032913 -0.461903542 -0.859458983
vn 0.0348935202 0.00124464999 -0.999390244
vn 0.0416066386 0.00388834998 -0.999126494
vn 0.0416066386 0.00388834998 -0.999126494
vn 0.0348935202 0.00124464999 -0.999390244
vn -0.163875833 0.461826026 -0.871700287
vn 0.0416066386 0.00388834998 -0.999126494
vn -0.163875833 0.461826026 -0.871700287
vn -0.146968096 0.468638361 -0.871078908
vn -0.146968096 0.468638361 -0.871078908
vn -0.163875833 0.461826026 -0.871700287
vn -0.318734795 0.79866153 -0.510438979
vn -0.146968096 0.468638361 -0.871078908
vn -0.318734795 0.79866153 -0.510438979
vn -0.296162844 0.807817101 -0.509626448
vn -0.296162844 0.807817101 -0.509626448
vn -0.318734795 0.79866153 -0.510438979
vn -0.388189018 0.921496272 -0.0124059096
vn -0.296162844 0.807817101 -0.509626448
vn -0.388189018 0.921496272 -0.0124059096
vn -0.36600101 0.930541873 -0.0116199497
vn -0.36600101 0.930541873 -0.0116199497
vn -0.388189018 0.921496272 -0.0124059096
vn -0.353628308 0.797416866 0.488951296
vn -0.36600101 0.930541873 -0.0116199497
vn -0.353628308 0.797416866 0.488951296
vn -0.337769508 0.803928733 0.489500076
vn -0.337769508 0.803928733 0.489500076
vn -0.353628308 0.797416866 0.488951296
vn -0.224313185 0.459670246 0.859294415
vn -0.337769508 0.803928733 0.489500076
vn -0.224313185 0.459670246 0.859294415
vn -0.219032913 0.461903542 0.859458983
vn -0.219032913 0.461903542 0.859458983
vn -0.224313185 0.459670246 0.859294415
vn -0.0348935202 -0.00124464999 0.999390244
vn -0.219032913 0.461903542 0.859458983
vn -0.0348935202 -0.00124464999 0.999390244
vn -0.0416066386 -0.00388834998 0.999126494
vn -0.0416066386 -0.00388834998 0.999126494
vn -0.0348935202 -0.00124464999 0.999390244
vn 0.163875833 -0.461826026 0.871700287
vn -0.0416066386 -0.00388834998 0.999126494
vn 0.163875833 -0.461826026 0.871700287
vn 0.146968096 -0.468638361 0.871078908
vn 0.146968096 -0.468638361 0.871078908
vn 0.163875833 -0.461826026 0.871700287
vn 0.318734795 -0.79866153 0.510438979
vn 0.146968096 -0.468638361 0.871078908
vn 0.318734795 -0.79866153 0.510438979
vn 0.296162844 -0.807817101 0.509626448
vn 0.296162844 -0.807817101 0.509626448
vn 0.318734795 -0.79866153 0.510438979
vn 0.388189018 -0.921496272 0.0124059096
vn 0.296162844 -0.807817101 0.509626448
vn 0.388189018 -0.921496272 0.0124059096
vn 0.36600101 -0.930541873 0.0116199497
vn -0.916998506 -0.39756462 0.0324984714
vn -0.916998506 -0.39756462 0.0324984714
vn -0.916998506 -0.39756462 0.0324984714
vn -0.916998506 -0.39756462 0.0324984714
vn -0.916998506 -0.39756462 0.0324984714
vn -0.916998506 -0.39756462 0.0324984714
vn -0.916998506 -0.39756462 0.0324984714
vn -0.916998506 -0.39756462 0.0324984714
vn -0.916998506 -0.39756462 0.0324984714
vn -0.916998506 -0.39756462 0.0324984714
vn -0.916998506 -0.39756462 0.0324984714
vn -0.916998506 -0.39756462 0.0324984714
vn -0.920918941 -0.388385206 -0.0326374099
vn -0.920918941 -0.388385206 -0.0326374099
vn -0.920918941 -0.388385206 -0.0326374099
vn -0.920918941 -0.388385206 -0.0326374099
vn -0.920918941 -0.388385206 -0.0326374099
vn -0.920918941 -0.388385206 -0.0326374099
vn -0.920918941 -0.388385206 -0.0326374099
vn -0.920918941 -0.388385206 -0.0326374099
vn -0.920918941 -0.388385206 -0.0326374099
vn -0.920918941 -0.388385206 -0.0326374099
vn -0.920918941 -0.388385206 -0.0326374099
vn -0.920918941 -0.388385206 -0.0326374099
vn -1 0 0
vn -1 0 0
vn -1 0 0
vn -1 0 0
vn 1 0 0
vn 1 0 0
vn 1 0 0
vn 1 0 0
vn 0 -1 0
vn 0 -1 0
vn 0 -1 0
vn 0 -1 0
vn 0 1 0
vn 0 1 0
vn 0 1 0
vn 0 1 0
vn 0 0 -1
vn 0 0 -1
vn 0 0 -1
vn 0 0 -1
vn 0 0 1
vn 0 0 1
vn 0 0 1
vn 0 0 1
vn 0 -0.707106769 -0.707106769
vn 0 -0.707106769 -0.707106769
vn 0 -0.707106769 -0.707106769
vn 0 -0.707106769 -0.707106769
vn 0 -0.707106769 0.707106769
vn 0 -0.707106769 0.707106769
vn 0 -0.707106769 0.707106769
vn 0 -0.707106769 0.707106769
vn 0 0.707106769 -0.707106769
vn 0 0.707106769 -0.707106769
vn 0 0.707106769 -0.707106769
vn 0 0.707106769 -0.707106769
vn 0 0.707106769 0.707106769
vn 0 0.707106769 0.707106769
vn 0 0.707106769 0.707106769
vn 0 0.707106769 0.707106769
vn -0.707106769 0 -0.707106769
vn -0.707106769 0 -0.707106769
vn -0.707106769 0 -0.707106769
vn -0.707106769 0 -0.707106769
vn -0.707106769 0 0.707106769
vn -0.707106769 0 0.707106769
vn -0.707106769 0 0.707106769
vn -0.707106769 0 0.707106769
vn 0.707106769 0 -0.707106769
vn 0.707106769 0 -0.707106769
vn 0.707106769 0 -0.707106769
vn 0.707106769 0 -0.707106769
vn 0.707106769 0 0.707106769
vn 0.707106769 0 0.707106769
vn 0.707106769 0 0.707106769
vn 0.707106769 0 0.707106769
vn -0.707106769 -0.707106769 0
vn -0.707106769 -0.707106769 0
vn -0.707106769 -0.707106769 0
vn -0.707106769 -0.707106769 0
vn -0.707106769 0.707106769 0
vn -0.707106769 0.707106769 0
vn -0.707106769 0.707106769 0
vn -0.707106769 0.707106769 0
vn 0.707106769 -0.707106769 0
vn 0.707106769 -0.707106769 0
vn 0.707106769 -0.707106769 0
vn 0.707106769 -0.707106769 0
vn 0.707106769 0.707106769 0
vn 0.707106769 0.707106769 0
vn 0.707106769 0.707106769 0
vn 0.707106769 0.707106769 0
vn -0.577350259 -0.577350259 -0.577350259
vn -0.577350259 -0.577350259 -0.577350259
vn -0.577350259 -0.577350259 -0.577350259
vn -0.577350259 -0.577350259 0.577350259
vn -0.577350259 -0.577350259 0.577350259
vn -0.577350259 -0.577350259 0.577350259
vn -0.577350259 0.577350259 -0.577350259
vn -0.577350259 0.577350259 -0.577350259
vn -0.577350259 0.577350259 -0.577350259
vn -0.577350259 0.577350259 0.577350259
vn -0.577350259 0.577350259 0.577350259
vn -0.577350259 0.577350259 0.577350259
vn 0.577350259 -0.577350259 -0.577350259
vn 0.577350259 -0.577350259 -0.577350259
vn 0.577350259 -0.577350259 -0.577350259
vn 0.577350259 -0.577350259 0.577350259
vn 0.577350259 -0.577350259 0.577350259
vn 0.577350259 -0.577350259 0.577350259
vn 0.577350259 0.577350259 -0.577350259
vn 0.577350259 0.577350259 -0.577350259
vn 0.577350259 0.577350259 -0.577350259
vn 0.577350259 0.577350259 0.577350259
vn 0.577350259 0.577350259 0.577350259
vn 0.577350259 0.577350259 0.577350259
vn -1 0 0
vn -1 0 0
vn -1 0 0
vn -1 0 0
vn 1 0 0
vn 1 0 0
vn 1 0 0
vn 1 0 0
vn 0 -1 0
vn 0 -1 0
vn 0 -1 0
vn 0 -1 0
vn 0 1 0
vn 0 1 0
vn 0 1 0
vn 0 1 0
vn 0 0 -1
vn 0 0 -1
vn 0 0 -1
vn 0 0 -1
vn 0 0 1
vn 0 0 1
vn 0 0 1
vn 0 0 1
vn 0 -0.707106769 -0.707106769
vn 0 -0.707106769 -0.707106769
vn 0 -0.707106769 -0.707106769
vn 0 -0.707106769 -0.707106769
vn 0 -0.707106769 0.707106769
vn 0 -0.707106769 0.707106769
vn 0 -0.707106769 0.707106769
vn 0 -0.707106769 0.707106769
vn 0 0.707106769 -0.707106769
vn 0 0.707106769 -0.707106769
vn 0 0.707106769 -0.707106769
vn 0 0.707106769 -0.707106769
vn 0 0.707106769 0.707106769
vn 0 0.707106769 0.707106769
vn 0 0.707106769 0.707106769
vn 0 0.707106769 0.707106769
vn -0.707106769 0 -0.707106769
vn -0.707106769 0 -0.707106769
vn -0.707106769 0 -0.707106769
vn -0.707106769 0 -0.707106769
vn -0.707106769 0 0.707106769
vn -0.707106769 0 0.707106769
vn -0.707106769 0 0.707106769
vn -0.707106769 0 0.707106769
vn 0.707106769 0 -0.707106769
vn 0.707106769 0 -0.707106769
vn 0.707106769 0 -0.707106769
vn 0.707106769 0 -0.707106769
vn 0.707106769 0 0.707106769
vn 0.707106769 0 0.707106769
vn 0.707106769 0 0.707106769
vn 0.707106769 0 0.707106769
vn -0.707106769 -0.707106769 0
vn -0.707106769 -0.707106769 0
vn -0.707106769 -0.707106769 0
vn -0.707106769 -0.707106769 0
vn -0.707106769 0.707106769 0
vn -0.707106769 0.707106769 0
vn -0.707106769 0.707106769 0
vn -0.707106769 0.707106769 0
vn 0.707106769 -0.707106769 0
vn 0.707106769 -0.707106769 0
vn 0.707106769 -0.707106769 0
vn 0.707106769 -0.707106769 0
vn 0.707106769 0.707106769 0
vn 0.707106769 0.707106769 0
vn 0.707106769 0.707106769 0
vn 0.707106769 0.707106769 0
vn -0.577350259 -0.577350259 -0.577350259
vn -0.577350259 -0.577350259 -0.577350259
vn -0.577350259 -0.577350259 -0.577350259
vn -0.577350259 -0.577350259 0.577350259
vn -0.577350259 -0.577350259 0.577350259
vn -0.577350259 -0.577350259 0.577350259
vn -0.577350259 0.577350259 -0.577350259
vn -0.577350259 0.577350259 -0.577350259
vn -0.577350259 0.577350259 -0.577350259
vn -0.577350259 0.577350259 0.577350259
vn -0.577350259 0.577350259 0.577350259
vn -0.577350259 0.577350259 0.577350259
vn 0.577350259 -0.577350259 -0.577350259
vn 0.577350259 -0.577350259 -0.577350259
vn 0.577350259 -0.577350259 -0.577350259
vn 0.577350259 -0.577350259 0.577350259
vn 0.577350259 -0.577350259 0.577350259
vn 0.577350259 -0.577350259 0.577350259
vn 0.577350259 0.577350259 -0.577350259
vn 0.577350259 0.577350259 -0.577350259
vn 0.577350259 0.577350259 -0.577350259
vn 0.577350259 0.577350259 0.577350259
vn 0.577350259 0.577350259 0.577350259
vn 0.577350259 0.577350259 0.577350259
vn -1 0 0
vn -1 0 0
vn -1 0 0
vn -1 0 0
vn 1 0 0
vn 1 0 0
vn 1 0 0
vn 1 0 0
vn 0 -1 0
vn 0 -1 0
vn 0 -1 0
vn 0 -1 0
vn 0 1 0
vn 0 1 0
vn 0 1 0
vn 0 1 0
vn 0 0 -1
vn 0 0 -1
vn 0 0 -1
vn 0 0 -1
vn 0 0 1
vn 0 0 1
vn 0 0 1
vn 0 0 1
vn 0 -0.707106769 -0.707106769
vn 0 -0.707106769 -0.707106769
vn 0 -0.707106769 -0.707106769
vn 0 -0.707106769 -0.707106769
vn 0 -0.707106769 0.707106769
vn 0 -0.707106769 0.707106769
vn 0 -0.707106769 0.707106769
vn 0 -0.707106769 0.707106769
vn 0 0.707106769 -0.707106769
vn 0 0.707106769 -0.707106769
vn 0 0.707106769 -0.707106769
vn 0 0.707106769 -0.707106769
vn 0 0.707106769 0.707106769
vn 0 0.707106769 0.707106769
vn 0 0.707106769 0.707106769
vn 0 0.707106769 0.707106769
vn -0.707106769 0 -0.707106769
vn -0.707106769 0 -0.707106769
vn -0.707106769 0 -0.707106769
vn -0.707106769 0 -0.707106769
vn -0.707106769 0 0.707106769
vn -0.707106769 0 0.707106769
vn -0.707106769 0 0.707106769
vn -0.707106769 0 0.707106769
vn 0.707106769 0 -0.707106769
vn 0.707106769 0 -0.707106769
vn 0.707106769 0 -0.707106769
vn 0.707106769 0 -0.707106769
vn 0.707106769 0 0.707106769
vn 0.707106769 0 0.707106769
vn 0.707106769 0 0.707106769
vn 0.707106769 0 0.707106769
vn -0.707106769 -0.707106769 0
vn -0.707106769 -0.707106769 0
vn -0.707106769 -0.707106769 0
vn -0.707106769 -0.707106769 0
vn -0.707106769 0.707106769 0
vn -0.707106769 0.707106769 0
vn -0.707106769 0.707106769 0
vn -0.707106769 0.707106769 0
vn 0.707106769 -0.707106769 0
vn 0.707106769 -0.707106769 0
vn 0.707106769 -0.707106769 0
vn 0.707106769 -0.707106769 0
vn 0.707106769 0.707106769 0
vn 0.707106769 0.707106769 0
vn 0.707106769 0.707106769 0
vn 0.707106769 0.707106769 0
vn -0.577350259 -0.577350259 -0.577350259
vn -0.577350259 -0.577350259 -0.577350259
vn -0.577350259 -0.577350259 -0.577350259
vn -0.577350259 -0.577350259 0.577350259
vn -0.577350259 -0.577350259 0.577350259
vn -0.577350259 -0.577350259 0.577350259
vn -0.577350259 0.577350259 -0.577350259
vn -0.577350259 0.577350259 -0.577350259
vn -0.577350259 0.577350259 -0.577350259
vn -0.577350259 0.577350259 0.577350259
vn -0.577350259 0.577350259 0.577350259
vn -0.577350259 0.577350259 0.577350259
vn 0.577350259 -0.577350259 -0.577350259
vn 0.577350259 -0.577350259 -0.577350259
vn 0.577350259 -0.577350259 -0.577350259
vn 0.577350259 -0.577350259 0.577350259
vn 0.577350259 -0.577350259 0.577350259
vn 0.577350259 -0.577350259 0.577350259
vn 0.577350259 0.577350259 -0.577350259
vn 0.577350259 0.577350259 -0.577350259
vn 0.577350259 0.577350259 -0.577350259
vn 0.577350259 0.577350259 0.577350259
vn 0.577350259 0.577350259 0.577350259
vn 0.577350259 0.577350259 0.577350259
vn -1 0 0
vn -1 0 0
vn -1 0 0
vn -1 0 0
vn 1 0 0
vn 1 0 0
vn 1 0 0
vn 1 0 0
vn 0 -1 0
vn 0 -1 0
vn 0 -1 0
vn 0 -1 0
vn 0 1 0
vn 0 1 0
vn 0 1 0
vn 0 1 0
vn 0 0 -1
vn 0 0 -1
vn 0 0 -1
vn 0 0 -1
vn 0 0 1
vn 0 0 1
vn 0 0 1
vn 0 0 1
vn 0 -0.707106769 -0.707106769
vn 0 -0.707106769 -0.707106769
vn 0 -0.707106769 -0.707106769
vn 0 -0.707106769 -0.707106769
vn 0 -0.707106769 0.707106769
vn 0 -0.707106769 0.707106769
vn 0 -0.707106769 0.707106769
vn 0 -0.707106769 0.707106769
vn 0 0.707106769 -0.707106769
vn 0 0.707106769 -0.707106769
vn 0 0.707106769 -0.707106769
vn 0 0.707106769 -0.707106769
vn 0 0.707106769 0.707106769
vn 0 0.707106769 0.707106769
vn 0 0.707106769 0.707106769
vn 0 0.707106769 0.707106769
vn -0.707106769 0 -0.707106769
vn -0.707106769 0 -0.707106769
vn -0.707106769 0 -0.707106769
vn -0.707106769 0 -0.707106769
vn -0.707106769 0 0.707106769
vn -0.707106769 0 0.707106769
vn -0.707106769 0 0.707106769
vn -0.707106769 0 0.707106769
vn 0.707106769 0 -0.707106769
vn 0.707106769 0 -0.707106769
vn 0.707106769 0 -0.707106769
vn 0.707106769 0 -0.707106769
vn 0.707106769 0 0.707106769
vn 0.707106769 0 0.707106769
vn 0.707106769 0 0.707106769
vn 0.707106769 0 0.707106769
vn -0.707106769 -0.707106769 0
vn -0.707106769 -0.707106769 0
vn -0.707106769 -0.707106769 0
vn -0.707106769 -0.707106769 0
vn -0.707106769 0.707106769 0
vn -0.707106769 0.707106769 0
vn -0.707106769 0.707106769 0
vn -0.707106769 0.707106769 0
vn 0.707106769 -0.707106769 0
vn 0.707106769 -0.707106769 0
vn 0.707106769 -0.707106769 0
vn 0.707106769 -0.707106769 0
vn 0.707106769 0.707106769 0
vn 0.707106769 0.707106769 0
vn 0.707106769 0.707106769 0
vn 0.707106769 0.707106769 0
vn -0.577350259 -0.577350259 -0.577350259
vn -0.577350259 -0.577350259 -0.577350259
vn -0.577350259 -0.577350259 -0.577350259
vn -0.577350259 -0.577350259 0.577350259
vn -0.577350259 -0.577350259 0.577350259
vn -0.577350259 -0.577350259 0.577350259
vn -0.577350259 0.577350259 -0.577350259
vn -0.577350259 0.577350259 -0.577350259
vn -0.577350259 0.577350259 -0.577350259
vn -0.577350259 0.577350259 0.577350259
vn -0.577350259 0.577350259 0.577350259
vn -0.577350259 0.577350259 0.577350259
vn 0.577350259 -0.577350259 -0.577350259
vn 0.577350259 -0.577350259 -0.577350259
vn 0.577350259 -0.577350259 -0.577350259
vn 0.577350259 -0.577350259 0.577350259
vn 0.577350259 -0.577350259 0.577350259
vn 0.577350259 -0.577350259 0.577350259
vn 0.577350259 0.577350259 -0.577350259
vn 0.577350259 0.577350259 -0.577350259
vn 0.577350259 0.577350259 -0.577350259
vn 0.577350259 0.577350259 0.577350259
vn 0.577350259 0.577350259 0.577350259
vn 0.577350259 0.577350259 0.577350259
vn -1 0 0
vn -1 0 0
vn -1 0 0
vn -1 0 0
vn 1 0 0
vn 1 0 0
vn 1 0 0
vn 1 0 0
vn 0 -1 0
vn 0 -1 0
vn 0 -1 0
vn 0 -1 0
vn 0 1 0
vn 0 1 0
vn 0 1 0
vn 0 1 0
vn 0 0 -1
vn 0 0 -1
vn 0 0 -1
vn 0 0 -1
vn 0 0 1
vn 0 0 1
vn 0 0 1
vn 0 0 1
vn 0 -0.707106769 -0.707106769
vn 0 -0.707106769 -0.707106769
vn 0 -0.707106769 -0.707106769
vn 0 -0.707106769 -0.707106769
vn 0 -0.707106769 0.707106769
vn 0 -0.707106769 0.707106769
vn 0 -0.707106769 0.707106769
vn 0 -0.707106769 0.707106769
vn 0 0.707106769 -0.707106769
vn 0 0.707106769 -0.707106769
vn 0 0.707106769 -0.707106769
vn 0 0.707106769 -0.707106769
vn 0 0.707106769 0.707106769
vn 0 0.707106769 0.707106769
vn 0 0.707106769 0.707106769
vn 0 0.707106769 0.707106769
vn -0.707106769 0 -0.707106769
vn -0.707106769 0 -0.707106769
vn -0.707106769 0 -0.707106769
vn -0.707106769 0 -0.707106769
vn -0.707106769 0 0.707106769
vn -0.707106769 0 0.707106769
vn -0.707106769 0 0.707106769
vn -0.707106769 0 0.707106769
vn 0.707106769 0 -0.707106769
vn 0.707106769 0 -0.707106769
vn 0.707106769 0 -0.707106769
vn 0.707106769 0 -0.707106769
vn 0.707106769 0 0.707106769
vn 0.707106769 0 0.707106769
vn 0.707106769 0 0.707106769
vn 0.707106769 0 0.707106769
vn -0.707106769 -0.707106769 0
vn -0.707106769 -0.707106769 0
vn -0.707106769 -0.707106769 0
vn -0.707106769 -0.707106769 0
vn -0.707106769 0.707106769 0
vn -0.707106769 0.707106769 0
vn -0.707106769 0.707106769 0
vn -0.707106769 0.707106769 0
vn 0.707106769 -0.707106769 0
vn 0.707106769 -0.707106769 0
vn 0.707106769 -0.707106769 0
vn 0.707106769 -0.707106769 0
vn 0.707106769 0.707106769 0
vn 0.707106769 0.707106769 0
vn 0.707106769 0.707106769 0
vn 0.707106769 0.707106769 0
vn -0.577350259 -0.577350259 -0.577350259
vn -0.577350259 -0.577350259 -0.577350259
vn -0.577350259 -0.577350259 -0.577350259
vn -0.577350259 -0.577350259 0.577350259
vn -0.577350259 -0.577350259 0.577350259
vn -0.577350259 -0.577350259 0.577350259
vn -0.577350259 0.577350259 -0.577350259
vn -0.577350259 0.577350259 -0.577350259
vn -0.577350259 0.577350259 -0.577350259
vn -0.577350259 0.577350259 0.577350259
vn -0.577350259 0.577350259 0.577350259
vn -0.577350259 0.577350259 0.577350259
vn 0.577350259 -0.577350259 -0.577350259
vn 0.577350259 -0.577350259 -0.577350259
vn 0.577350259 -0.577350259 -0.577350259
vn 0.577350259 -0.577350259 0.577350259
vn 0.577350259 -0.577350259 0.577350259
vn 0.577350259 -0.577350259 0.577350259
vn 0.577350259 0.577350259 -0.577350259
vn 0.577350259 0.577350259 -0.577350259
vn 0.577350259 0.577350259 -0.577350259
vn 0.577350259 0.577350259 0.577350259
vn 0.577350259 0.577350259 0.577350259
vn 0.577350259 0.577350259 0.577350259
vn -0.780868828 -0.624695063 0
vn -0.780868828 -0.624695063 0
vn -0.780868828 -0.577142954 0.239060447
vn -0.780868828 -0.577142954 0.239060447
vn -0.780868828 -0.577142954 0.239060447
vn -0.780868828 -0.577142954 0.239060447
vn -0.780868828 -0.441726089 0.441726089
vn -0.780868828 -0.441726089 0.441726089
vn -0.780868828 -0.441726089 0.441726089
vn -0.780868828 -0.441726089 0.441726089
vn -0.780868828 -0.239060447 0.577142954
vn -0.780868828 -0.239060447 0.577142954
vn -0.780868828 -0.239060447 0.577142954
vn -0.780868828 -0.239060447 0.577142954
vn -0.780868828 0 0.624695063
vn -0.780868828 0 0.624695063
vn -0.780868828 0 0.624695063
vn -0.780868828 0 0.624695063
vn -0.780868828 0.239060447 0.577142954
vn -0.780868828 0.239060447 0.577142954
vn -0.780868828 0.239060447 0.577142954
vn -0.780868828 0.239060447 0.577142954
vn -0.780868828 0.441726089 0.441726089
vn -0.780868828 0.441726089 0.441726089
vn -0.780868828 0.441726089 0.441726089
vn -0.780868828 0.441726089 0.441726089
vn -0.780868828 0.577142954 0.239060447
vn -0.780868828 0.577142954 0.239060447
vn -0.780868828 0.577142954 0.239060447
vn -0.780868828 0.577142954 0.239060447
vn -0.780868828 0.624695063 0
vn -0.780868828 0.624695063 0
vn -0.780868828 0.624695063 0
vn -0.780868828 0.624695063 0
vn -0.780868828 0.577142954 -0.239060447
vn -0.780868828 0.577142954 -0.239060447
vn -0.780868828 0.577142954 -0.239060447
vn -0.780868828 0.577142954 -0.239060447
vn -0.780868828 0.441726089 -0.441726089
vn -0.780868828 0.441726089 -0.441726089
vn -0.780868828 0.441726089 -0.441726089
vn -0.780868828 0.441726089 -0.441726089
vn -0.780868828 0.239060447 -0.577142954
vn -0.780868828 0.239060447 -0.577142954
vn -0.780868828 0.239060447 -0.577142954
vn -0.780868828 0.239060447 -0.577142954
vn -0.780868828 0 -0.624695063
vn -0.780868828 0 -0.624695063
vn -0.780868828 0 -0.624695063
vn -0.780868828 0 -0.624695063
vn -0.780868828 -0.239060447 -0.577142954
vn -0.780868828 -0.239060447 -0.577142954
vn -0.780868828 -0.239060447 -0.577142954
vn -0.780868828 -0.239060447 -0.577142954
vn -0.780868828 -0.441726089 -0.441726089
vn -0.780868828 -0.441726089 -0.441726089
vn -0.780868828 -0.441726089 -0.441726089
vn -0.780868828 -0.441726089 -0.441726089
vn -0.780868828 -0.577142954 -0.239060447
vn -0.780868828 -0.577142954 -0.239060447
vn -0.780868828 -0.577142954 -0.239060447
vn -0.780868828 -0.577142954 -0.239060447
vn -0.780868828 -0.624695063 0
vn -0.780868828 -0.624695063 0
vn 0 -1 0
vn 0 -1 0
vn 0 -0.923879504 0.382683426
vn 0 -0.923879504 0.382683426
vn 0 -0.707106769 0.707106769
vn 0 -0.707106769 0.707106769
vn 0 -0.382683426 0.923879504
vn 0 -0.382683426 0.923879504
vn 0 0 1
vn 0 0 1
vn 0 0.382683426 0.923879504
vn 0 0.382683426 0.923879504
vn 0 0.707106769 0.707106769
vn 0 0.707106769 0.707106769
vn 0 0.923879504 0.382683426
vn 0 0.923879504 0.382683426
vn 0 1 0
vn 0 1 0
vn 0 0.923879504 -0.382683426
vn 0 0.923879504 -0.382683426
vn 0 0.707106769 -0.707106769
vn 0 0.707106769 -0.707106769
vn 0 0.382683426 -0.923879504
vn 0 0.382683426 -0.923879504
vn 0 0 -1
vn 0 0 -1
vn 0 -0.382683426 -0.923879504
vn 0 -0.382683426 -0.923879504
vn 0 -0.707106769 -0.707106769
vn 0 -0.707106769 -0.707106769
vn 0 -0.923879504 -0.382683426
vn 0 -0.923879504 -0.382683426
vn 0 -1 0
vn 0 -1 0
vn 0.780868828 -0.624695063 0
vn 0.780868828 -0.624695063 0
vn 0.780868828 -0.577142954 0.239060447
vn 0.780868828 -0.577142954 0.239060447
vn 0.780868828 -0.577142954 0.239060447
vn 0.780868828 -0.577142954 0.239060447
vn 0.780868828 -0.441726089 0.441726089
vn 0.780868828 -0.441726089 0.441726089
vn 0.780868828 -0.441726089 0.441726089
vn 0.780868828 -0.441726089 0.441726089
vn 0.780868828 -0.239060447 0.577142954
vn 0.780868828 -0.239060447 0.577142954
vn 0.780868828 -0.239060447 0.577142954
vn 0.780868828 -0.239060447 0.577142954
vn 0.780868828 0 0.624695063
vn 0.780868828 0 0.624695063
vn 0.780868828 0 0.624695063
vn 0.780868828 0 0.624695063
vn 0.780868828 0.239060447 0.577142954
vn 0.780868828 0.239060447 0.577142954
vn 0.780868828 0.239060447 0.577142954
vn 0.780868828 0.239060447 0.577142954
vn 0.780868828 0.441726089 0.441726089
vn 0.780868828 0.441726089 0.441726089
vn 0.780868828 0.441726089 0.441726089
vn 0.780868828 0.441726089 0.441726089
vn 0.780868828 0.577142954 0.239060447
vn 0.780868828 0.577142954 0.239060447
vn 0.780868828 0.577142954 0.239060447
vn 0.780868828 0.577142954 0.239060447
vn 0.780868828 0.624695063 0
vn 0.780868828 0.624695063 0
vn 0.780868828 0.624695063 0
vn 0.780868828 0.624695063 0
vn 0.780868828 0.577142954 -0.239060447
vn 0.780868828 0.577142954 -0.239060447
vn 0.780868828 0.577142954 -0.239060447
vn 0.780868828 0.577142954 -0.239060447
vn 0.780868828 0.441726089 -0.441726089
vn 0.780868828 0.441726089 -0.441726089
vn 0.780868828 0.441726089 -0.441726089
vn 0.780868828 0.441726089 -0.441726089
vn 0.780868828 0.239060447 -0.577142954
vn 0.780868828 0.239060447 -0.577142954
vn 0.780868828 0.239060447 -0.577142954
vn 0.780868828 0.239060447 -0.577142954
vn 0.780868828 0 -0.624695063
vn 0.780868828 0 -0.624695063
vn 0.780868828 0 -0.624695063
vn 0.780868828 0 -0.624695063
vn 0.780868828 -0.239060447 -0.577142954
vn 0.780868828 -0.239060447 -0.577142954
vn 0.780868828 -0.239060447 -0.577142954
vn 0.780868828 -0.239060447 -0.577142954
vn 0.780868828 -0.441726089 -0.441726089
vn 0.780868828 -0.441726089 -0.441726089
vn 0.780868828 -0.441726089 -0.441726089
vn 0.780868828 -0.441726089 -0.441726089
vn 0.780868828 -0.577142954 -0.239060447
vn 0.780868828 -0.577142954 -0.239060447
vn 0.780868828 -0.577142954 -0.239060447
vn 0.780868828 -0.577142954 -0.239060447
vn 0.780868828 -0.624695063 0
vn 0.780868828 -0.624695063 0
vn -1 0 0
vn -1 0 0
vn -1 0 0
vn -1 0 0
vn -1 0 0
vn -1 0 0
vn -1 0 0
vn -1 0 0
vn -1 0 0
vn -1 0 0
vn -1 0 0
vn -1 0 0
vn -1 0 0
vn -1 0 0
vn -1 0 0
vn -1 0 0
vn 1 0 0
vn 1 0 0
vn 1 0 0
vn 1 0 0
vn 1 0 0
vn 1 0 0
vn 1 0 0
vn 1 0 0
vn 1 0 0
vn 1 0 0
vn 1 0 0
vn 1 0 0
vn 1 0 0
vn 1 0 0
vn 1 0 0
vn 1 0 0
vn -0.780868828 -0.624695063 0
vn -0.780868828 -0.624695063 0
vn -0.780868828 -0.577142954 0.239060447
vn -0.780868828 -0.577142954 0.239060447
vn -0.780868828 -0.577142954 0.239060447
vn -0.780868828 -0.577142954 0.239060447
vn -0.780868828 -0.441726089 0.441726089
vn -0.780868828 -0.441726089 0.441726089
vn -0.780868828 -0.441726089 0.441726089
vn -0.780868828 -0.441726089 0.441726089
vn -0.780868828 -0.239060447 0.577142954
vn -0.780868828 -0.239060447 0.577142954
vn -0.780868828 -0.239060447 0.577142954
vn -0.780868828 -0.239060447 0.577142954
vn -0.780868828 0 0.624695063
vn -0.780868828 0 0.624695063
vn -0.780868828 0 0.624695063
vn -0.780868828 0 0.624695063
vn -0.780868828 0.239060447 0.577142954
vn -0.780868828 0.239060447 0.577142954
vn -0.780868828 0.239060447 0.577142954
vn -0.780868828 0.239060447 0.577142954
vn -0.780868828 0.441726089 0.441726089
vn -0.780868828 0.441726089 0.441726089
vn -0.780868828 0.441726089 0.441726089
vn -0.780868828 0.441726089 0.441726089
vn -0.780868828 0.577142954 0.239060447
vn -0.780868828 0.577142954 0.239060447
vn -0.780868828 0.577142954 0.239060447
vn -0.780868828 0.577142954 0.239060447
vn -0.780868828 0.624695063 0
vn -0.780868828 0.624695063 0
vn -0.780868828 0.624695063 0
vn -0.780868828 0.624695063 0
vn -0.780868828 0.577142954 -0.239060447
vn -0.780868828 0.577142954 -0.239060447
vn -0.780868828 0.577142954 -0.239060447
vn -0.780868828 0.577142954 -0.239060447
vn -0.780868828 0.441726089 -0.441726089
vn -0.780868828 0.441726089 -0.441726089
vn -0.780868828 0.441726089 -0.441726089
vn -0.780868828 0.441726089 -0.441726089
vn -0.780868828 0.239060447 -0.577142954
vn -0.780868828 0.239060447 -0.577142954
vn -0.780868828 0.239060447 -0.577142954
vn -0.780868828 0.239060447 -0.577142954
vn -0.780868828 0 -0.624695063
vn -0.780868828 0 -0.624695063
vn -0.780868828 0 -0.624695063
vn -0.780868828 0 -0.624695063
vn -0.780868828 -0.239060447 -0.577142954
vn -0.780868828 -0.239060447 -0.577142954
vn -0.780868828 -0.239060447 -0.577142954
vn -0.780868828 -0.239060447 -0.577142954
vn -0.780868828 -0.441726089 -0.441726089
vn -0.780868828 -0.441726089 -0.441726089
vn -0.780868828 -0.441726089 -0.441726089
vn -0.780868828 -0.441726089 -0.441726089
vn -0.780868828 -0.577142954 -0.239060447
vn -0.780868828 -0.577142954 -0.239060447
vn -0.780868828 -0.577142954 -0.239060447
vn -0.780868828 -0.577142954 -0.239060447
vn -0.780868828 -0.624695063 0
vn -0.780868828 -0.624695063 0
vn 0 -1 0
vn 0 -1 0
vn 0 -0.923879504 0.382683426
vn 0 -0.923879504 0.382683426
vn 0 -0.707106769 0.707106769
vn 0 -0.707106769 0.707106769
vn 0 -0.382683426 0.923879504
vn 0 -0.382683426 0.923879504
vn 0 0 1
vn 0 0 1
vn 0 0.382683426 0.923879504
vn 0 0.382683426 0.923879504
vn 0 0.707106769 0.707106769
vn 0 0.707106769 0.707106769
vn 0 0.923879504 0.382683426
vn 0 0.923879504 0.382683426
vn 0 1 0
vn 0 1 0
vn 0 0.923879504 -0.382683426
vn 0 0.923879504 -0.382683426
vn 0 0.707106769 -0.707106769
vn 0 0.707106769 -0.707106769
vn 0 0.382683426 -0.923879504
vn 0 0.382683426 -0.923879504
vn 0 0 -1
vn 0 0 -1
vn 0 -0.382683426 -0.923879504
vn 0 -0.382683426 -0.923879504
vn 0 -0.707106769 -0.707106769
vn 0 -0.707106769 -0.707106769
vn 0 -0.923879504 -0.382683426
vn 0 -0.923879504 -0.382683426
vn 0 -1 0
vn 0 -1 0
vn 0.780868828 -0.624695063 0
vn 0.780868828 -0.624695063 0
vn 0.780868828 -0.577142954 0.239060447
vn 0.780868828 -0.577142954 0.239060447
vn 0.780868828 -0.577142954 0.239060447
vn 0.780868828 -0.577142954 0.239060447
vn 0.780868828 -0.441726089 0.441726089
vn 0.780868828 -0.441726089 0.441726089
vn 0.780868828 -0.441726089 0.441726089
vn 0.780868828 -0.441726089 0.441726089
vn 0.780868828 -0.239060447 0.577142954
vn 0.780868828 -0.239060447 0.577142954
vn 0.780868828 -0.239060447 0.577142954
vn 0.780868828 -0.239060447 0.577142954
vn 0.780868828 0 0.624695063
vn 0.780868828 0 0.624695063
vn 0.780868828 0 0.624695063
vn 0.780868828 0 0.624695063
vn 0.780868828 0.239060447 0.577142954
vn 0.780868828 0.239060447 0.577142954
vn 0.780868828 0.239060447 0.577142954
vn 0.780868828 0.239060447 0.577142954
vn 0.780868828 0.441726089 0.441726089
vn 0.780868828 0.441726089 0.441726089
vn 0.780868828 0.441726089 0.441726089
vn 0.780868828 0.441726089 0.441726089
vn 0.780868828 0.577142954 0.239060447
vn 0.780868828 0.577142954 0.239060447
vn 0.780868828 0.577142954 0.239060447
vn 0.780868828 0.577142954 0.239060447
vn 0.780868828 0.624695063 0
vn 0.780868828 0.624695063 0
vn 0.780868828 0.624695063 0
vn 0.780868828 0.624695063 0
vn 0.780868828 0.577142954 -0.239060447
vn 0.780868828 0.577142954 -0.239060447
vn 0.780868828 0.577142954 -0.239060447
vn 0.780868828 0.577142954 -0.239060447
vn 0.780868828 0.441726089 -0.441726089
vn 0.780868828 0.441726089 -0.441726089
vn 0.780868828 0.441726089 -0.441726089
vn 0.780868828 0.441726089 -0.441726089
vn 0.780868828 0.239060447 -0.577142954
vn 0.780868828 0.239060447 -0.577142954
vn 0.780868828 0.239060447 -0.577142954
vn 0.780868828 0.239060447 -0.577142954
vn 0.780868828 0 -0.624695063
vn 0.780868828 0 -0.624695063
vn 0.780868828 0 -0.624695063
vn 0.780868828 0 -0.624695063
vn 0.780868828 -0.239060447 -0.577142954
vn 0.780868828 -0.239060447 -0.577142954
vn 0.780868828 -0.239060447 -0.577142954
vn 0.780868828 -0.239060447 -0.577142954
vn 0.780868828 -0.441726089 -0.441726089
vn 0.780868828 -0.441726089 -0.441726089
vn 0.780868828 -0.441726089 -0.441726089
vn 0.780868828 -0.441726089 -0.441726089
vn 0.780868828 -0.577142954 -0.239060447
vn 0.780868828 -0.577142954 -0.239060447
vn 0.780868828 -0.577142954 -0.239060447
vn 0.780868828 -0.577142954 -0.239060447
vn 0.780868828 -0.624695063 0
vn 0.780868828 -0.624695063 0
vn -1 0 0
vn -1 0 0
vn -1 0 0
vn -1 0 0
vn -1 0 0
vn -1 0 0
vn -1 0 0
vn -1 0 0
vn -1 0 0
vn -1 0 0
vn -1 0 0
vn -1 0 0
vn -1 0 0
vn -1 0 0
vn -1 0 0
vn -1 0 0
vn 1 0 0
vn 1 0 0
vn 1 0 0
vn 1 0 0
vn 1 0 0
vn 1 0 0
vn 1 0 0
vn 1 0 0
vn 1 0 0
vn 1 0 0
vn 1 0 0
vn 1 0 0
vn 1 0 0
vn 1 0 0
vn 1 0 0
vn 1 0 0
vn -0.780868828 -0.624695063 0
vn -0.780868828 -0.624695063 0
vn -0.780868828 -0.577142954 0.239060447
vn -0.780868828 -0.577142954 0.239060447
vn -0.780868828 -0.577142954 0.239060447
vn -0.780868828 -0.577142954 0.239060447
vn -0.780868828 -0.441726089 0.441726089
vn -0.780868828 -0.441726089 0.441726089
vn -0.780868828 -0.441726089 0.441726089
vn -0.780868828 -0.441726089 0.441726089
vn -0.780868828 -0.239060447 0.577142954
vn -0.780868828 -0.239060447 0.577142954
vn -0.780868828 -0.239060447 0.577142954
vn -0.780868828 -0.239060447 0.577142954
vn -0.780868828 0 0.624695063
vn -0.780868828 0 0.624695063
vn -0.780868828 0 0.624695063
vn -0.780868828 0 0.624695063
vn -0.780868828 0.239060447 0.577142954
vn -0.780868828 0.239060447 0.577142954
vn -0.780868828 0.239060447 0.577142954
vn -0.780868828 0.239060447 0.577142954
vn -0.780868828 0.441726089 0.441726089
vn -0.780868828 0.441726089 0.441726089
vn -0.780868828 0.441726089 0.441726089
vn -0.780868828 0.441726089 0.441726089
vn -0.780868828 0.577142954 0.239060447
vn -0.780868828 0.577142954 0.239060447
vn -0.780868828 0.577142954 0.239060447
vn -0.780868828 0.577142954 0.239060447
vn -0.780868828 0.624695063 0
vn -0.780868828 0.624695063 0
vn -0.780868828 0.624695063 0
vn -0.780868828 0.624695063 0
vn -0.780868828 0.577142954 -0.239060447
vn -0.780868828 0.577142954 -0.239060447
vn -0.780868828 0.577142954 -0.239060447
vn -0.780868828 0.577142954 -0.239060447
vn -0.780868828 0.441726089 -0.441726089
vn -0.780868828 0.441726089 -0.441726089
vn -0.780868828 0.441726089 -0.441726089
vn -0.780868828 0.441726089 -0.441726089
vn -0.780868828 0.239060447 -0.577142954
vn -0.780868828 0.239060447 -0.577142954
vn -0.780868828 0.239060447 -0.577142954
vn -0.780868828 0.239060447 -0.577142954
vn -0.780868828 0 -0.624695063
vn -0.780868828 0 -0.624695063
vn -0.780868828 0 -0.624695063
vn -0.780868828 0 -0.624695063
vn -0.780868828 -0.239060447 -0.577142954
vn -0.780868828 -0.239060447 -0.577142954
vn -0.780868828 -0.239060447 -0.577142954
vn -0.780868828 -0.239060447 -0.577142954
vn -0.780868828 -0.441726089 -0.441726089
vn -0.780868828 -0.441726089 -0.441726089
vn -0.780868828 -0.441726089 -0.441726089
vn -0.780868828 -0.441726089 -0.441726089
vn -0.780868828 -0.577142954 -0.239060447
vn -0.780868828 -0.577142954 -0.239060447
vn -0.780868828 -0.577142954 -0.239060447
vn -0.780868828 -0.577142954 -0.239060447
vn -0.780868828 -0.624695063 0
vn -0.780868828 -0.624695063 0
vn 0 -1 0
vn 0 -1 0
vn 0 -0.923879504 0.382683426
vn 0 -0.923879504 0.382683426
vn 0 -0.707106769 0.707106769
vn 0 -0.707106769 0.707106769
vn 0 -0.382683426 0.923879504
vn 0 -0.382683426 0.923879504
vn 0 0 1
vn 0 0 1
vn 0 0.382683426 0.923879504
vn 0 0.382683426 0.923879504
vn 0 0.707106769 0.707106769
vn 0 0.707106769 0.707106769
vn 0 0.923879504 0.382683426
vn 0 0.923879504 0.382683426
vn 0 1 0
vn 0 1 0
vn 0 0.923879504 -0.382683426
vn 0 0.923879504 -0.382683426
vn 0 0.707106769 -0.707106769
vn 0 0.707106769 -0.707106769
vn 0 0.382683426 -0.923879504
vn 0 0.382683426 -0.923879504
vn 0 0 -1
vn 0 0 -1
vn 0 -0.382683426 -0.923879504
vn 0 -0.382683426 -0.923879504
vn 0 -0.707106769 -0.707106769
vn 0 -0.707106769 -0.707106769
vn 0 -0.923879504 -0.382683426
vn 0 -0.923879504 -0.382683426
vn 0 -1 0
vn 0 -1 0
vn 0.780868828 -0.624695063 0
vn 0.780868828 -0.624695063 0
vn 0.780868828 -0.577142954 0.239060447
vn 0.780868828 -0.577142954 0.239060447
vn 0.780868828 -0.577142954 0.239060447
vn 0.780868828 -0.577142954 0.239060447
vn 0.780868828 -0.441726089 0.441726089
vn 0.780868828 -0.441726089 0.441726089
vn 0.780868828 -0.441726089 0.441726089
vn 0.780868828 -0.441726089 0.441726089
vn 0.780868828 -0.239060447 0.577142954
vn 0.780868828 -0.239060447 0.577142954
vn 0.780868828 -0.239060447 0.577142954
vn 0.780868828 -0.239060447 0.577142954
vn 0.780868828 0 0.624695063
vn 0.780868828 0 0.624695063
vn 0.780868828 0 0.624695063
vn 0.780868828 0 0.624695063
vn 0.780868828 0.239060447 0.577142954
vn 0.780868828 0.239060447 0.577142954
vn 0.780868828 0.239060447 0.577142954
vn 0.780868828 0.239060447 0.577142954
vn 0.780868828 0.441726089 0.441726089
vn 0.780868828 0.441726089 0.441726089
vn 0.780868828 0.441726089 0.441726089
vn 0.780868828 0.441726089 0.441726089
vn 0.780868828 0.577142954 0.239060447
vn 0.780868828 0.577142954 0.239060447
vn 0.780868828 0.577142954 0.239060447
vn 0.780868828 0.577142954 0.239060447
vn 0.780868828 0.624695063 0
vn 0.780868828 0.624695063 0
vn 0.780868828 0.624695063 0
vn 0.780868828 0.624695063 0
vn 0.780868828 0.577142954 -0.239060447
vn 0.780868828 0.577142954 -0.239060447
vn 0.780868828 0.577142954 -0.239060447
vn 0.780868828 0.577142954 -0.239060447
vn 0.780868828 0.441726089 -0.441726089
vn 0.780868828 0.441726089 -0.441726089
vn 0.780868828 0.441726089 -0.441726089
vn 0.780868828 0.441726089 -0.441726089
vn 0.780868828 0.239060447 -0.577142954
vn 0.780868828 0.239060447 -0.577142954
vn 0.780868828 0.239060447 -0.577142954
vn 0.780868828 0.239060447 -0.577142954
vn 0.780868828 0 -0.624695063
vn 0.780868828 0 -0.624695063
vn 0.780868828 0 -0.624695063
vn 0.780868828 0 -0.624695063
vn 0.780868828 -0.239060447 -0.577142954
vn 0.780868828 -0.239060447 -0.577142954
vn 0.780868828 -0.239060447 -0.577142954
vn 0.780868828 -0.239060447 -0.577142954
vn 0.780868828 -0.441726089 -0.441726089
vn 0.780868828 -0.441726089 -0.441726089
vn 0.780868828 -0.441726089 -0.441726089
vn 0.780868828 -0.441726089 -0.441726089
vn 0.780868828 -0.577142954 -0.239060447
vn 0.780868828 -0.577142954 -0.239060447
vn 0.780868828 -0.577142954 -0.239060447
vn 0.780868828 -0.577142954 -0.239060447
vn 0.780868828 -0.624695063 0
vn 0.780868828 -0.624695063 0
vn -1 0 0
vn -1 0 0
vn -1 0 0
vn -1 0 0
vn -1 0 0
vn -1 0 0
vn -1 0 0
vn -1 0 0
vn -1 0 0
vn -1 0 0
vn -1 0 0
vn -1 0 0
vn -1 0 0
vn -1 0 0
vn -1 0 0
vn -1 0 0
vn 1 0 0
vn 1 0 0
vn 1 0 0
vn 1 0 0
vn 1 0 0
vn 1 0 0
vn 1 0 0
vn 1 0 0
vn 1 0 0
vn 1 0 0
vn 1 0 0
vn 1 0 0
vn 1 0 0
vn 1 0 0
vn 1 0 0
vn 1 0 0
vn -0.780868828 -0.624695063 0
vn -0.780868828 -0.624695063 0
vn -0.780868828 -0.577142954 0.239060447
vn -0.780868828 -0.577142954 0.239060447
vn -0.780868828 -0.577142954 0.239060447
vn -0.780868828 -0.577142954 0.239060447
vn -0.780868828 -0.441726089 0.441726089
vn -0.780868828 -0.441726089 0.441726089
vn -0.780868828 -0.441726089 0.441726089
vn -0.780868828 -0.441726089 0.441726089
vn -0.780868828 -0.239060447 0.577142954
vn -0.780868828 -0.239060447 0.577142954
vn -0.780868828 -0.239060447 0.577142954
vn -0.780868828 -0.239060447 0.577142954
vn -0.780868828 0 0.624695063
vn -0.780868828 0 0.624695063
vn -0.780868828 0 0.624695063
vn -0.780868828 0 0.624695063
vn -0.780868828 0.239060447 0.577142954
vn -0.780868828 0.239060447 0.577142954
vn -0.780868828 0.239060447 0.577142954
vn -0.780868828 0.239060447 0.577142954
vn -0.780868828 0.441726089 0.441726089
vn -0.780868828 0.441726089 0.441726089
vn -0.780868828 0.441726089 0.441726089
vn -0.780868828 0.441726089 0.441726089
vn -0.780868828 0.577142954 0.239060447
vn -0.780868828 0.577142954 0.239060447
vn -0.780868828 0.577142954 0.239060447
vn -0.780868828 0.577142954 0.239060447
vn -0.780868828 0.624695063 0
vn -0.780868828 0.624695063 0
vn -0.780868828 0.624695063 0
vn -0.780868828 0.624695063 0
vn -0.780868828 0.577142954 -0.239060447
vn -0.780868828 0.577142954 -0.239060447
vn -0.780868828 0.577142954 -0.239060447
vn -0.780868828 0.577142954 -0.239060447
vn -0.780868828 0.441726089 -0.441726089
vn -0.780868828 0.441726089 -0.441726089
vn -0.780868828 0.441726089 -0.441726089
vn -0.780868828 0.441726089 -0.441726089
vn -0.780868828 0.239060447 -0.577142954
vn -0.780868828 0.239060447 -0.577142954
vn -0.780868828 0.239060447 -0.577142954
vn -0.780868828 0.239060447 -0.577142954
vn -0.780868828 0 -0.624695063
vn -0.780868828 0 -0.624695063
vn -0.780868828 0 -0.624695063
vn -0.780868828 0 -0.624695063
vn -0.780868828 -0.239060447 -0.577142954
vn -0.780868828 -0.239060447 -0.577142954
vn -0.780868828 -0.239060447 -0.577142954
vn -0.780868828 -0.239060447 -0.577142954
vn -0.780868828 -0.441726089 -0.441726089
vn -0.780868828 -0.441726089 -0.441726089
vn -0.780868828 -0.441726089 -0.441726089
vn -0.780868828 -0.441726089 -0.441726089
vn -0.780868828 -0.577142954 -0.239060447
vn -0.780868828 -0.577142954 -0.239060447
vn -0.780868828 -0.577142954 -0.239060447
vn -0.780868828 -0.577142954 -0.239060447
vn -0.780868828 -0.624695063 0
vn -0.780868828 -0.624695063 0
vn 0 -1 0
vn 0 -1 0
vn 0 -0.923879504 0.382683426
vn 0 -0.923879504 0.382683426
vn 0 -0.707106769 0.707106769
vn 0 -0.707106769 0.707106769
vn 0 -0.382683426 0.923879504
vn 0 -0.382683426 0.923879504
vn 0 0 1
vn 0 0 1
vn 0 0.382683426 0.923879504
vn 0 0.382683426 0.923879504
vn 0 0.707106769 0.707106769
vn 0 0.707106769 0.707106769
vn 0 0.923879504 0.382683426
vn 0 0.923879504 0.382683426
vn 0 1 0
vn 0 1 0
vn 0 0.923879504 -0.382683426
vn 0 0.923879504 -0.382683426
vn 0 0.707106769 -0.707106769
vn 0 0.707106769 -0.707106769
vn 0 0.382683426 -0.923879504
vn 0 0.382683426 -0.923879504
vn 0 0 -1
vn 0 0 -1
vn 0 -0.382683426 -0.923879504
vn 0 -0.382683426 -0.923879504
vn 0 -0.707106769 -0.707106769
vn 0 -0.707106769 -0.707106769
vn 0 -0.923879504 -0.382683426
vn 0 -0.923879504 -0.382683426
vn 0 -1 0
vn 0 -1 0
vn 0.780868828 -0.624695063 0
vn 0.780868828 -0.624695063 0
vn 0.780868828 -0.577142954 0.239060447
vn 0.780868828 -0.577142954 0.239060447
vn 0.780868828 -0.577142954 0.239060447
vn 0.780868828 -0.577142954 0.239060447
vn 0.780868828 -0.441726089 0.441726089
vn 0.780868828 -0.441726089 0.441726089
vn 0.780868828 -0.441726089 0.441726089
vn 0.780868828 -0.441726089 0.441726089
vn 0.780868828 -0.239060447 0.577142954
vn 0.780868828 -0.239060447 0.577142954
vn 0.780868828 -0.239060447 0.577142954
vn 0.780868828 -0.239060447 0.577142954
vn 0.780868828 0 0.624695063
vn 0.780868828 0 0.624695063
vn 0.780868828 0 0.624695063
vn 0.780868828 0 0.624695063
vn 0.780868828 0.239060447 0.577142954
vn 0.780868828 0.239060447 0.577142954
vn 0.780868828 0.239060447 0.577142954
vn 0.780868828 0.239060447 0.577142954
vn 0.780868828 0.441726089 0.441726089
vn 0.780868828 0.441726089 0.441726089
vn 0.780868828 0.441726089 0.441726089
vn 0.780868828 0.441726089 0.441726089
vn 0.780868828 0.577142954 0.239060447
vn 0.780868828 0.577142954 0.239060447
vn 0.780868828 0.577142954 0.239060447
vn 0.780868828 0.577142954 0.239060447
vn 0.780868828 0.624695063 0
vn 0.780868828 0.624695063 0
vn 0.780868828 0.624695063 0
vn 0.780868828 0.624695063 0
vn 0.780868828 0.577142954 -0.239060447
vn 0.780868828 0.577142954 -0.239060447
vn 0.780868828 0.577142954 -0.239060447
vn 0.780868828 0.577142954 -0.239060447
vn 0.780868828 0.441726089 -0.441726089
vn 0.780868828 0.441726089 -0.441726089
vn 0.780868828 0.441726089 -0.441726089
vn 0.780868828 0.441726089 -0.441726089
vn 0.780868828 0.239060447 -0.577142954
vn 0.780868828 0.239060447 -0.577142954
vn 0.780868828 0.239060447 -0.577142954
vn 0.780868828 0.239060447 -0.577142954
vn 0.780868828 0 -0.624695063
vn 0.780868828 0 -0.624695063
vn 0.780868828 0 -0.624695063
vn 0.780868828 0 -0.624695063
vn 0.780868828 -0.239060447 -0.577142954
vn 0.780868828 -0.239060447 -0.577142954
vn 0.780868828 -0.239060447 -0.577142954
vn 0.780868828 -0.239060447 -0.577142954
vn 0.780868828 -0.441726089 -0.441726089
vn 0.780868828 -0.441726089 -0.441726089
vn 0.780868828 -0.441726089 -0.441726089
vn 0.780868828 -0.441726089 -0.441726089
vn 0.780868828 -0.577142954 -0.239060447
vn 0.780868828 -0.577142954 -0.239060447
vn 0.780868828 -0.577142954 -0.239060447
vn 0.780868828 -0.577142954 -0.239060447
vn 0.780868828 -0.624695063 0
vn 0.780868828 -0.624695063 0
vn -1 0 0
vn -1 0 0
vn -1 0 0
vn -1 0 0
vn -1 0 0
vn -1 0 0
vn -1 0 0
vn -1 0 0
vn -1 0 0
vn -1 0 0
vn -1 0 0
vn -1 0 0
vn -1 0 0
vn -1 0 0
vn -1 0 0
vn -1 0 0
vn 1 0 0
vn 1 0 0
vn 1 0 0
vn 1 0 0
vn 1 0 0
vn 1 0 0
vn 1 0 0
vn 1 0 0
vn 1 0 0
vn 1 0 0
vn 1 0 0
vn 1 0 0
vn 1 0 0
vn 1 0 0
vn 1 0 0
vn 1 0 0
vn 0 1 0
vn 0 1 0
vn 0.5 0.866025388 0
vn 0.5 0.866025388 0
vn 0.5 0.866025388 0
vn 0.5 0.866025388 0
vn 0.866025388 0.5 0
vn 0.866025388 0.5 0
vn 0.866025388 0.5 0
vn 0.866025388 0.5 0
vn 1 0 0
vn 1 0 0
vn 1 0 0
vn 1 0 0
vn 0.866025388 -0.5 0
vn 0.866025388 -0.5 0
vn 0.866025388 -0.5 0
vn 0.866025388 -0.5 0
vn 0.5 -0.866025388 0
vn 0.5 -0.866025388 0
vn 0.5 -0.866025388 0
vn 0.5 -0.866025388 0
vn 0 -1 0
vn 0 -1 0
vn 0 -1 0
vn 0 -1 0
vn -0.5 -0.866025388 0
vn -0.5 -0.866025388 0
vn -0.5 -0.866025388 0
vn -0.5 -0.866025388 0
vn -0.866025388 -0.5 0
vn -0.866025388 -0.5 0
vn -0.866025388 -0.5 0
vn -0.866025388 -0.5 0
vn -1 0 0
vn -1 0 0
vn -1 0 0
vn -1 0 0
vn -0.866025388 0.5 0
vn -0.866025388 0.5 0
vn -0.866025388 0.5 0
vn -0.866025388 0.5 0
vn -0.5 0.866025388 0
vn -0.5 0.866025388 0
vn -0.5 0.866025388 0
vn -0.5 0.866025388 0
vn 0 1 0
vn 0 1 0
vn 0 0 -1
vn 0 0 -1
vn 0 0 -1
vn 0 0 -1
vn 0 0 -1
vn 0 0 -1
vn 0 0 -1
vn 0 0 -1
vn 0 0 -1
vn 0 0 -1
vn 0 0 -1
vn 0 0 -1
vn 0 0 1
vn 0 0 1
vn 0 0 1
vn 0 0 1
vn 0 0 1
vn 0 0 1
vn 0 0 1
vn 0 0 1
vn 0 0 1
vn 0 0 1
vn 0 0 1
vn 0 0 1
vn -1 0 0
vn -1 0 0
vn -1 0 0
vn -1 0 0
vn 1 0 0
vn 1 0 0
vn 1 0 0
vn 1 0 0
vn 0 -1 0
vn 0 -1 0
vn 0 -1 0
vn 0 -1 0
vn 0 1 0
vn 0 1 0
vn 0 1 0
vn 0 1 0
vn 0 0 -1
vn 0 0 -1
vn 0 0 -1
vn 0 0 -1
vn 0 0 1
vn 0 0 1
vn 0 0 1
vn 0 0 1
vn 0 -0.707106769 -0.707106769
vn 0 -0.707106769 -0.707106769
vn 0 -0.707106769 -0.707106769
vn 0 -0.707106769 -0.707106769
vn 0 -0.707106769 0.707106769
vn 0 -0.707106769 0.707106769
vn 0 -0.707106769 0.707106769
vn 0 -0.707106769 0.707106769
vn 0 0.707106769 -0.707106769
vn 0 0.707106769 -0.707106769
vn 0 0.707106769 -0.707106769
vn 0 0.707106769 -0.707106769
vn 0 0.707106769 0.707106769
vn 0 0.707106769 0.707106769
vn 0 0.707106769 0.707106769
vn 0 0.707106769 0.707106769
vn -0.707106769 0 -0.707106769
vn -0.707106769 0 -0.707106769
vn -0.707106769 0 -0.707106769
vn -0.707106769 0 -0.707106769
vn -0.707106769 0 0.707106769
vn -0.707106769 0 0.707106769
vn -0.707106769 0 0.707106769
vn -0.707106769 0 0.707106769
vn 0.707106769 0 -0.707106769
vn 0.707106769 0 -0.707106769
vn 0.707106769 0 -0.707106769
vn 0.707106769 0 -0.707106769
vn 0.707106769 0 0.707106769
vn 0.707106769 0 0.707106769
vn 0.707106769 0 0.707106769
vn 0.707106769 0 0.707106769
vn -0.707106769 -0.707106769 0
vn -0.707106769 -0.707106769 0
vn -0.707106769 -0.707106769 0
vn -0.707106769 -0.707106769 0
vn -0.707106769 0.707106769 0
vn -0.707106769 0.707106769 0
vn -0.707106769 0.707106769 0
vn -0.707106769 0.707106769 0
vn 0.707106769 -0.707106769 0
vn 0.707106769 -0.707106769 0
vn 0.707106769 -0.707106769 0
vn 0.707106769 -0.707106769 0
vn 0.707106769 0.707106769 0
vn 0.707106769 0.707106769 0
vn 0.707106769 0.707106769 0
vn 0.707106769 0.707106769 0
vn -0.577350259 -0.577350259 -0.577350259
vn -0.577350259 -0.577350259 -0.577350259
vn -0.577350259 -0.577350259 -0.577350259
vn -0.577350259 -0.577350259 0.577350259
vn -0.577350259 -0.577350259 0.577350259
vn -0.577350259 -0.577350259 0.577350259
vn -0.577350259 0.577350259 -0.577350259
vn -0.577350259 0.577350259 -0.577350259
vn -0.577350259 0.577350259 -0.577350259
vn -0.577350259 0.577350259 0.577350259
vn -0.577350259 0.577350259 0.577350259
vn -0.577350259 0.577350259 0.577350259
vn 0.577350259 -0.577350259 -0.577350259
vn 0.577350259 -0.577350259 -0.577350259
vn 0.577350259 -0.577350259 -0.577350259
vn 0.577350259 -0.577350259 0.577350259
vn 0.577350259 -0.577350259 0.577350259
vn 0.577350259 -0.577350259 0.577350259
vn 0.577350259 0.577350259 -0.577350259
vn 0.577350259 0.577350259 -0.577350259
vn 0.577350259 0.577350259 -0.577350259
vn 0.577350259 0.577350259 0.577350259
vn 0.577350259 0.577350259 0.577350259
vn 0.577350259 0.577350259 0.577350259
vn -1 0 0
vn -1 0 0
vn -1 0 0
vn -1 0 0
vn 1 0 0
vn 1 0 0
vn 1 0 0
vn 1 0 0
vn 0 -1 0
vn 0 -1 0
vn 0 -1 0
vn 0 -1 0
vn 0 1 0
vn 0 1 0
vn 0 1 0
vn 0 1 0
vn 0 0 -1
vn 0 0 -1
vn 0 0 -1
vn 0 0 -1
vn 0 0 1
vn 0 0 1
vn 0 0 1
vn 0 0 1
vn 0 -0.707106769 -0.707106769
vn 0 -0.707106769 -0.707106769
vn 0 -0.707106769 -0.707106769
vn 0 -0.707106769 -0.707106769
vn 0 -0.707106769 0.707106769
vn 0 -0.707106769 0.707106769
vn 0 -0.707106769 0.707106769
vn 0 -0.707106769 0.707106769
vn 0 0.707106769 -0.707106769
vn 0 0.707106769 -0.707106769
vn 0 0.707106769 -0.707106769
vn 0 0.707106769 -0.707106769
vn 0 0.707106769 0.707106769
vn 0 0.707106769 0.707106769
vn 0 0.707106769 0.707106769
vn 0 0.707106769 0.707106769
vn -0.707106769 0 -0.707106769
vn -0.707106769 0 -0.707106769
vn -0.707106769 0 -0.707106769
vn -0.707106769 0 -0.707106769
vn -0.707106769 0 0.707106769
vn -0.707106769 0 0.707106769
vn -0.707106769 0 0.707106769
vn -0.707106769 0 0.707106769
vn 0.707106769 0 -0.707106769
vn 0.707106769 0 -0.707106769
vn 0.707106769 0 -0.707106769
vn 0.707106769 0 -0.707106769
vn 0.707106769 0 0.707106769
vn 0.707106769 0 0.707106769
vn 0.707106769 0 0.707106769
vn 0.707106769 0 0.707106769
vn -0.707106769 -0.707106769 0
vn -0.707106769 -0.707106769 0
vn -0.707106769 -0.707106769 0
vn -0.707106769 -0.707106769 0
vn -0.707106769 0.707106769 0
vn -0.707106769 0.707106769 0
vn -0.707106769 0.707106769 0
vn -0.707106769 0.707106769 0
vn 0.707106769 -0.707106769 0
vn 0.707106769 -0.707106769 0
vn 0.707106769 -0.707106769 0
vn 0.707106769 -0.707106769 0
vn 0.707106769 0.707106769 0
vn 0.707106769 0.707106769 0
vn 0.707106769 0.707106769 0
vn 0.707106769 0.707106769 0
vn -0.577350259 -0.577350259 -0.577350259
vn -0.577350259 -0.577350259 -0.577350259
vn -0.577350259 -0.577350259 -0.577350259
vn -0.577350259 -0.577350259 0.577350259
vn -0.577350259 -0.577350259 0.577350259
vn -0.577350259 -0.577350259 0.577350259
vn -0.577350259 0.577350259 -0.577350259
vn -0.577350259 0.577350259 -0.577350259
vn -0.577350259 0.577350259 -0.577350259
vn -0.577350259 0.577350259 0.577350259
vn -0.577350259 0.577350259 0.577350259
vn -0.577350259 0.577350259 0.577350259
vn 0.577350259 -0.577350259 -0.577350259
vn 0.577350259 -0.577350259 -0.577350259
vn 0.577350259 -0.577350259 -0.577350259
vn 0.577350259 -0.577350259 0.577350259
vn 0.577350259 -0.577350259 0.577350259
vn 0.577350259 -0.577350259 0.577350259
vn 0.577350259 0.577350259 -0.577350259
vn 0.577350259 0.577350259 -0.577350259
vn 0.577350259 0.577350259 -0.577350259
vn 0.577350259 0.577350259 0.577350259
vn 0.577350259 0.577350259 0.577350259
vn 0.577350259 0.577350259 0.577350259
vn -1 0 0
vn -1 0 0
vn -1 0 0
vn -1 0 0
vn 1 0 0
vn 1 0 0
vn 1 0 0
vn 1 0 0
vn 0 -1 0
vn 0 -1 0
vn 0 -1 0
vn 0 -1 0
vn 0 1 0
vn 0 1 0
vn 0 1 0
vn 0 1 0
vn 0 0 -1
vn 0 0 -1
vn 0 0 -1
vn 0 0 -1
vn 0 0 1
vn 0 0 1
vn 0 0 1
vn 0 0 1
vn 0 -0.707106769 -0.707106769
vn 0 -0.707106769 -0.707106769
vn 0 -0.707106769 -0.707106769
vn 0 -0.707106769 -0.707106769
vn 0 -0.707106769 0.707106769
vn 0 -0.707106769 0.707106769
vn 0 -0.707106769 0.707106769
vn 0 -0.707106769 0.707106769
vn 0 0.707106769 -0.707106769
vn 0 0.707106769 -0.707106769
vn 0 0.707106769 -0.707106769
vn 0 0.707106769 -0.707106769
vn 0 0.707106769 0.707106769
vn 0 0.707106769 0.707106769
vn 0 0.707106769 0.707106769
vn 0 0.707106769 0.707106769
vn -0.707106769 0 -0.707106769
vn -0.707106769 0 -0.707106769
vn -0.707106769 0 -0.707106769
vn -0.707106769 0 -0.707106769
vn -0.707106769 0 0.707106769
vn -0.707106769 0 0.707106769
vn -0.707106769 0 0.707106769
vn -0.707106769 0 0.707106769
vn 0.707106769 0 -0.707106769
vn 0.707106769 0 -0.707106769
vn 0.707106769 0 -0.707106769
vn 0.707106769 0 -0.707106769
vn 0.707106769 0 0.707106769
vn 0.707106769 0 0.707106769
vn 0.707106769 0 0.707106769
vn 0.707106769 0 0.707106769
vn -0.707106769 -0.707106769 0
vn -0.707106769 -0.707106769 0
vn -0.707106769 -0.707106769 0
vn -0.707106769 -0.707106769 0
vn -0.707106769 0.707106769 0
vn -0.707106769 0.707106769 0
vn -0.707106769 0.707106769 0
vn -0.707106769 0.707106769 0
vn 0.707106769 -0.707106769 0
vn 0.707106769 -0.707106769 0
vn 0.707106769 -0.707106769 0
vn 0.707106769 -0.707106769 0
vn 0.707106769 0.707106769 0
vn 0.707106769 0.707106769 0
vn 0.707106769 0.707106769 0
vn 0.707106769 0.707106769 0
vn -0.577350259 -0.577350259 -0.577350259
vn -0.577350259 -0.577350259 -0.577350259
vn -0.577350259 -0.577350259 -0.577350259
vn -0.577350259 -0.577350259 0.577350259
vn -0.577350259 -0.577350259 0.577350259
vn -0.577350259 -0.577350259 0.577350259
vn -0.577350259 0.577350259 -0.577350259
vn -0.577350259 0.577350259 -0.577350259
vn -0.577350259 0.577350259 -0.577350259
vn -0.577350259 0.577350259 0.577350259
vn -0.577350259 0.577350259 0.577350259
vn -0.577350259 0.577350259 0.577350259
vn 0.577350259 -0.577350259 -0.577350259
vn 0.577350259 -0.577350259 -0.577350259
vn 0.577350259 -0.577350259 -0.577350259
vn 0.577350259 -0.577350259 0.577350259
vn 0.577350259 -0.577350259 0.577350259
vn 0.577350259 -0.577350259 0.577350259
vn 0.577350259 0.577350259 -0.577350259
vn 0.577350259 0.577350259 -0.577350259
vn 0.577350259 0.577350259 -0.577350259
vn 0.577350259 0.577350259 0.577350259
vn 0.577350259 0.577350259 0.577350259
vn 0.577350259 0.577350259 0.577350259
vn -1 0 0
vn -1 0 0
vn -1 0 0
vn -1 0 0
vn 1 0 0
vn 1 0 0
vn 1 0 0
vn 1 0 0
vn 0 -1 0
vn 0 -1 0
vn 0 -1 0
vn 0 -1 0
vn 0 1 0
vn 0 1 0
vn 0 1 0
vn 0 1 0
vn 0 0 -1
vn 0 0 -1
vn 0 0 -1
vn 0 0 -1
vn 0 0 1
vn 0 0 1
vn 0 0 1
vn 0 0 1
vn 0 -0.707106769 -0.707106769
vn 0 -0.707106769 -0.707106769
vn 0 -0.707106769 -0.707106769
vn 0 -0.707106769 -0.707106769
vn 0 -0.707106769 0.707106769
vn 0 -0.707106769 0.707106769
vn 0 -0.707106769 0.707106769
vn 0 -0.707106769 0.707106769
vn 0 0.707106769 -0.707106769
vn 0 0.707106769 -0.707106769
vn 0 0.707106769 -0.707106769
vn 0 0.707106769 -0.707106769
vn 0 0.707106769 0.707106769
vn 0 0.707106769 0.707106769
vn 0 0.707106769 0.707106769
vn 0 0.707106769 0.707106769
vn -0.707106769 0 -0.707106769
vn -0.707106769 0 -0.707106769
vn -0.707106769 0 -0.707106769
vn -0.707106769 0 -0.707106769
vn -0.707106769 0 0.707106769
vn -0.707106769 0 0.707106769
vn -0.707106769 0 0.707106769
vn -0.707106769 0 0.707106769
vn 0.707106769 0 -0.707106769
vn 0.707106769 0 -0.707106769
vn 0.707106769 0 -0.707106769
vn 0.707106769 0 -0.707106769
vn 0.707106769 0 0.707106769
vn 0.707106769 0 0.707106769
vn 0.707106769 0 0.707106769
vn 0.707106769 0 0.707106769
vn -0.707106769 -0.707106769 0
vn -0.707106769 -0.707106769 0
vn -0.707106769 -0.707106769 0
vn -0.707106769 -0.707106769 0
vn -0.707106769 0.707106769 0
vn -0.707106769 0.707106769 0
vn -0.707106769 0.707106769 0
vn -0.707106769 0.707106769 0
vn 0.707106769 -0.707106769 0
vn 0.707106769 -0.707106769 0
vn 0.707106769 -0.707106769 0
vn 0.707106769 -0.707106769 0
vn 0.707106769 0.707106769 0
vn 0.707106769 0.707106769 0
vn 0.707106769 0.707106769 0
vn 0.707106769 0.707106769 0
vn -0.577350259 -0.577350259 -0.577350259
vn -0.577350259 -0.577350259 -0.577350259
vn -0.577350259 -0.577350259 -0.577350259
vn -0.577350259 -0.577350259 0.577350259
vn -0.577350259 -0.577350259 0.577350259
vn -0.577350259 -0.577350259 0.577350259
vn -0.577350259 0.577350259 -0.577350259
vn -0.577350259 0.577350259 -0.577350259
vn -0.577350259 0.577350259 -0.577350259
vn -0.577350259 0.577350259 0.577350259
vn -0.577350259 0.577350259 0.577350259
vn -0.577350259 0.577350259 0.577350259
vn 0.577350259 -0.577350259 -0.577350259
vn 0.577350259 -0.577350259 -0.577350259
vn 0.577350259 -0.577350259 -0.577350259
vn 0.577350259 -0.577350259 0.577350259
vn 0.577350259 -0.577350259 0.577350259
vn 0.577350259 -0.577350259 0.577350259
vn 0.577350259 0.577350259 -0.577350259
vn 0.577350259 0.577350259 -0.577350259
vn 0.577350259 0.577350259 -0.577350259
vn 0.577350259 0.577350259 0.577350259
vn 0.577350259 0.577350259 0.577350259
vn 0.577350259 0.577350259 0.577350259
vn -1 0 0
vn -1 0 0
vn -1 0 0
vn -1 0 0
vn 1 0 0
vn 1 0 0
vn 1 0 0
vn 1 0 0
vn 0 -1 0
vn 0 -1 0
vn 0 -1 0
vn 0 -1 0
vn 0 1 0
vn 0 1 0
vn 0 1 0
vn 0 1 0
vn 0 0 -1
vn 0 0 -1
vn 0 0 -1
vn 0 0 -1
vn 0 0 1
vn 0 0 1
vn 0 0 1
vn 0 0 1
vn 0 -0.707106769 -0.707106769
vn 0 -0.707106769 -0.707106769
vn 0 -0.707106769 -0.707106769
vn 0 -0.707106769 -0.707106769
vn 0 -0.707106769 0.707106769
vn 0 -0.707106769 0.707106769
vn 0 -0.707106769 0.707106769
vn 0 -0.707106769 0.707106769
vn 0 0.707106769 -0.707106769
vn 0 0.707106769 -0.707106769
vn 0 0.707106769 -0.707106769
vn 0 0.707106769 -0.707106769
vn 0 0.707106769 0.707106769
vn 0 0.707106769 0.707106769
vn 0 0.707106769 0.707106769
vn 0 0.707106769 0.707106769
vn -0.707106769 0 -0.707106769
vn -0.707106769 0 -0.707106769
vn -0.707106769 0 -0.707106769
vn -0.707106769 0 -0.707106769
vn -0.707106769 0 0.707106769
vn -0.707106769 0 0.707106769
vn -0.707106769 0 0.707106769
vn -0.707106769 0 0.707106769
vn 0.707106769 0 -0.707106769
vn 0.707106769 0 -0.707106769
vn 0.707106769 0 -0.707106769
vn 0.707106769 0 -0.707106769
vn 0.707106769 0 0.707106769
vn 0.707106769 0 0.707106769
vn 0.707106769 0 0.707106769
vn 0.707106769 0 0.707106769
vn -0.707106769 -0.707106769 0
vn -0.707106769 -0.707106769 0
vn -0.707106769 -0.707106769 0
vn -0.707106769 -0.707106769 0
vn -0.707106769 0.707106769 0
vn -0.707106769 0.707106769 0
vn -0.707106769 0.707106769 0
vn -0.707106769 0.707106769 0
vn 0.707106769 -0.707106769 0
vn 0.707106769 -0.707106769 0
vn 0.707106769 -0.707106769 0
vn 0.707106769 -0.707106769 0
vn 0.707106769 0.707106769 0
vn 0.707106769 0.707106769 0
vn 0.707106769 0.707106769 0
vn 0.707106769 0.707106769 0
vn -0.577350259 -0.577350259 -0.577350259
vn -0.577350259 -0.577350259 -0.577350259
vn -0.577350259 -0.577350259 -0.577350259
vn -0.577350259 -0.577350259 0.577350259
vn -0.577350259 -0.577350259 0.577350259
vn -0.577350259 -0.577350259 0.577350259
vn -0.577350259 0.577350259 -0.577350259
vn -0.577350259 0.577350259 -0.577350259
vn -0.577350259 0.577350259 -0.577350259
vn -0.577350259 0.577350259 0.577350259
vn -0.577350259 0.577350259 0.577350259
vn -0.577350259 0.577350259 0.577350259
vn 0.577350259 -0.577350259 -0.577350259
vn 0.577350259 -0.577350259 -0.577350259
vn 0.577350259 -0.577350259 -0.577350259
vn 0.577350259 -0.577350259 0.577350259
vn 0.577350259 -0.577350259 0.577350259
vn 0.577350259 -0.577350259 0.577350259
vn 0.577350259 0.577350259 -0.577350259
vn 0.577350259 0.577350259 -0.577350259
vn 0.577350259 0.577350259 -0.577350259
vn 0.577350259 0.577350259 0.577350259
vn 0.577350259 0.577350259 0.577350259
vn 0.577350259 0.577350259 0.577350259
vn -1 0 0
vn -1 0 0
vn -1 0 0
vn -1 0 0
vn 1 0 0
vn 1 0 0
vn 1 0 0
vn 1 0 0
vn 0 -1 0
vn 0 -1 0
vn 0 -1 0
vn 0 -1 0
vn 0 1 0
vn 0 1 0
vn 0 1 0
vn 0 1 0
vn 0 0 -1
vn 0 0 -1
vn 0 0 -1
vn 0 0 -1
vn 0 0 1
vn 0 0 1
vn 0 0 1
vn 0 0 1
vn 0 -0.707106769 -0.707106769
vn 0 -0.707106769 -0.707106769
vn 0 -0.707106769 -0.707106769
vn 0 -0.707106769 -0.707106769
vn 0 -0.707106769 0.707106769
vn 0 -0.707106769 0.707106769
vn 0 -0.707106769 0.707106769
vn 0 -0.707106769 0.707106769
vn 0 0.707106769 -0.707106769
vn 0 0.707106769 -0.707106769
vn 0 0.707106769 -0.707106769
vn 0 0.707106769 -0.707106769
vn 0 0.707106769 0.707106769
vn 0 0.707106769 0.707106769
vn 0 0.707106769 0.707106769
vn 0 0.707106769 0.707106769
vn -0.707106769 0 -0.707106769
vn -0.707106769 0 -0.707106769
vn -0.707106769 0 -0.707106769
vn -0.707106769 0 -0.707106769
vn -0.707106769 0 0.707106769
vn -0.707106769 0 0.707106769
vn -0.707106769 0 0.707106769
vn -0.707106769 0 0.707106769
vn 0.707106769 0 -0.707106769
vn 0.707106769 0 -0.707106769
vn 0.707106769 0 -0.707106769
vn 0.707106769 0 -0.707106769
vn 0.707106769 0 0.707106769
vn 0.707106769 0 0.707106769
vn 0.707106769 0 0.707106769
vn 0.707106769 0 0.707106769
vn -0.707106769 -0.707106769 0
vn -0.707106769 -0.707106769 0
vn -0.707106769 -0.707106769 0
vn -0.707106769 -0.707106769 0
vn -0.707106769 0.707106769 0
vn -0.707106769 0.707106769 0
vn -0.707106769 0.707106769 0
vn -0.707106769 0.707106769 0
vn 0.707106769 -0.707106769 0
vn 0.707106769 -0.707106769 0
vn 0.707106769 -0.707106769 0
vn 0.707106769 -0.707106769 0
vn 0.707106769 0.707106769 0
vn 0.707106769 0.707106769 0
vn 0.707106769 0.707106769 0
vn 0.707106769 0.707106769 0
vn -0.577350259 -0.577350259 -0.577350259
vn -0.577350259 -0.577350259 -0.577350259
vn -0.577350259 -0.577350259 -0.577350259
vn -0.577350259 -0.577350259 0.577350259
vn -0.577350259 -0.577350259 0.577350259
vn -0.577350259 -0.577350259 0.577350259
vn -0.577350259 0.577350259 -0.577350259
vn -0.577350259 0.577350259 -0.577350259
vn -0.577350259 0.577350259 -0.577350259
vn -0.577350259 0.577350259 0.577350259
vn -0.577350259 0.577350259 0.577350259
vn -0.577350259 0.577350259 0.577350259
vn 0.577350259 -0.577350259 -0.577350259
vn 0.577350259 -0.577350259 -0.577350259
vn 0.577350259 -0.577350259 -0.577350259
vn 0.577350259 -0.577350259 0.577350259
vn 0.577350259 -0.577350259 0.577350259
vn 0.577350259 -0.577350259 0.577350259
vn 0.577350259 0.577350259 -0.577350259
vn 0.577350259 0.577350259 -0.577350259
vn 0.577350259 0.577350259 -0.577350259
vn 0.577350259 0.577350259 0.577350259
vn 0.577350259 0.577350259 0.577350259
vn 0.577350259 0.577350259 0.577350259
vn -1 0 0
vn -1 0 0
vn -1 0 0
vn -1 0 0
vn 1 0 0
vn 1 0 0
vn 1 0 0
vn 1 0 0
vn 0 -1 0
vn 0 -1 0
vn 0 -1 0
vn 0 -1 0
vn 0 1 0
vn 0 1 0
vn 0 1 0
vn 0 1 0
vn 0 0 -1
vn 0 0 -1
vn 0 0 -1
vn 0 0 -1
vn 0 0 1
vn 0 0 1
vn 0 0 1
vn 0 0 1
vn 0 -0.707106769 -0.707106769
vn 0 -0.707106769 -0.707106769
vn 0 -0.707106769 -0.707106769
vn 0 -0.707106769 -0.707106769
vn 0 -0.707106769 0.707106769
vn 0 -0.707106769 0.707106769
vn 0 -0.707106769 0.707106769
vn 0 -0.707106769 0.707106769
vn 0 0.707106769 -0.707106769
vn 0 0.707106769 -0.707106769
vn 0 0.707106769 -0.707106769
vn 0 0.707106769 -0.707106769
vn 0 0.707106769 0.707106769
vn 0 0.707106769 0.707106769
vn 0 0.707106769 0.707106769
vn 0 0.707106769 0.707106769
vn -0.707106769 0 -0.707106769
vn -0.707106769 0 -0.707106769
vn -0.707106769 0 -0.707106769
vn -0.707106769 0 -0.707106769
vn -0.707106769 0 0.707106769
vn -0.707106769 0 0.707106769
vn -0.707106769 0 0.707106769
vn -0.707106769 0 0.707106769
vn 0.707106769 0 -0.707106769
vn 0.707106769 0 -0.707106769
vn 0.707106769 0 -0.707106769
vn 0.707106769 0 -0.707106769
vn 0.707106769 0 0.707106769
vn 0.707106769 0 0.707106769
vn 0.707106769 0 0.707106769
vn 0.707106769 0 0.707106769
vn -0.707106769 -0.707106769 0
vn -0.707106769 -0.707106769 0
vn -0.707106769 -0.707106769 0
vn -0.707106769 -0.707106769 0
vn -0.707106769 0.707106769 0
vn -0.707106769 0.707106769 0
vn -0.707106769 0.707106769 0
vn -0.707106769 0.707106769 0
vn 0.707106769 -0.707106769 0
vn 0.707106769 -0.707106769 0
vn 0.707106769 -0.707106769 0
vn 0.707106769 -0.707106769 0
vn 0.707106769 0.707106769 0
vn 0.707106769 0.707106769 0
vn 0.707106769 0.707106769 0
vn 0.707106769 0.707106769 0
vn -0.577350259 -0.577350259 -0.577350259
vn -0.577350259 -0.577350259 -0.577350259
vn -0.577350259 -0.577350259 -0.577350259
vn -0.577350259 -0.577350259 0.577350259
vn -0.577350259 -0.577350259 0.577350259
vn -0.577350259 -0.577350259 0.577350259
vn -0.577350259 0.577350259 -0.577350259
vn -0.577350259 0.577350259 -0.577350259
vn -0.577350259 0.577350259 -0.577350259
vn -0.577350259 0.577350259 0.577350259
vn -0.577350259 0.577350259 0.577350259
vn -0.577350259 0.577350259 0.577350259
vn 0.577350259 -0.577350259 -0.577350259
vn 0.577350259 -0.577350259 -0.577350259
vn 0.577350259 -0.577350259 -0.577350259
vn 0.577350259 -0.577350259 0.577350259
vn 0.577350259 -0.577350259 0.577350259
vn 0.577350259 -0.577350259 0.577350259
vn 0.577350259 0.577350259 -0.577350259
vn 0.577350259 0.577350259 -0.577350259
vn 0.577350259 0.577350259 -0.577350259
vn 0.577350259 0.577350259 0.577350259
vn 0.577350259 0.577350259 0.577350259
vn 0.577350259 0.577350259 0.577350259
vn 0.907959402 -0.419058174 0
vn 0.907959402 -0.419058174 0
vn 0.838845074 -0.419058174 0.347461015
vn 0.838845074 -0.419058174 0.347461015
vn 0.838845074 -0.419058174 0.347461015
vn 0.838845074 -0.419058174 0.347461015
vn 0.642024219 -0.419058174 0.642024219
vn 0.642024219 -0.419058174 0.642024219
vn 0.642024219 -0.419058174 0.642024219
vn 0.642024219 -0.419058174 0.642024219
vn 0.347461015 -0.419058174 0.838845074
vn 0.347461015 -0.419058174 0.838845074
vn 0.347461015 -0.419058174 0.838845074
vn 0.347461015 -0.419058174 0.838845074
vn 0 -0.419058174 0.907959402
vn 0 -0.419058174 0.907959402
vn 0 -0.419058174 0.907959402
vn 0 -0.419058174 0.907959402
vn -0.347461015 -0.419058174 0.838845074
vn -0.347461015 -0.419058174 0.838845074
vn -0.347461015 -0.419058174 0.838845074
vn -0.347461015 -0.419058174 0.838845074
vn -0.642024219 -0.419058174 0.642024219
vn -0.642024219 -0.419058174 0.642024219
vn -0.642024219 -0.419058174 0.642024219
vn -0.642024219 -0.419058174 0.642024219
vn -0.838845074 -0.419058174 0.347461015
vn -0.838845074 -0.419058174 0.347461015
vn -0.838845074 -0.419058174 0.347461015
vn -0.838845074 -0.419058174 0.347461015
vn -0.907959402 -0.419058174 0
vn -0.907959402 -0.419058174 0
vn -0.907959402 -0.419058174 0
vn -0.907959402 -0.419058174 0
vn -0.838845074 -0.419058174 -0.347461015
vn -0.838845074 -0.419058174 -0.347461015
vn -0.838845074 -0.419058174 -0.347461015
vn -0.838845074 -0.419058174 -0.347461015
vn -0.642024219 -0.419058174 -0.642024219
vn -0.642024219 -0.419058174 -0.642024219
vn -0.642024219 -0.419058174 -0.642024219
vn -0.642024219 -0.419058174 -0.642024219
vn -0.347461015 -0.419058174 -0.838845074
vn -0.347461015 -0.419058174 -0.838845074
vn -0.347461015 -0.419058174 -0.838845074
vn -0.347461015 -0.419058174 -0.838845074
vn 0 -0.419058174 -0.907959402
vn 0 -0.419058174 -0.907959402
vn 0 -0.419058174 -0.907959402
vn 0 -0.419058174 -0.907959402
vn 0.347461015 -0.419058174 -0.838845074
vn 0.347461015 -0.419058174 -0.838845074
vn 0.347461015 -0.419058174 -0.838845074
vn 0.347461015 -0.419058174 -0.838845074
vn 0.642024219 -0.419058174 -0.642024219
vn 0.642024219 -0.419058174 -0.642024219
vn 0.642024219 -0.419058174 -0.642024219
vn 0.642024219 -0.419058174 -0.642024219
vn 0.838845074 -0.419058174 -0.347461015
vn 0.838845074 -0.419058174 -0.347461015
vn 0.838845074 -0.419058174 -0.347461015
vn 0.838845074 -0.419058174 -0.347461015
vn 0.907959402 -0.419058174 0
vn 0.907959402 -0.419058174 0
vn 1 0 0
vn 1 0 0
vn 0.923879504 0 0.382683426
vn 0.923879504 0 0.382683426
vn 0.707106769 0 0.707106769
vn 0.707106769 0 0.707106769
vn 0.382683426 0 0.923879504
vn 0.382683426 0 0.923879504
vn 0 0 1
vn 0 0 1
vn -0.382683426 0 0.923879504
vn -0.382683426 0 0.923879504
vn -0.707106769 0 0.707106769
vn -0.707106769 0 0.707106769
vn -0.923879504 0 0.382683426
vn -0.923879504 0 0.382683426
vn -1 0 0
vn -1 0 0
vn -0.923879504 0 -0.382683426
vn -0.923879504 0 -0.382683426
vn -0.707106769 0 -0.707106769
vn -0.707106769 0 -0.707106769
vn -0.382683426 0 -0.923879504
vn -0.382683426 0 -0.923879504
vn 0 0 -1
vn 0 0 -1
vn 0.382683426 0 -0.923879504
vn 0.382683426 0 -0.923879504
vn 0.707106769 0 -0.707106769
vn 0.707106769 0 -0.707106769
vn 0.923879504 0 -0.382683426
vn 0.923879504 0 -0.382683426
vn 1 0 0
vn 1 0 0
vn 0.756823003 0.653619885 0
vn 0.756823003 0.653619885 0
vn 0.699213266 0.653619885 0.289623618
vn 0.699213266 0.653619885 0.289623618
vn 0.699213266 0.653619885 0.289623618
vn 0.699213266 0.653619885 0.289623618
vn 0.5351547 0.653619885 0.5351547
vn 0.5351547 0.653619885 0.5351547
vn 0.5351547 0.653619885 0.5351547
vn 0.5351547 0.653619885 0.5351547
vn 0.289623618 0.653619885 0.699213266
vn 0.289623618 0.653619885 0.699213266
vn 0.289623618 0.653619885 0.699213266
vn 0.289623618 0.653619885 0.699213266
vn 0 0.653619885 0.756823003
vn 0 0.653619885 0.756823003
vn 0 0.653619885 0.756823003
vn 0 0.653619885 0.756823003
vn -0.289623618 0.653619885 0.699213266
vn -0.289623618 0.653619885 0.699213266
vn -0.289623618 0.653619885 0.699213266
vn -0.289623618 0.653619885 0.699213266
vn -0.5351547 0.653619885 0.5351547
vn -0.5351547 0.653619885 0.5351547
vn -0.5351547 0.653619885 0.5351547
vn -0.5351547 0.653619885 0.5351547
vn -0.699213266 0.653619885 0.289623618
vn -0.699213266 0.653619885 0.289623618
vn -0.699213266 0.653619885 0.289623618
vn -0.699213266 0.653619885 0.289623618
vn -0.756823003 0.653619885 0
vn -0.756823003 0.653619885 0
vn -0.756823003 0.653619885 0
vn -0.756823003 0.653619885 0
vn -0.699213266 0.653619885 -0.289623618
vn -0.699213266 0.653619885 -0.289623618
vn -0.699213266 0.653619885 -0.289623618
vn -0.699213266 0.653619885 -0.289623618
vn -0.5351547 0.653619885 -0.5351547
vn -0.5351547 0.653619885 -0.5351547
vn -0.5351547 0.653619885 -0.5351547
vn -0.5351547 0.653619885 -0.5351547
vn -0.289623618 0.653619885 -0.699213266
vn -0.289623618 0.653619885 -0.699213266
vn -0.289623618 0.653619885 -0.699213266
vn -0.289623618 0.653619885 -0.699213266
vn 0 0.653619885 -0.756823003
vn 0 0.653619885 -0.756823003
vn 0 0.653619885 -0.756823003
vn 0 0.653619885 -0.756823003
vn 0.289623618 0.653619885 -0.699213266
vn 0.289623618 0.653619885 -0.699213266
vn 0.289623618 0.653619885 -0.699213266
vn 0.289623618 0.653619885 -0.699213266
vn 0.5351547 0.653619885 -0.5351547
vn 0.5351547 0.653619885 -0.5351547
vn 0.5351547 0.653619885 -0.5351547
vn 0.5351547 0.653619885 -0.5351547
vn 0.699213266 0.653619885 -0.289623618
vn 0.699213266 0.653619885 -0.289623618
vn 0.699213266 0.653619885 -0.289623618
vn 0.699213266 0.653619885 -0.289623618
vn 0.756823003 0.653619885 0
vn 0.756823003 0.653619885 0
vn 0.93200469 0.362446249 0
vn 0.93200469 0.362446249 0
vn 0.861060023 0.362446249 0.35666275
vn 0.861060023 0.362446249 0.35666275
vn 0.861060023 0.362446249 0.35666275
vn 0.861060023 0.362446249 0.35666275
vn 0.659026802 0.362446249 0.659026802
vn 0.659026802 0.362446249 0.659026802
vn 0.659026802 0.362446249 0.659026802
vn 0.659026802 0.362446249 0.659026802
vn 0.35666275 0.362446249 0.861060023
vn 0.35666275 0.362446249 0.861060023
vn 0.35666275 0.362446249 0.861060023
vn 0.35666275 0.362446249 0.861060023
vn 0 0.362446249 0.93200469
vn 0 0.362446249 0.93200469
vn 0 0.362446249 0.93200469
vn 0 0.362446249 0.93200469
vn -0.35666275 0.362446249 0.861060023
vn -0.35666275 0.362446249 0.861060023
vn -0.35666275 0.362446249 0.861060023
vn -0.35666275 0.362446249 0.861060023
vn -0.659026802 0.362446249 0.659026802
vn -0.659026802 0.362446249 0.659026802
vn -0.659026802 0.362446249 0.659026802
vn -0.659026802 0.362446249 0.659026802
vn -0.861060023 0.362446249 0.35666275
vn -0.861060023 0.362446249 0.35666275
vn -0.861060023 0.362446249 0.35666275
vn -0.861060023 0.362446249 0.35666275
vn -0.93200469 0.362446249 0
vn -0.93200469 0.362446249 0
vn -0.93200469 0.362446249 0
vn -0.93200469 0.362446249 0
vn -0.861060023 0.362446249 -0.35666275
vn -0.861060023 0.362446249 -0.35666275
vn -0.861060023 0.362446249 -0.35666275
vn -0.861060023 0.362446249 -0.35666275
vn -0.659026802 0.362446249 -0.659026802
vn -0.659026802 0.362446249 -0.659026802
vn -0.659026802 0.362446249 -0.659026802
vn -0.659026802 0.362446249 -0.659026802
vn -0.35666275 0.362446249 -0.861060023
vn -0.35666275 0.362446249 -0.861060023
vn -0.35666275 0.362446249 -0.861060023
vn -0.35666275 0.362446249 -0.861060023
vn 0 0.362446249 -0.93200469
vn 0 0.362446249 -0.93200469
vn 0 0.362446249 -0.93200469
vn 0 0.362446249 -0.93200469
vn 0.35666275 0.362446249 -0.861060023
vn 0.35666275 0.362446249 -0.861060023
vn 0.35666275 0.362446249 -0.861060023
vn 0.35666275 0.362446249 -0.861060023
vn 0.659026802 0.362446249 -0.659026802
vn 0.659026802 0.362446249 -0.659026802
vn 0.659026802 0.362446249 -0.659026802
vn 0.659026802 0.362446249 -0.659026802
vn 0.861060023 0.362446249 -0.35666275
vn 0.861060023 0.362446249 -0.35666275
vn 0.861060023 0.362446249 -0.35666275
vn 0.861060023 0.362446249 -0.35666275
vn 0.93200469 0.362446249 0
vn 0.93200469 0.362446249 0
vn 0 -1 0
vn 0 -1 0
vn 0 -1 0
vn 0 -1 0
vn 0 -1 0
vn 0 -1 0
vn 0 -1 0
vn 0 -1 0
vn 0 -1 0
vn 0 -1 0
vn 0 -1 0
vn 0 -1 0
vn 0 -1 0
vn 0 -1 0
vn 0 -1 0
vn 0 -1 0
vn 0 1 0
vn 0 1 0
vn 0 1 0
vn 0 1 0
vn 0 1 0
vn 0 1 0
vn 0 1 0
vn 0 1 0
vn 0 1 0
vn 0 1 0
vn 0 1 0
vn 0 1 0
vn 0 1 0
vn 0 1 0
vn 0 1 0
vn 0 1 0
vn 1 0 0
vn 1 0 0
vn 0.923879504 0 0.382683426
vn 0.923879504 0 0.382683426
vn 0.707106769 0 0.707106769
vn 0.707106769 0 0.707106769
vn 0.382683426 0 0.923879504
vn 0.382683426 0 0.923879504
vn 0 0 1
vn 0 0 1
vn -0.382683426 0 0.923879504
vn -0.382683426 0 0.923879504
vn -0.707106769 0 0.707106769
vn -0.707106769 0 0.707106769
vn -0.923879504 0 0.382683426
vn -0.923879504 0 0.382683426
vn -1 0 0
vn -1 0 0
vn -0.923879504 0 -0.382683426
vn -0.923879504 0 -0.382683426
vn -0.707106769 0 -0.707106769
vn -0.707106769 0 -0.707106769
vn -0.382683426 0 -0.923879504
vn -0.382683426 0 -0.923879504
vn 0 0 -1
vn 0 0 -1
vn 0.382683426 0 -0.923879504
vn 0.382683426 0 -0.923879504
vn 0.707106769 0 -0.707106769
vn 0.707106769 0 -0.707106769
vn 0.923879504 0 -0.382683426
vn 0.923879504 0 -0.382683426
vn 1 0 0
vn 1 0 0
vn 0 -1 0
vn 0 -1 0
vn 0 -1 0
vn 0 -1 0
vn 0 -1 0
vn 0 -1 0
vn 0 -1 0
vn 0 -1 0
vn 0 -1 0
vn 0 -1 0
vn 0 -1 0
vn 0 -1 0
vn 0 -1 0
vn 0 -1 0
vn 0 -1 0
vn 0 -1 0
vn 0 1 0
vn 0 1 0
vn 0 1 0
vn 0 1 0
vn 0 1 0
vn 0 1 0
vn 0 1 0
vn 0 1 0
vn 0 1 0
vn 0 1 0
vn 0 1 0
vn 0 1 0
vn 0 1 0
vn 0 1 0
vn 0 1 0
vn 0 1 0
vn 0 0 1
vn 0 0 1
vn 0 0 1
vn 0 0 1
vn -1 0 0
vn -1 0 0
vn -1 0 0
vn -1 0 0
vn 1 0 0
vn 1 0 0
vn 1 0 0
vn 1 0 0
vn 0 -1 0
vn 0 -1 0
vn 0 -1 0
vn 0 -1 0
vn 0 1 0
vn 0 1 0
vn 0 1 0
vn 0 1 0
vn 0 0 -1
vn 0 0 -1
vn 0 0 -1
vn 0 0 -1
vn 0 0 1
vn 0 0 1
vn 0 0 1
vn 0 0 1
vn 0 -0.707106769 -0.707106769
vn 0 -0.707106769 -0.707106769
vn 0 -0.707106769 -0.707106769
vn 0 -0.707106769 -0.707106769
vn 0 -0.707106769 0.707106769
vn 0 -0.707106769 0.707106769
vn 0 -0.707106769 0.707106769
vn 0 -0.707106769 0.707106769
vn 0 0.707106769 -0.707106769
vn 0 0.707106769 -0.707106769
vn 0 0.707106769 -0.707106769
vn 0 0.707106769 -0.707106769
vn 0 0.707106769 0.707106769
vn 0 0.707106769 0.707106769
vn 0 0.707106769 0.707106769
vn 0 0.707106769 0.707106769
vn -0.707106769 0 -0.707106769
vn -0.707106769 0 -0.707106769
vn -0.707106769 0 -0.707106769
vn -0.707106769 0 -0.707106769
vn -0.707106769 0 0.707106769
vn -0.707106769 0 0.707106769
vn -0.707106769 0 0.707106769
vn -0.707106769 0 0.707106769
vn 0.707106769 0 -0.707106769
vn 0.707106769 0 -0.707106769
vn 0.707106769 0 -0.707106769
vn 0.707106769 0 -0.707106769
vn 0.707106769 0 0.707106769
vn 0.707106769 0 0.707106769
vn 0.707106769 0 0.707106769
vn 0.707106769 0 0.707106769
vn -0.707106769 -0.707106769 0
vn -0.707106769 -0.707106769 0
vn -0.707106769 -0.707106769 0
vn -0.707106769 -0.707106769 0
vn -0.707106769 0.707106769 0
vn -0.707106769 0.707106769 0
vn -0.707106769 0.707106769 0
vn -0.707106769 0.707106769 0
vn 0.707106769 -0.707106769 0
vn 0.707106769 -0.707106769 0
vn 0.707106769 -0.707106769 0
vn 0.707106769 -0.707106769 0
vn 0.707106769 0.707106769 0
vn 0.707106769 0.707106769 0
vn 0.707106769 0.707106769 0
vn 0.707106769 0.707106769 0
vn -0.577350259 -0.577350259 -0.577350259
vn -0.577350259 -0.577350259 -0.577350259
vn -0.577350259 -0.577350259 -0.577350259
vn -0.577350259 -0.577350259 0.577350259
vn -0.577350259 -0.577350259 0.577350259
vn -0.577350259 -0.577350259 0.577350259
vn -0.577350259 0.577350259 -0.577350259
vn -0.577350259 0.577350259 -0.577350259
vn -0.577350259 0.577350259 -0.577350259
vn -0.577350259 0.577350259 0.577350259
vn -0.577350259 0.577350259 0.577350259
vn -0.577350259 0.577350259 0.577350259
vn 0.577350259 -0.577350259 -0.577350259
vn 0.577350259 -0.577350259 -0.577350259
vn 0.577350259 -0.577350259 -0.577350259
vn 0.577350259 -0.577350259 0.577350259
vn 0.577350259 -0.577350259 0.577350259
vn 0.577350259 -0.577350259 0.577350259
vn 0.577350259 0.577350259 -0.577350259
vn 0.577350259 0.577350259 -0.577350259
vn 0.577350259 0.577350259 -0.577350259
vn 0.577350259 0.577350259 0.577350259
vn 0.577350259 0.577350259 0.577350259
vn 0.577350259 0.577350259 0.577350259
usemtl RGL_PaintedMetal
f 1/1/1 2/2/2 3/3/3
f 1/1/1 3/3/3 4/4/4
f 5/5/5 6/6/6 7/7/7
f 5/5/5 7/7/7 8/8/8
f 9/9/9 10/10/10 11/11/11
f 9/9/9 11/11/11 12/12/12
f 13/13/13 14/14/14 15/15/15
f 13/13/13 15/15/15 16/16/16
f 17/17/17 18/18/18 19/19/19
f 17/17/17 19/19/19 20/20/20
f 21/21/21 22/22/22 23/23/23
f 21/21/21 23/23/23 24/24/24
f 25/25/25 26/26/26 27/27/27
f 25/25/25 27/27/27 28/28/28
f 29/29/29 30/30/30 31/31/31
f 29/29/29 31/31/31 32/32/32
f 33/33/33 34/34/34 35/35/35
f 33/33/33 35/35/35 36/36/36
f 37/37/37 38/38/38 39/39/39
f 37/37/37 39/39/39 40/40/40
f 41/41/41 42/42/42 43/43/43
f 41/41/41 43/43/43 44/44/44
f 45/45/45 46/46/46 47/47/47
f 45/45/45 47/47/47 48/48/48
f 49/49/49 50/50/50 51/51/51
f 49/49/49 51/51/51 52/52/52
f 53/53/53 54/54/54 55/55/55
f 53/53/53 55/55/55 56/56/56
f 57/57/57 58/58/58 59/59/59
f 57/57/57 59/59/59 60/60/60
f 61/61/61 62/62/62 63/63/63
f 61/61/61 63/63/63 64/64/64
f 65/65/65 66/66/66 67/67/67
f 65/65/65 67/67/67 68/68/68
f 69/69/69 70/70/70 71/71/71
f 69/69/69 71/71/71 72/72/72
f 73/73/73 74/74/74 75/75/75
f 76/76/76 77/77/77 78/78/78
f 79/79/79 80/80/80 81/81/81
f 82/82/82 83/83/83 84/84/84
f 85/85/85 86/86/86 87/87/87
f 88/88/88 89/89/89 90/90/90
f 91/91/91 92/92/92 93/93/93
f 94/94/94 95/95/95 96/96/96
f 97/97/97 98/98/98 99/99/99
f 97/97/97 99/99/99 100/100/100
f 101/101/101 102/102/102 103/103/103
f 101/101/101 103/103/103 104/104/104
f 105/105/105 106/106/106 107/107/107
f 105/105/105 107/107/107 108/108/108
f 109/109/109 110/110/110 111/111/111
f 109/109/109 111/111/111 112/112/112
f 113/113/113 114/114/114 115/115/115
f 113/113/113 115/115/115 116/116/116
f 117/117/117 118/118/118 119/119/119
f 117/117/117 119/119/119 120/120/120
f 121/121/121 122/122/122 123/123/123
f 121/121/121 123/123/123 124/124/124
f 125/125/125 126/126/126 127/127/127
f 125/125/125 127/127/127 128/128/128
f 129/129/129 130/130/130 131/131/131
f 129/129/129 131/131/131 132/132/132
f 133/133/133 134/134/134 135/135/135
f 133/133/133 135/135/135 136/136/136
f 137/137/137 138/138/138 139/139/139
f 137/137/137 139/139/139 140/140/140
f 141/141/141 142/142/142 143/143/143
f 141/141/141 143/143/143 144/144/144
f 145/145/145 146/146/146 147/147/147
f 145/145/145 147/147/147 148/148/148
f 149/149/149 150/150/150 151/151/151
f 149/149/149 151/151/151 152/152/152
f 153/153/153 154/154/154 155/155/155
f 153/153/153 155/155/155 156/156/156
f 157/157/157 158/158/158 159/159/159
f 157/157/157 159/159/159 160/160/160
f 161/161/161 162/162/162 163/163/163
f 161/161/161 163/163/163 164/164/164
f 165/165/165 166/166/166 167/167/167
f 165/165/165 167/167/167 168/168/168
f 169/169/169 170/170/170 171/171/171
f 172/172/172 173/173/173 174/174/174
f 175/175/175 176/176/176 177/177/177
f 178/178/178 179/179/179 180/180/180
f 181/181/181 182/182/182 183/183/183
f 184/184/184 185/185/185 186/186/186
f 187/187/187 188/188/188 189/189/189
f 190/190/190 191/191/191 192/192/192
f 193/193/193 194/194/194 195/195/195
f 193/193/193 195/195/195 196/196/196
f 197/197/197 198/198/198 199/199/199
f 197/197/197 199/199/199 200/200/200
f 201/201/201 202/202/202 203/203/203
f 201/201/201 203/203/203 204/204/204
f 205/205/205 206/206/206 207/207/207
f 205/205/205 207/207/207 208/208/208
f 209/209/209 210/210/210 211/211/211
f 209/209/209 211/211/211 212/212/212
f 213/213/213 214/214/214 215/215/215
f 213/213/213 215/215/215 216/216/216
f 217/217/217 218/218/218 219/219/219
f 217/217/217 219/219/219 220/220/220
f 221/221/221 222/222/222 223/223/223
f 221/221/221 223/223/223 224/224/224
f 225/225/225 226/226/226 227/227/227
f 225/225/225 227/227/227 228/228/228
f 229/229/229 230/230/230 231/231/231
f 229/229/229 231/231/231 232/232/232
f 233/233/233 234/234/234 235/235/235
f 233/233/233 235/235/235 236/236/236
f 237/237/237 238/238/238 239/239/239
f 237/237/237 239/239/239 240/240/240
f 241/241/241 242/242/242 243/243/243
f 241/241/241 243/243/243 244/244/244
f 245/245/245 246/246/246 247/247/247
f 245/245/245 247/247/247 248/248/248
f 249/249/249 250/250/250 251/251/251
f 249/249/249 251/251/251 252/252/252
f 253/253/253 254/254/254 255/255/255
f 253/253/253 255/255/255 256/256/256
f 257/257/257 258/258/258 259/259/259
f 257/257/257 259/259/259 260/260/260
f 261/261/261 262/262/262 263/263/263
f 261/261/261 263/263/263 264/264/264
f 265/265/265 266/266/266 267/267/267
f 268/268/268 269/269/269 270/270/270
f 271/271/271 272/272/272 273/273/273
f 274/274/274 275/275/275 276/276/276
f 277/277/277 278/278/278 279/279/279
f 280/280/280 281/281/281 282/282/282
f 283/283/283 284/284/284 285/285/285
f 286/286/286 287/287/287 288/288/288
f 289/289/289 290/290/290 291/291/291
f 289/289/289 291/291/291 292/292/292
f 293/293/293 294/294/294 295/295/295
f 293/293/293 295/295/295 296/296/296
f 297/297/297 298/298/298 299/299/299
f 297/297/297 299/299/299 300/300/300
f 301/301/301 302/302/302 303/303/303
f 301/301/301 303/303/303 304/304/304
f 305/305/305 306/306/306 307/307/307
f 305/305/305 307/307/307 308/308/308
f 309/309/309 310/310/310 311/311/311
f 309/309/309 311/311/311 312/312/312
f 313/313/313 314/314/314 315/315/315
f 313/313/313 315/315/315 316/316/316
f 317/317/317 318/318/318 319/319/319
f 317/317/317 319/319/319 320/320/320
f 321/321/321 322/322/322 323/323/323
f 321/321/321 323/323/323 324/324/324
f 325/325/325 326/326/326 327/327/327
f 325/325/325 327/327/327 328/328/328
f 329/329/329 330/330/330 331/331/331
f 329/329/329 331/331/331 332/332/332
f 333/333/333 334/334/334 335/335/335
f 333/333/333 335/335/335 336/336/336
f 337/337/337 338/338/338 339/339/339
f 337/337/337 339/339/339 340/340/340
f 341/341/341 342/342/342 343/343/343
f 341/341/341 343/343/343 344/344/344
f 345/345/345 346/346/346 347/347/347
f 345/345/345 347/347/347 348/348/348
f 349/349/349 350/350/350 351/351/351
f 349/349/349 351/351/351 352/352/352
f 353/353/353 354/354/354 355/355/355
f 353/353/353 355/355/355 356/356/356
f 357/357/357 358/358/358 359/359/359
f 357/357/357 359/359/359 360/360/360
f 361/361/361 362/362/362 363/363/363
f 364/364/364 365/365/365 366/366/366
f 367/367/367 368/368/368 369/369/369
f 370/370/370 371/371/371 372/372/372
f 373/373/373 374/374/374 375/375/375
f 376/376/376 377/377/377 378/378/378
f 379/379/379 380/380/380 381/381/381
f 382/382/382 383/383/383 384/384/384
f 385/385/385 386/386/386 387/387/387
f 385/385/385 387/387/387 388/388/388
f 389/389/389 390/390/390 391/391/391
f 389/389/389 391/391/391 392/392/392
f 393/393/393 394/394/394 395/395/395
f 393/393/393 395/395/395 396/396/396
f 397/397/397 398/398/398 399/399/399
f 397/397/397 399/399/399 400/400/400
f 401/401/401 402/402/402 403/403/403
f 401/401/401 403/403/403 404/404/404
f 405/405/405 406/406/406 407/407/407
f 405/405/405 407/407/407 408/408/408
f 409/409/409 410/410/410 411/411/411
f 409/409/409 411/411/411 412/412/412
f 413/413/413 414/414/414 415/415/415
f 413/413/413 415/415/415 416/416/416
f 417/417/417 418/418/418 419/419/419
f 417/417/417 419/419/419 420/420/420
f 421/421/421 422/422/422 423/423/423
f 421/421/421 423/423/423 424/424/424
f 425/425/425 426/426/426 427/427/427
f 425/425/425 427/427/427 428/428/428
f 429/429/429 430/430/430 431/431/431
f 429/429/429 431/431/431 432/432/432
f 433/433/433 434/434/434 435/435/435
f 433/433/433 435/435/435 436/436/436
f 437/437/437 438/438/438 439/439/439
f 437/437/437 439/439/439 440/440/440
f 441/441/441 442/442/442 443/443/443
f 441/441/441 443/443/443 444/444/444
f 445/445/445 446/446/446 447/447/447
f 445/445/445 447/447/447 448/448/448
f 449/449/449 450/450/450 451/451/451
f 449/449/449 451/451/451 452/452/452
f 453/453/453 454/454/454 455/455/455
f 453/453/453 455/455/455 456/456/456
f 457/457/457 458/458/458 459/459/459
f 460/460/460 461/461/461 462/462/462
f 463/463/463 464/464/464 465/465/465
f 466/466/466 467/467/467 468/468/468
f 469/469/469 470/470/470 471/471/471
f 472/472/472 473/473/473 474/474/474
f 475/475/475 476/476/476 477/477/477
f 478/478/478 479/479/479 480/480/480
f 481/481/481 482/482/482 483/483/483
f 481/481/481 483/483/483 484/484/484
f 485/485/485 486/486/486 487/487/487
f 485/485/485 487/487/487 488/488/488
f 489/489/489 490/490/490 491/491/491
f 489/489/489 491/491/491 492/492/492
f 493/493/493 494/494/494 495/495/495
f 493/493/493 495/495/495 496/496/496
f 497/497/497 498/498/498 499/499/499
f 497/497/497 499/499/499 500/500/500
f 501/501/501 502/502/502 503/503/503
f 501/501/501 503/503/503 504/504/504
f 505/505/505 506/506/506 507/507/507
f 505/505/505 507/507/507 508/508/508
f 509/509/509 510/510/510 511/511/511
f 509/509/509 511/511/511 512/512/512
f 513/513/513 514/514/514 515/515/515
f 513/513/513 515/515/515 516/516/516
f 517/517/517 518/518/518 519/519/519
f 517/517/517 519/519/519 520/520/520
f 521/521/521 522/522/522 523/523/523
f 521/521/521 523/523/523 524/524/524
f 525/525/525 526/526/526 527/527/527
f 525/525/525 527/527/527 528/528/528
f 529/529/529 530/530/530 531/531/531
f 529/529/529 531/531/531 532/532/532
f 533/533/533 534/534/534 535/535/535
f 533/533/533 535/535/535 536/536/536
f 537/537/537 538/538/538 539/539/539
f 537/537/537 539/539/539 540/540/540
f 541/541/541 542/542/542 543/543/543
f 541/541/541 543/543/543 544/544/544
f 545/545/545 546/546/546 547/547/547
f 545/545/545 547/547/547 548/548/548
f 549/549/549 550/550/550 551/551/551
f 549/549/549 551/551/551 552/552/552
f 553/553/553 554/554/554 555/555/555
f 556/556/556 557/557/557 558/558/558
f 559/559/559 560/560/560 561/561/561
f 562/562/562 563/563/563 564/564/564
f 565/565/565 566/566/566 567/567/567
f 568/568/568 569/569/569 570/570/570
f 571/571/571 572/572/572 573/573/573
f 574/574/574 575/575/575 576/576/576
f 577/577/577 578/578/578 579/579/579
f 577/577/577 579/579/579 580/580/580
f 581/581/581 582/582/582 583/583/583
f 581/581/581 583/583/583 584/584/584
f 585/585/585 586/586/586 587/587/587
f 585/585/585 587/587/587 588/588/588
f 589/589/589 590/590/590 591/591/591
f 589/589/589 591/591/591 592/592/592
f 593/593/593 594/594/594 595/595/595
f 593/593/593 595/595/595 596/596/596
f 597/597/597 598/598/598 599/599/599
f 597/597/597 599/599/599 600/600/600
f 601/601/601 602/602/602 603/603/603
f 601/601/601 603/603/603 604/604/604
f 605/605/605 606/606/606 607/607/607
f 605/605/605 607/607/607 608/608/608
f 609/609/609 610/610/610 611/611/611
f 609/609/609 611/611/611 612/612/612
f 613/613/613 614/614/614 615/615/615
f 613/613/613 615/615/615 616/616/616
f 617/617/617 618/618/618 619/619/619
f 617/617/617 619/619/619 620/620/620
f 621/621/621 622/622/622 623/623/623
f 621/621/621 623/623/623 624/624/624
f 625/625/625 626/626/626 627/627/627
f 625/625/625 627/627/627 628/628/628
f 629/629/629 630/630/630 631/631/631
f 629/629/629 631/631/631 632/632/632
f 633/633/633 634/634/634 635/635/635
f 633/633/633 635/635/635 636/636/636
f 637/637/637 638/638/638 639/639/639
f 637/637/637 639/639/639 640/640/640
f 641/641/641 642/642/642 643/643/643
f 641/641/641 643/643/643 644/644/644
f 645/645/645 646/646/646 647/647/647
f 645/645/645 647/647/647 648/648/648
f 649/649/649 650/650/650 651/651/651
f 652/652/652 653/653/653 654/654/654
f 655/655/655 656/656/656 657/657/657
f 658/658/658 659/659/659 660/660/660
f 661/661/661 662/662/662 663/663/663
f 664/664/664 665/665/665 666/666/666
f 667/667/667 668/668/668 669/669/669
f 670/670/670 671/671/671 672/672/672
f 673/673/673 674/674/674 675/675/675
f 673/673/673 675/675/675 676/676/676
f 677/677/677 678/678/678 679/679/679
f 677/677/677 679/679/679 680/680/680
f 681/681/681 682/682/682 683/683/683
f 681/681/681 683/683/683 684/684/684
f 685/685/685 686/686/686 687/687/687
f 685/685/685 687/687/687 688/688/688
f 689/689/689 690/690/690 691/691/691
f 689/689/689 691/691/691 692/692/692
f 693/693/693 694/694/694 695/695/695
f 693/693/693 695/695/695 696/696/696
f 697/697/697 698/698/698 699/699/699
f 697/697/697 699/699/699 700/700/700
f 701/701/701 702/702/702 703/703/703
f 701/701/701 703/703/703 704/704/704
f 705/705/705 706/706/706 707/707/707
f 705/705/705 707/707/707 708/708/708
f 709/709/709 710/710/710 711/711/711
f 709/709/709 711/711/711 712/712/712
f 713/713/713 714/714/714 715/715/715
f 713/713/713 715/715/715 716/716/716
f 717/717/717 718/718/718 719/719/719
f 717/717/717 719/719/719 720/720/720
f 721/721/721 722/722/722 723/723/723
f 721/721/721 723/723/723 724/724/724
f 725/725/725 726/726/726 727/727/727
f 725/725/725 727/727/727 728/728/728
f 729/729/729 730/730/730 731/731/731
f 729/729/729 731/731/731 732/732/732
f 733/733/733 734/734/734 735/735/735
f 733/733/733 735/735/735 736/736/736
f 737/737/737 738/738/738 739/739/739
f 737/737/737 739/739/739 740/740/740
f 741/741/741 742/742/742 743/743/743
f 741/741/741 743/743/743 744/744/744
f 745/745/745 746/746/746 747/747/747
f 748/748/748 749/749/749 750/750/750
f 751/751/751 752/752/752 753/753/753
f 754/754/754 755/755/755 756/756/756
f 757/757/757 758/758/758 759/759/759
f 760/760/760 761/761/761 762/762/762
f 763/763/763 764/764/764 765/765/765
f 766/766/766 767/767/767 768/768/768
f 769/769/769 770/770/770 771/771/771
f 769/769/769 771/771/771 772/772/772
f 773/773/773 774/774/774 775/775/775
f 773/773/773 775/775/775 776/776/776
f 777/777/777 778/778/778 779/779/779
f 777/777/777 779/779/779 780/780/780
f 781/781/781 782/782/782 783/783/783
f 781/781/781 783/783/783 784/784/784
f 785/785/785 786/786/786 787/787/787
f 785/785/785 787/787/787 788/788/788
f 789/789/789 790/790/790 791/791/791
f 789/789/789 791/791/791 792/792/792
f 793/793/793 794/794/794 795/795/795
f 793/793/793 795/795/795 796/796/796
f 797/797/797 798/798/798 799/799/799
f 797/797/797 799/799/799 800/800/800
f 801/801/801 802/802/802 803/803/803
f 801/801/801 803/803/803 804/804/804
f 805/805/805 806/806/806 807/807/807
f 805/805/805 807/807/807 808/808/808
f 809/809/809 810/810/810 811/811/811
f 809/809/809 811/811/811 812/812/812
f 813/813/813 814/814/814 815/815/815
f 813/813/813 815/815/815 816/816/816
f 817/817/817 818/818/818 819/819/819
f 817/817/817 819/819/819 820/820/820
f 821/821/821 822/822/822 823/823/823
f 821/821/821 823/823/823 824/824/824
f 825/825/825 826/826/826 827/827/827
f 825/825/825 827/827/827 828/828/828
f 829/829/829 830/830/830 831/831/831
f 829/829/829 831/831/831 832/832/832
f 833/833/833 834/834/834 835/835/835
f 833/833/833 835/835/835 836/836/836
f 837/837/837 838/838/838 839/839/839
f 837/837/837 839/839/839 840/840/840
f 841/841/841 842/842/842 843/843/843
f 844/844/844 845/845/845 846/846/846
f 847/847/847 848/848/848 849/849/849
f 850/850/850 851/851/851 852/852/852
f 853/853/853 854/854/854 855/855/855
f 856/856/856 857/857/857 858/858/858
f 859/859/859 860/860/860 861/861/861
f 862/862/862 863/863/863 864/864/864
f 865/865/865 866/866/866 867/867/867
f 865/865/865 867/867/867 868/868/868
f 869/869/869 870/870/870 871/871/871
f 869/869/869 871/871/871 872/872/872
f 873/873/873 874/874/874 875/875/875
f 873/873/873 875/875/875 876/876/876
f 877/877/877 878/878/878 879/879/879
f 877/877/877 879/879/879 880/880/880
f 881/881/881 882/882/882 883/883/883
f 881/881/881 883/883/883 884/884/884
f 885/885/885 886/886/886 887/887/887
f 885/885/885 887/887/887 888/888/888
f 889/889/889 890/890/890 891/891/891
f 889/889/889 891/891/891 892/892/892
f 893/893/893 894/894/894 895/895/895
f 893/893/893 895/895/895 896/896/896
f 897/897/897 898/898/898 899/899/899
f 897/897/897 899/899/899 900/900/900
f 901/901/901 902/902/902 903/903/903
f 901/901/901 903/903/903 904/904/904
f 905/905/905 906/906/906 907/907/907
f 905/905/905 907/907/907 908/908/908
f 909/909/909 910/910/910 911/911/911
f 909/909/909 911/911/911 912/912/912
f 913/913/913 914/914/914 915/915/915
f 913/913/913 915/915/915 916/916/916
f 917/917/917 918/918/918 919/919/919
f 917/917/917 919/919/919 920/920/920
f 921/921/921 922/922/922 923/923/923
f 921/921/921 923/923/923 924/924/924
f 925/925/925 926/926/926 927/927/927
f 925/925/925 927/927/927 928/928/928
f 929/929/929 930/930/930 931/931/931
f 929/929/929 931/931/931 932/932/932
f 933/933/933 934/934/934 935/935/935
f 933/933/933 935/935/935 936/936/936
f 937/937/937 938/938/938 939/939/939
f 940/940/940 941/941/941 942/942/942
f 943/943/943 944/944/944 945/945/945
f 946/946/946 947/947/947 948/948/948
f 949/949/949 950/950/950 951/951/951
f 952/952/952 953/953/953 954/954/954
f 955/955/955 956/956/956 957/957/957
f 958/958/958 959/959/959 960/960/960
usemtl RGL_DullSteel
f 961/961/961 962/962/962 963/963/963
f 961/961/961 963/963/963 964/964/964
f 964/964/964 963/963/963 965/965/965
f 964/964/964 965/965/965 966/966/966
f 966/966/966 965/965/965 967/967/967
f 966/966/966 967/967/967 968/968/968
f 968/968/968 967/967/967 969/969/969
f 968/968/968 969/969/969 970/970/970
f 970/970/970 969/969/969 971/971/971
f 970/970/970 971/971/971 972/972/972
f 972/972/972 971/971/971 973/973/973
f 972/972/972 973/973/973 974/974/974
f 974/974/974 973/973/973 975/975/975
f 974/974/974 975/975/975 976/976/976
f 976/976/976 975/975/975 977/977/977
f 976/976/976 977/977/977 978/978/978
f 978/978/978 977/977/977 979/979/979
f 978/978/978 979/979/979 980/980/980
f 980/980/980 979/979/979 981/981/981
f 980/980/980 981/981/981 982/982/982
f 982/982/982 981/981/981 983/983/983
f 982/982/982 983/983/983 984/984/984
f 984/984/984 983/983/983 985/985/985
f 984/984/984 985/985/985 986/986/986
f 987/987/987 988/988/988 989/989/989
f 987/987/987 989/989/989 990/990/990
f 987/987/987 990/990/990 991/991/991
f 987/987/987 991/991/991 992/992/992
f 987/987/987 992/992/992 993/993/993
f 987/987/987 993/993/993 994/994/994
f 987/987/987 994/994/994 995/995/995
f 987/987/987 995/995/995 996/996/996
f 987/987/987 996/996/996 997/997/997
f 987/987/987 997/997/997 998/998/998
f 999/999/999 1000/1000/1000 1001/1001/1001
f 999/999/999 1001/1001/1001 1002/1002/1002
f 999/999/999 1002/1002/1002 1003/1003/1003
f 999/999/999 1003/1003/1003 1004/1004/1004
f 999/999/999 1004/1004/1004 1005/1005/1005
f 999/999/999 1005/1005/1005 1006/1006/1006
f 999/999/999 1006/1006/1006 1007/1007/1007
f 999/999/999 1007/1007/1007 1008/1008/1008
f 999/999/999 1008/1008/1008 1009/1009/1009
f 999/999/999 1009/1009/1009 1010/1010/1010
f 1011/1011/1011 1012/1012/1012 1013/1013/1013
f 1011/1011/1011 1013/1013/1013 1014/1014/1014
f 1015/1015/1015 1016/1016/1016 1017/1017/1017
f 1015/1015/1015 1017/1017/1017 1018/1018/1018
f 1019/1019/1019 1020/1020/1020 1021/1021/1021
f 1019/1019/1019 1021/1021/1021 1022/1022/1022
f 1023/1023/1023 1024/1024/1024 1025/1025/1025
f 1023/1023/1023 1025/1025/1025 1026/1026/1026
f 1027/1027/1027 1028/1028/1028 1029/1029/1029
f 1027/1027/1027 1029/1029/1029 1030/1030/1030
f 1031/1031/1031 1032/1032/1032 1033/1033/1033
f 1031/1031/1031 1033/1033/1033 1034/1034/1034
f 1035/1035/1035 1036/1036/1036 1037/1037/1037
f 1035/1035/1035 1037/1037/1037 1038/1038/1038
f 1039/1039/1039 1040/1040/1040 1041/1041/1041
f 1039/1039/1039 1041/1041/1041 1042/1042/1042
f 1043/1043/1043 1044/1044/1044 1045/1045/1045
f 1043/1043/1043 1045/1045/1045 1046/1046/1046
f 1047/1047/1047 1048/1048/1048 1049/1049/1049
f 1047/1047/1047 1049/1049/1049 1050/1050/1050
f 1051/1051/1051 1052/1052/1052 1053/1053/1053
f 1051/1051/1051 1053/1053/1053 1054/1054/1054
f 1055/1055/1055 1056/1056/1056 1057/1057/1057
f 1055/1055/1055 1057/1057/1057 1058/1058/1058
f 1059/1059/1059 1060/1060/1060 1061/1061/1061
f 1059/1059/1059 1061/1061/1061 1062/1062/1062
f 1063/1063/1063 1064/1064/1064 1065/1065/1065
f 1063/1063/1063 1065/1065/1065 1066/1066/1066
f 1067/1067/1067 1068/1068/1068 1069/1069/1069
f 1067/1067/1067 1069/1069/1069 1070/1070/1070
f 1071/1071/1071 1072/1072/1072 1073/1073/1073
f 1071/1071/1071 1073/1073/1073 1074/1074/1074
f 1075/1075/1075 1076/1076/1076 1077/1077/1077
f 1075/1075/1075 1077/1077/1077 1078/1078/1078
f 1079/1079/1079 1080/1080/1080 1081/1081/1081
f 1079/1079/1079 1081/1081/1081 1082/1082/1082
f 1083/1083/1083 1084/1084/1084 1085/1085/1085
f 1086/1086/1086 1087/1087/1087 1088/1088/1088
f 1089/1089/1089 1090/1090/1090 1091/1091/1091
f 1092/1092/1092 1093/1093/1093 1094/1094/1094
f 1095/1095/1095 1096/1096/1096 1097/1097/1097
f 1098/1098/1098 1099/1099/1099 1100/1100/1100
f 1101/1101/1101 1102/1102/1102 1103/1103/1103
f 1104/1104/1104 1105/1105/1105 1106/1106/1106
f 1107/1107/1107 1108/1108/1108 1109/1109/1109
f 1107/1107/1107 1109/1109/1109 1110/1110/1110
f 1111/1111/1111 1112/1112/1112 1113/1113/1113
f 1111/1111/1111 1113/1113/1113 1114/1114/1114
f 1115/1115/1115 1116/1116/1116 1117/1117/1117
f 1115/1115/1115 1117/1117/1117 1118/1118/1118
f 1119/1119/1119 1120/1120/1120 1121/1121/1121
f 1119/1119/1119 1121/1121/1121 1122/1122/1122
f 1123/1123/1123 1124/1124/1124 1125/1125/1125
f 1123/1123/1123 1125/1125/1125 1126/1126/1126
f 1127/1127/1127 1128/1128/1128 1129/1129/1129
f 1127/1127/1127 1129/1129/1129 1130/1130/1130
f 1131/1131/1131 1132/1132/1132 1133/1133/1133
f 1131/1131/1131 1133/1133/1133 1134/1134/1134
f 1135/1135/1135 1136/1136/1136 1137/1137/1137
f 1135/1135/1135 1137/1137/1137 1138/1138/1138
f 1139/1139/1139 1140/1140/1140 1141/1141/1141
f 1139/1139/1139 1141/1141/1141 1142/1142/1142
f 1143/1143/1143 1144/1144/1144 1145/1145/1145
f 1143/1143/1143 1145/1145/1145 1146/1146/1146
f 1147/1147/1147 1148/1148/1148 1149/1149/1149
f 1147/1147/1147 1149/1149/1149 1150/1150/1150
f 1151/1151/1151 1152/1152/1152 1153/1153/1153
f 1151/1151/1151 1153/1153/1153 1154/1154/1154
f 1155/1155/1155 1156/1156/1156 1157/1157/1157
f 1155/1155/1155 1157/1157/1157 1158/1158/1158
f 1159/1159/1159 1160/1160/1160 1161/1161/1161
f 1159/1159/1159 1161/1161/1161 1162/1162/1162
f 1163/1163/1163 1164/1164/1164 1165/1165/1165
f 1163/1163/1163 1165/1165/1165 1166/1166/1166
f 1167/1167/1167 1168/1168/1168 1169/1169/1169
f 1167/1167/1167 1169/1169/1169 1170/1170/1170
f 1171/1171/1171 1172/1172/1172 1173/1173/1173
f 1171/1171/1171 1173/1173/1173 1174/1174/1174
f 1175/1175/1175 1176/1176/1176 1177/1177/1177
f 1175/1175/1175 1177/1177/1177 1178/1178/1178
f 1179/1179/1179 1180/1180/1180 1181/1181/1181
f 1182/1182/1182 1183/1183/1183 1184/1184/1184
f 1185/1185/1185 1186/1186/1186 1187/1187/1187
f 1188/1188/1188 1189/1189/1189 1190/1190/1190
f 1191/1191/1191 1192/1192/1192 1193/1193/1193
f 1194/1194/1194 1195/1195/1195 1196/1196/1196
f 1197/1197/1197 1198/1198/1198 1199/1199/1199
f 1200/1200/1200 1201/1201/1201 1202/1202/1202
f 1203/1203/1203 1204/1204/1204 1205/1205/1205
f 1203/1203/1203 1205/1205/1205 1206/1206/1206
f 1207/1207/1207 1208/1208/1208 1209/1209/1209
f 1207/1207/1207 1209/1209/1209 1210/1210/1210
f 1211/1211/1211 1212/1212/1212 1213/1213/1213
f 1211/1211/1211 1213/1213/1213 1214/1214/1214
f 1215/1215/1215 1216/1216/1216 1217/1217/1217
f 1215/1215/1215 1217/1217/1217 1218/1218/1218
f 1219/1219/1219 1220/1220/1220 1221/1221/1221
f 1219/1219/1219 1221/1221/1221 1222/1222/1222
f 1223/1223/1223 1224/1224/1224 1225/1225/1225
f 1223/1223/1223 1225/1225/1225 1226/1226/1226
f 1227/1227/1227 1228/1228/1228 1229/1229/1229
f 1227/1227/1227 1229/1229/1229 1230/1230/1230
f 1231/1231/1231 1232/1232/1232 1233/1233/1233
f 1231/1231/1231 1233/1233/1233 1234/1234/1234
f 1235/1235/1235 1236/1236/1236 1237/1237/1237
f 1235/1235/1235 1237/1237/1237 1238/1238/1238
f 1239/1239/1239 1240/1240/1240 1241/1241/1241
f 1239/1239/1239 1241/1241/1241 1242/1242/1242
f 1243/1243/1243 1244/1244/1244 1245/1245/1245
f 1243/1243/1243 1245/1245/1245 1246/1246/1246
f 1247/1247/1247 1248/1248/1248 1249/1249/1249
f 1247/1247/1247 1249/1249/1249 1250/1250/1250
f 1251/1251/1251 1252/1252/1252 1253/1253/1253
f 1251/1251/1251 1253/1253/1253 1254/1254/1254
f 1255/1255/1255 1256/1256/1256 1257/1257/1257
f 1255/1255/1255 1257/1257/1257 1258/1258/1258
f 1259/1259/1259 1260/1260/1260 1261/1261/1261
f 1259/1259/1259 1261/1261/1261 1262/1262/1262
f 1263/1263/1263 1264/1264/1264 1265/1265/1265
f 1263/1263/1263 1265/1265/1265 1266/1266/1266
f 1267/1267/1267 1268/1268/1268 1269/1269/1269
f 1267/1267/1267 1269/1269/1269 1270/1270/1270
f 1271/1271/1271 1272/1272/1272 1273/1273/1273
f 1271/1271/1271 1273/1273/1273 1274/1274/1274
f 1275/1275/1275 1276/1276/1276 1277/1277/1277
f 1278/1278/1278 1279/1279/1279 1280/1280/1280
f 1281/1281/1281 1282/1282/1282 1283/1283/1283
f 1284/1284/1284 1285/1285/1285 1286/1286/1286
f 1287/1287/1287 1288/1288/1288 1289/1289/1289
f 1290/1290/1290 1291/1291/1291 1292/1292/1292
f 1293/1293/1293 1294/1294/1294 1295/1295/1295
f 1296/1296/1296 1297/1297/1297 1298/1298/1298
f 1299/1299/1299 1300/1300/1300 1301/1301/1301
f 1299/1299/1299 1301/1301/1301 1302/1302/1302
f 1302/1302/1302 1301/1301/1301 1303/1303/1303
f 1302/1302/1302 1303/1303/1303 1304/1304/1304
f 1304/1304/1304 1303/1303/1303 1305/1305/1305
f 1304/1304/1304 1305/1305/1305 1306/1306/1306
f 1306/1306/1306 1305/1305/1305 1307/1307/1307
f 1306/1306/1306 1307/1307/1307 1308/1308/1308
f 1308/1308/1308 1307/1307/1307 1309/1309/1309
f 1308/1308/1308 1309/1309/1309 1310/1310/1310
f 1310/1310/1310 1309/1309/1309 1311/1311/1311
f 1310/1310/1310 1311/1311/1311 1312/1312/1312
f 1312/1312/1312 1311/1311/1311 1313/1313/1313
f 1312/1312/1312 1313/1313/1313 1314/1314/1314
f 1314/1314/1314 1313/1313/1313 1315/1315/1315
f 1314/1314/1314 1315/1315/1315 1316/1316/1316
f 1316/1316/1316 1315/1315/1315 1317/1317/1317
f 1316/1316/1316 1317/1317/1317 1318/1318/1318
f 1318/1318/1318 1317/1317/1317 1319/1319/1319
f 1318/1318/1318 1319/1319/1319 1320/1320/1320
f 1320/1320/1320 1319/1319/1319 1321/1321/1321
f 1320/1320/1320 1321/1321/1321 1322/1322/1322
f 1322/1322/1322 1321/1321/1321 1323/1323/1323
f 1322/1322/1322 1323/1323/1323 1324/1324/1324
f 1325/1325/1325 1326/1326/1326 1327/1327/1327
f 1325/1325/1325 1327/1327/1327 1328/1328/1328
f 1325/1325/1325 1328/1328/1328 1329/1329/1329
f 1325/1325/1325 1329/1329/1329 1330/1330/1330
f 1325/1325/1325 1330/1330/1330 1331/1331/1331
f 1325/1325/1325 1331/1331/1331 1332/1332/1332
f 1325/1325/1325 1332/1332/1332 1333/1333/1333
f 1325/1325/1325 1333/1333/1333 1334/1334/1334
f 1325/1325/1325 1334/1334/1334 1335/1335/1335
f 1325/1325/1325 1335/1335/1335 1336/1336/1336
f 1337/1337/1337 1338/1338/1338 1339/1339/1339
f 1337/1337/1337 1339/1339/1339 1340/1340/1340
f 1337/1337/1337 1340/1340/1340 1341/1341/1341
f 1337/1337/1337 1341/1341/1341 1342/1342/1342
f 1337/1337/1337 1342/1342/1342 1343/1343/1343
f 1337/1337/1337 1343/1343/1343 1344/1344/1344
f 1337/1337/1337 1344/1344/1344 1345/1345/1345
f 1337/1337/1337 1345/1345/1345 1346/1346/1346
f 1337/1337/1337 1346/1346/1346 1347/1347/1347
f 1337/1337/1337 1347/1347/1347 1348/1348/1348
f 1349/1349/1349 1350/1350/1350 1351/1351/1351
f 1349/1349/1349 1351/1351/1351 1352/1352/1352
f 1353/1353/1353 1354/1354/1354 1355/1355/1355
f 1353/1353/1353 1355/1355/1355 1356/1356/1356
f 1357/1357/1357 1358/1358/1358 1359/1359/1359
f 1357/1357/1357 1359/1359/1359 1360/1360/1360
f 1361/1361/1361 1362/1362/1362 1363/1363/1363
f 1361/1361/1361 1363/1363/1363 1364/1364/1364
f 1365/1365/1365 1366/1366/1366 1367/1367/1367
f 1365/1365/1365 1367/1367/1367 1368/1368/1368
f 1369/1369/1369 1370/1370/1370 1371/1371/1371
f 1369/1369/1369 1371/1371/1371 1372/1372/1372
f 1373/1373/1373 1374/1374/1374 1375/1375/1375
f 1373/1373/1373 1375/1375/1375 1376/1376/1376
f 1377/1377/1377 1378/1378/1378 1379/1379/1379
f 1377/1377/1377 1379/1379/1379 1380/1380/1380
f 1381/1381/1381 1382/1382/1382 1383/1383/1383
f 1381/1381/1381 1383/1383/1383 1384/1384/1384
f 1385/1385/1385 1386/1386/1386 1387/1387/1387
f 1385/1385/1385 1387/1387/1387 1388/1388/1388
f 1389/1389/1389 1390/1390/1390 1391/1391/1391
f 1389/1389/1389 1391/1391/1391 1392/1392/1392
f 1393/1393/1393 1394/1394/1394 1395/1395/1395
f 1393/1393/1393 1395/1395/1395 1396/1396/1396
f 1397/1397/1397 1398/1398/1398 1399/1399/1399
f 1397/1397/1397 1399/1399/1399 1400/1400/1400
f 1401/1401/1401 1402/1402/1402 1403/1403/1403
f 1401/1401/1401 1403/1403/1403 1404/1404/1404
f 1405/1405/1405 1406/1406/1406 1407/1407/1407
f 1405/1405/1405 1407/1407/1407 1408/1408/1408
f 1409/1409/1409 1410/1410/1410 1411/1411/1411
f 1409/1409/1409 1411/1411/1411 1412/1412/1412
f 1413/1413/1413 1414/1414/1414 1415/1415/1415
f 1413/1413/1413 1415/1415/1415 1416/1416/1416
f 1417/1417/1417 1418/1418/1418 1419/1419/1419
f 1417/1417/1417 1419/1419/1419 1420/1420/1420
f 1421/1421/1421 1422/1422/1422 1423/1423/1423
f 1424/1424/1424 1425/1425/1425 1426/1426/1426
f 1427/1427/1427 1428/1428/1428 1429/1429/1429
f 1430/1430/1430 1431/1431/1431 1432/1432/1432
f 1433/1433/1433 1434/1434/1434 1435/1435/1435
f 1436/1436/1436 1437/1437/1437 1438/1438/1438
f 1439/1439/1439 1440/1440/1440 1441/1441/1441
f 1442/1442/1442 1443/1443/1443 1444/1444/1444
f 1445/1445/1445 1446/1446/1446 1447/1447/1447
f 1445/1445/1445 1447/1447/1447 1448/1448/1448
f 1448/1448/1448 1447/1447/1447 1449/1449/1449
f 1448/1448/1448 1449/1449/1449 1450/1450/1450
f 1450/1450/1450 1449/1449/1449 1451/1451/1451
f 1450/1450/1450 1451/1451/1451 1452/1452/1452
f 1452/1452/1452 1451/1451/1451 1453/1453/1453
f 1452/1452/1452 1453/1453/1453 1454/1454/1454
f 1454/1454/1454 1453/1453/1453 1455/1455/1455
f 1454/1454/1454 1455/1455/1455 1456/1456/1456
f 1456/1456/1456 1455/1455/1455 1457/1457/1457
f 1456/1456/1456 1457/1457/1457 1458/1458/1458
f 1458/1458/1458 1457/1457/1457 1459/1459/1459
f 1458/1458/1458 1459/1459/1459 1460/1460/1460
f 1460/1460/1460 1459/1459/1459 1461/1461/1461
f 1460/1460/1460 1461/1461/1461 1462/1462/1462
f 1462/1462/1462 1461/1461/1461 1463/1463/1463
f 1462/1462/1462 1463/1463/1463 1464/1464/1464
f 1464/1464/1464 1463/1463/1463 1465/1465/1465
f 1464/1464/1464 1465/1465/1465 1466/1466/1466
f 1466/1466/1466 1465/1465/1465 1467/1467/1467
f 1466/1466/1466 1467/1467/1467 1468/1468/1468
f 1468/1468/1468 1467/1467/1467 1469/1469/1469
f 1468/1468/1468 1469/1469/1469 1470/1470/1470
f 1471/1471/1471 1472/1472/1472 1473/1473/1473
f 1471/1471/1471 1473/1473/1473 1474/1474/1474
f 1471/1471/1471 1474/1474/1474 1475/1475/1475
f 1471/1471/1471 1475/1475/1475 1476/1476/1476
f 1471/1471/1471 1476/1476/1476 1477/1477/1477
f 1471/1471/1471 1477/1477/1477 1478/1478/1478
f 1471/1471/1471 1478/1478/1478 1479/1479/1479
f 1471/1471/1471 1479/1479/1479 1480/1480/1480
f 1471/1471/1471 1480/1480/1480 1481/1481/1481
f 1471/1471/1471 1481/1481/1481 1482/1482/1482
f 1483/1483/1483 1484/1484/1484 1485/1485/1485
f 1483/1483/1483 1485/1485/1485 1486/1486/1486
f 1483/1483/1483 1486/1486/1486 1487/1487/1487
f 1483/1483/1483 1487/1487/1487 1488/1488/1488
f 1483/1483/1483 1488/1488/1488 1489/1489/1489
f 1483/1483/1483 1489/1489/1489 1490/1490/1490
f 1483/1483/1483 1490/1490/1490 1491/1491/1491
f 1483/1483/1483 1491/1491/1491 1492/1492/1492
f 1483/1483/1483 1492/1492/1492 1493/1493/1493
f 1483/1483/1483 1493/1493/1493 1494/1494/1494
f 1495/1495/1495 1496/1496/1496 1497/1497/1497
f 1495/1495/1495 1497/1497/1497 1498/1498/1498
f 1499/1499/1499 1500/1500/1500 1501/1501/1501
f 1499/1499/1499 1501/1501/1501 1502/1502/1502
f 1503/1503/1503 1504/1504/1504 1505/1505/1505
f 1503/1503/1503 1505/1505/1505 1506/1506/1506
f 1507/1507/1507 1508/1508/1508 1509/1509/1509
f 1507/1507/1507 1509/1509/1509 1510/1510/1510
f 1511/1511/1511 1512/1512/1512 1513/1513/1513
f 1511/1511/1511 1513/1513/1513 1514/1514/1514
f 1515/1515/1515 1516/1516/1516 1517/1517/1517
f 1515/1515/1515 1517/1517/1517 1518/1518/1518
f 1519/1519/1519 1520/1520/1520 1521/1521/1521
f 1519/1519/1519 1521/1521/1521 1522/1522/1522
f 1523/1523/1523 1524/1524/1524 1525/1525/1525
f 1523/1523/1523 1525/1525/1525 1526/1526/1526
f 1527/1527/1527 1528/1528/1528 1529/1529/1529
f 1527/1527/1527 1529/1529/1529 1530/1530/1530
f 1531/1531/1531 1532/1532/1532 1533/1533/1533
f 1531/1531/1531 1533/1533/1533 1534/1534/1534
f 1535/1535/1535 1536/1536/1536 1537/1537/1537
f 1535/1535/1535 1537/1537/1537 1538/1538/1538
f 1539/1539/1539 1540/1540/1540 1541/1541/1541
f 1539/1539/1539 1541/1541/1541 1542/1542/1542
f 1543/1543/1543 1544/1544/1544 1545/1545/1545
f 1543/1543/1543 1545/1545/1545 1546/1546/1546
f 1547/1547/1547 1548/1548/1548 1549/1549/1549
f 1547/1547/1547 1549/1549/1549 1550/1550/1550
f 1551/1551/1551 1552/1552/1552 1553/1553/1553
f 1551/1551/1551 1553/1553/1553 1554/1554/1554
f 1555/1555/1555 1556/1556/1556 1557/1557/1557
f 1555/1555/1555 1557/1557/1557 1558/1558/1558
f 1559/1559/1559 1560/1560/1560 1561/1561/1561
f 1559/1559/1559 1561/1561/1561 1562/1562/1562
f 1563/1563/1563 1564/1564/1564 1565/1565/1565
f 1563/1563/1563 1565/1565/1565 1566/1566/1566
f 1567/1567/1567 1568/1568/1568 1569/1569/1569
f 1570/1570/1570 1571/1571/1571 1572/1572/1572
f 1573/1573/1573 1574/1574/1574 1575/1575/1575
f 1576/1576/1576 1577/1577/1577 1578/1578/1578
f 1579/1579/1579 1580/1580/1580 1581/1581/1581
f 1582/1582/1582 1583/1583/1583 1584/1584/1584
f 1585/1585/1585 1586/1586/1586 1587/1587/1587
f 1588/1588/1588 1589/1589/1589 1590/1590/1590
f 1591/1591/1591 1592/1592/1592 1593/1593/1593
f 1591/1591/1591 1593/1593/1593 1594/1594/1594
f 1595/1595/1595 1596/1596/1596 1597/1597/1597
f 1595/1595/1595 1597/1597/1597 1598/1598/1598
f 1599/1599/1599 1600/1600/1600 1601/1601/1601
f 1599/1599/1599 1601/1601/1601 1602/1602/1602
f 1603/1603/1603 1604/1604/1604 1605/1605/1605
f 1603/1603/1603 1605/1605/1605 1606/1606/1606
f 1607/1607/1607 1608/1608/1608 1609/1609/1609
f 1607/1607/1607 1609/1609/1609 1610/1610/1610
f 1611/1611/1611 1612/1612/1612 1613/1613/1613
f 1611/1611/1611 1613/1613/1613 1614/1614/1614
f 1615/1615/1615 1616/1616/1616 1617/1617/1617
f 1615/1615/1615 1617/1617/1617 1618/1618/1618
f 1619/1619/1619 1620/1620/1620 1621/1621/1621
f 1619/1619/1619 1621/1621/1621 1622/1622/1622
f 1623/1623/1623 1624/1624/1624 1625/1625/1625
f 1623/1623/1623 1625/1625/1625 1626/1626/1626
f 1627/1627/1627 1628/1628/1628 1629/1629/1629
f 1627/1627/1627 1629/1629/1629 1630/1630/1630
f 1631/1631/1631 1632/1632/1632 1633/1633/1633
f 1631/1631/1631 1633/1633/1633 1634/1634/1634
f 1635/1635/1635 1636/1636/1636 1637/1637/1637
f 1635/1635/1635 1637/1637/1637 1638/1638/1638
f 1639/1639/1639 1640/1640/1640 1641/1641/1641
f 1639/1639/1639 1641/1641/1641 1642/1642/1642
f 1643/1643/1643 1644/1644/1644 1645/1645/1645
f 1643/1643/1643 1645/1645/1645 1646/1646/1646
f 1647/1647/1647 1648/1648/1648 1649/1649/1649
f 1647/1647/1647 1649/1649/1649 1650/1650/1650
f 1651/1651/1651 1652/1652/1652 1653/1653/1653
f 1651/1651/1651 1653/1653/1653 1654/1654/1654
f 1655/1655/1655 1656/1656/1656 1657/1657/1657
f 1655/1655/1655 1657/1657/1657 1658/1658/1658
f 1659/1659/1659 1660/1660/1660 1661/1661/1661
f 1659/1659/1659 1661/1661/1661 1662/1662/1662
f 1663/1663/1663 1664/1664/1664 1665/1665/1665
f 1666/1666/1666 1667/1667/1667 1668/1668/1668
f 1669/1669/1669 1670/1670/1670 1671/1671/1671
f 1672/1672/1672 1673/1673/1673 1674/1674/1674
f 1675/1675/1675 1676/1676/1676 1677/1677/1677
f 1678/1678/1678 1679/1679/1679 1680/1680/1680
f 1681/1681/1681 1682/1682/1682 1683/1683/1683
f 1684/1684/1684 1685/1685/1685 1686/1686/1686
f 1687/1687/1687 1688/1688/1688 1689/1689/1689
f 1687/1687/1687 1689/1689/1689 1690/1690/1690
f 1691/1691/1691 1692/1692/1692 1693/1693/1693
f 1691/1691/1691 1693/1693/1693 1694/1694/1694
f 1695/1695/1695 1696/1696/1696 1697/1697/1697
f 1695/1695/1695 1697/1697/1697 1698/1698/1698
f 1699/1699/1699 1700/1700/1700 1701/1701/1701
f 1699/1699/1699 1701/1701/1701 1702/1702/1702
f 1703/1703/1703 1704/1704/1704 1705/1705/1705
f 1703/1703/1703 1705/1705/1705 1706/1706/1706
f 1707/1707/1707 1708/1708/1708 1709/1709/1709
f 1707/1707/1707 1709/1709/1709 1710/1710/1710
f 1711/1711/1711 1712/1712/1712 1713/1713/1713
f 1711/1711/1711 1713/1713/1713 1714/1714/1714
f 1715/1715/1715 1716/1716/1716 1717/1717/1717
f 1715/1715/1715 1717/1717/1717 1718/1718/1718
f 1719/1719/1719 1720/1720/1720 1721/1721/1721
f 1719/1719/1719 1721/1721/1721 1722/1722/1722
f 1723/1723/1723 1724/1724/1724 1725/1725/1725
f 1723/1723/1723 1725/1725/1725 1726/1726/1726
f 1727/1727/1727 1728/1728/1728 1729/1729/1729
f 1727/1727/1727 1729/1729/1729 1730/1730/1730
f 1731/1731/1731 1732/1732/1732 1733/1733/1733
f 1731/1731/1731 1733/1733/1733 1734/1734/1734
f 1735/1735/1735 1736/1736/1736 1737/1737/1737
f 1735/1735/1735 1737/1737/1737 1738/1738/1738
f 1739/1739/1739 1740/1740/1740 1741/1741/1741
f 1739/1739/1739 1741/1741/1741 1742/1742/1742
f 1743/1743/1743 1744/1744/1744 1745/1745/1745
f 1743/1743/1743 1745/1745/1745 1746/1746/1746
f 1747/1747/1747 1748/1748/1748 1749/1749/1749
f 1747/1747/1747 1749/1749/1749 1750/1750/1750
f 1751/1751/1751 1752/1752/1752 1753/1753/1753
f 1751/1751/1751 1753/1753/1753 1754/1754/1754
f 1755/1755/1755 1756/1756/1756 1757/1757/1757
f 1755/1755/1755 1757/1757/1757 1758/1758/1758
f 1759/1759/1759 1760/1760/1760 1761/1761/1761
f 1762/1762/1762 1763/1763/1763 1764/1764/1764
f 1765/1765/1765 1766/1766/1766 1767/1767/1767
f 1768/1768/1768 1769/1769/1769 1770/1770/1770
f 1771/1771/1771 1772/1772/1772 1773/1773/1773
f 1774/1774/1774 1775/1775/1775 1776/1776/1776
f 1777/1777/1777 1778/1778/1778 1779/1779/1779
f 1780/1780/1780 1781/1781/1781 1782/1782/1782
f 1783/1783/1783 1784/1784/1784 1785/1785/1785
f 1783/1783/1783 1785/1785/1785 1786/1786/1786
f 1786/1786/1786 1785/1785/1785 1787/1787/1787
f 1786/1786/1786 1787/1787/1787 1788/1788/1788
f 1788/1788/1788 1787/1787/1787 1789/1789/1789
f 1788/1788/1788 1789/1789/1789 1790/1790/1790
f 1790/1790/1790 1789/1789/1789 1791/1791/1791
f 1790/1790/1790 1791/1791/1791 1792/1792/1792
f 1792/1792/1792 1791/1791/1791 1793/1793/1793
f 1792/1792/1792 1793/1793/1793 1794/1794/1794
f 1794/1794/1794 1793/1793/1793 1795/1795/1795
f 1794/1794/1794 1795/1795/1795 1796/1796/1796
f 1796/1796/1796 1795/1795/1795 1797/1797/1797
f 1796/1796/1796 1797/1797/1797 1798/1798/1798
f 1798/1798/1798 1797/1797/1797 1799/1799/1799
f 1798/1798/1798 1799/1799/1799 1800/1800/1800
f 1800/1800/1800 1799/1799/1799 1801/1801/1801
f 1800/1800/1800 1801/1801/1801 1802/1802/1802
f 1802/1802/1802 1801/1801/1801 1803/1803/1803
f 1802/1802/1802 1803/1803/1803 1804/1804/1804
f 1804/1804/1804 1803/1803/1803 1805/1805/1805
f 1804/1804/1804 1805/1805/1805 1806/1806/1806
f 1806/1806/1806 1805/1805/1805 1807/1807/1807
f 1806/1806/1806 1807/1807/1807 1808/1808/1808
f 1809/1809/1809 1810/1810/1810 1811/1811/1811
f 1809/1809/1809 1811/1811/1811 1812/1812/1812
f 1809/1809/1809 1812/1812/1812 1813/1813/1813
f 1809/1809/1809 1813/1813/1813 1814/1814/1814
f 1809/1809/1809 1814/1814/1814 1815/1815/1815
f 1809/1809/1809 1815/1815/1815 1816/1816/1816
f 1809/1809/1809 1816/1816/1816 1817/1817/1817
f 1809/1809/1809 1817/1817/1817 1818/1818/1818
f 1809/1809/1809 1818/1818/1818 1819/1819/1819
f 1809/1809/1809 1819/1819/1819 1820/1820/1820
f 1821/1821/1821 1822/1822/1822 1823/1823/1823
f 1821/1821/1821 1823/1823/1823 1824/1824/1824
f 1821/1821/1821 1824/1824/1824 1825/1825/1825
f 1821/1821/1821 1825/1825/1825 1826/1826/1826
f 1821/1821/1821 1826/1826/1826 1827/1827/1827
f 1821/1821/1821 1827/1827/1827 1828/1828/1828
f 1821/1821/1821 1828/1828/1828 1829/1829/1829
f 1821/1821/1821 1829/1829/1829 1830/1830/1830
f 1821/1821/1821 1830/1830/1830 1831/1831/1831
f 1821/1821/1821 1831/1831/1831 1832/1832/1832
f 1833/1833/1833 1834/1834/1834 1835/1835/1835
f 1833/1833/1833 1835/1835/1835 1836/1836/1836
f 1837/1837/1837 1838/1838/1838 1839/1839/1839
f 1837/1837/1837 1839/1839/1839 1840/1840/1840
f 1841/1841/1841 1842/1842/1842 1843/1843/1843
f 1841/1841/1841 1843/1843/1843 1844/1844/1844
f 1845/1845/1845 1846/1846/1846 1847/1847/1847
f 1845/1845/1845 1847/1847/1847 1848/1848/1848
f 1849/1849/1849 1850/1850/1850 1851/1851/1851
f 1849/1849/1849 1851/1851/1851 1852/1852/1852
f 1853/1853/1853 1854/1854/1854 1855/1855/1855
f 1853/1853/1853 1855/1855/1855 1856/1856/1856
f 1857/1857/1857 1858/1858/1858 1859/1859/1859
f 1857/1857/1857 1859/1859/1859 1860/1860/1860
f 1861/1861/1861 1862/1862/1862 1863/1863/1863
f 1861/1861/1861 1863/1863/1863 1864/1864/1864
f 1865/1865/1865 1866/1866/1866 1867/1867/1867
f 1865/1865/1865 1867/1867/1867 1868/1868/1868
f 1869/1869/1869 1870/1870/1870 1871/1871/1871
f 1869/1869/1869 1871/1871/1871 1872/1872/1872
f 1873/1873/1873 1874/1874/1874 1875/1875/1875
f 1873/1873/1873 1875/1875/1875 1876/1876/1876
f 1877/1877/1877 1878/1878/1878 1879/1879/1879
f 1877/1877/1877 1879/1879/1879 1880/1880/1880
f 1881/1881/1881 1882/1882/1882 1883/1883/1883
f 1881/1881/1881 1883/1883/1883 1884/1884/1884
f 1885/1885/1885 1886/1886/1886 1887/1887/1887
f 1885/1885/1885 1887/1887/1887 1888/1888/1888
f 1889/1889/1889 1890/1890/1890 1891/1891/1891
f 1889/1889/1889 1891/1891/1891 1892/1892/1892
f 1893/1893/1893 1894/1894/1894 1895/1895/1895
f 1893/1893/1893 1895/1895/1895 1896/1896/1896
f 1897/1897/1897 1898/1898/1898 1899/1899/1899
f 1897/1897/1897 1899/1899/1899 1900/1900/1900
f 1901/1901/1901 1902/1902/1902 1903/1903/1903
f 1901/1901/1901 1903/1903/1903 1904/1904/1904
f 1905/1905/1905 1906/1906/1906 1907/1907/1907
f 1908/1908/1908 1909/1909/1909 1910/1910/1910
f 1911/1911/1911 1912/1912/1912 1913/1913/1913
f 1914/1914/1914 1915/1915/1915 1916/1916/1916
f 1917/1917/1917 1918/1918/1918 1919/1919/1919
f 1920/1920/1920 1921/1921/1921 1922/1922/1922
f 1923/1923/1923 1924/1924/1924 1925/1925/1925
f 1926/1926/1926 1927/1927/1927 1928/1928/1928
f 1929/1929/1929 1930/1930/1930 1931/1931/1931
f 1929/1929/1929 1931/1931/1931 1932/1932/1932
f 1932/1932/1932 1931/1931/1931 1933/1933/1933
f 1932/1932/1932 1933/1933/1933 1934/1934/1934
f 1934/1934/1934 1933/1933/1933 1935/1935/1935
f 1934/1934/1934 1935/1935/1935 1936/1936/1936
f 1936/1936/1936 1935/1935/1935 1937/1937/1937
f 1936/1936/1936 1937/1937/1937 1938/1938/1938
f 1938/1938/1938 1937/1937/1937 1939/1939/1939
f 1938/1938/1938 1939/1939/1939 1940/1940/1940
f 1940/1940/1940 1939/1939/1939 1941/1941/1941
f 1940/1940/1940 1941/1941/1941 1942/1942/1942
f 1942/1942/1942 1941/1941/1941 1943/1943/1943
f 1942/1942/1942 1943/1943/1943 1944/1944/1944
f 1944/1944/1944 1943/1943/1943 1945/1945/1945
f 1944/1944/1944 1945/1945/1945 1946/1946/1946
f 1946/1946/1946 1945/1945/1945 1947/1947/1947
f 1946/1946/1946 1947/1947/1947 1948/1948/1948
f 1948/1948/1948 1947/1947/1947 1949/1949/1949
f 1948/1948/1948 1949/1949/1949 1950/1950/1950
f 1950/1950/1950 1949/1949/1949 1951/1951/1951
f 1950/1950/1950 1951/1951/1951 1952/1952/1952
f 1952/1952/1952 1951/1951/1951 1953/1953/1953
f 1952/1952/1952 1953/1953/1953 1954/1954/1954
f 1955/1955/1955 1956/1956/1956 1957/1957/1957
f 1955/1955/1955 1957/1957/1957 1958/1958/1958
f 1955/1955/1955 1958/1958/1958 1959/1959/1959
f 1955/1955/1955 1959/1959/1959 1960/1960/1960
f 1955/1955/1955 1960/1960/1960 1961/1961/1961
f 1955/1955/1955 1961/1961/1961 1962/1962/1962
f 1955/1955/1955 1962/1962/1962 1963/1963/1963
f 1955/1955/1955 1963/1963/1963 1964/1964/1964
f 1955/1955/1955 1964/1964/1964 1965/1965/1965
f 1955/1955/1955 1965/1965/1965 1966/1966/1966
f 1967/1967/1967 1968/1968/1968 1969/1969/1969
f 1967/1967/1967 1969/1969/1969 1970/1970/1970
f 1967/1967/1967 1970/1970/1970 1971/1971/1971
f 1967/1967/1967 1971/1971/1971 1972/1972/1972
f 1967/1967/1967 1972/1972/1972 1973/1973/1973
f 1967/1967/1967 1973/1973/1973 1974/1974/1974
f 1967/1967/1967 1974/1974/1974 1975/1975/1975
f 1967/1967/1967 1975/1975/1975 1976/1976/1976
f 1967/1967/1967 1976/1976/1976 1977/1977/1977
f 1967/1967/1967 1977/1977/1977 1978/1978/1978
f 1979/1979/1979 1980/1980/1980 1981/1981/1981
f 1979/1979/1979 1981/1981/1981 1982/1982/1982
f 1983/1983/1983 1984/1984/1984 1985/1985/1985
f 1983/1983/1983 1985/1985/1985 1986/1986/1986
f 1987/1987/1987 1988/1988/1988 1989/1989/1989
f 1987/1987/1987 1989/1989/1989 1990/1990/1990
f 1991/1991/1991 1992/1992/1992 1993/1993/1993
f 1991/1991/1991 1993/1993/1993 1994/1994/1994
f 1995/1995/1995 1996/1996/1996 1997/1997/1997
f 1995/1995/1995 1997/1997/1997 1998/1998/1998
f 1999/1999/1999 2000/2000/2000 2001/2001/2001
f 1999/1999/1999 2001/2001/2001 2002/2002/2002
f 2003/2003/2003 2004/2004/2004 2005/2005/2005
f 2003/2003/2003 2005/2005/2005 2006/2006/2006
f 2007/2007/2007 2008/2008/2008 2009/2009/2009
f 2007/2007/2007 2009/2009/2009 2010/2010/2010
f 2011/2011/2011 2012/2012/2012 2013/2013/2013
f 2011/2011/2011 2013/2013/2013 2014/2014/2014
f 2015/2015/2015 2016/2016/2016 2017/2017/2017
f 2015/2015/2015 2017/2017/2017 2018/2018/2018
f 2019/2019/2019 2020/2020/2020 2021/2021/2021
f 2019/2019/2019 2021/2021/2021 2022/2022/2022
f 2023/2023/2023 2024/2024/2024 2025/2025/2025
f 2023/2023/2023 2025/2025/2025 2026/2026/2026
f 2027/2027/2027 2028/2028/2028 2029/2029/2029
f 2027/2027/2027 2029/2029/2029 2030/2030/2030
f 2031/2031/2031 2032/2032/2032 2033/2033/2033
f 2031/2031/2031 2033/2033/2033 2034/2034/2034
f 2035/2035/2035 2036/2036/2036 2037/2037/2037
f 2035/2035/2035 2037/2037/2037 2038/2038/2038
f 2039/2039/2039 2040/2040/2040 2041/2041/2041
f 2039/2039/2039 2041/2041/2041 2042/2042/2042
f 2043/2043/2043 2044/2044/2044 2045/2045/2045
f 2043/2043/2043 2045/2045/2045 2046/2046/2046
f 2047/2047/2047 2048/2048/2048 2049/2049/2049
f 2047/2047/2047 2049/2049/2049 2050/2050/2050
f 2051/2051/2051 2052/2052/2052 2053/2053/2053
f 2054/2054/2054 2055/2055/2055 2056/2056/2056
f 2057/2057/2057 2058/2058/2058 2059/2059/2059
f 2060/2060/2060 2061/2061/2061 2062/2062/2062
f 2063/2063/2063 2064/2064/2064 2065/2065/2065
f 2066/2066/2066 2067/2067/2067 2068/2068/2068
f 2069/2069/2069 2070/2070/2070 2071/2071/2071
f 2072/2072/2072 2073/2073/2073 2074/2074/2074
f 2075/2075/2075 2076/2076/2076 2077/2077/2077
f 2075/2075/2075 2077/2077/2077 2078/2078/2078
f 2079/2079/2079 2080/2080/2080 2081/2081/2081
f 2079/2079/2079 2081/2081/2081 2082/2082/2082
f 2083/2083/2083 2084/2084/2084 2085/2085/2085
f 2083/2083/2083 2085/2085/2085 2086/2086/2086
f 2087/2087/2087 2088/2088/2088 2089/2089/2089
f 2087/2087/2087 2089/2089/2089 2090/2090/2090
f 2091/2091/2091 2092/2092/2092 2093/2093/2093
f 2091/2091/2091 2093/2093/2093 2094/2094/2094
f 2095/2095/2095 2096/2096/2096 2097/2097/2097
f 2095/2095/2095 2097/2097/2097 2098/2098/2098
f 2099/2099/2099 2100/2100/2100 2101/2101/2101
f 2099/2099/2099 2101/2101/2101 2102/2102/2102
f 2103/2103/2103 2104/2104/2104 2105/2105/2105
f 2103/2103/2103 2105/2105/2105 2106/2106/2106
f 2107/2107/2107 2108/2108/2108 2109/2109/2109
f 2107/2107/2107 2109/2109/2109 2110/2110/2110
f 2111/2111/2111 2112/2112/2112 2113/2113/2113
f 2111/2111/2111 2113/2113/2113 2114/2114/2114
f 2115/2115/2115 2116/2116/2116 2117/2117/2117
f 2115/2115/2115 2117/2117/2117 2118/2118/2118
f 2119/2119/2119 2120/2120/2120 2121/2121/2121
f 2119/2119/2119 2121/2121/2121 2122/2122/2122
f 2123/2123/2123 2124/2124/2124 2125/2125/2125
f 2123/2123/2123 2125/2125/2125 2126/2126/2126
f 2127/2127/2127 2128/2128/2128 2129/2129/2129
f 2127/2127/2127 2129/2129/2129 2130/2130/2130
f 2131/2131/2131 2132/2132/2132 2133/2133/2133
f 2131/2131/2131 2133/2133/2133 2134/2134/2134
f 2135/2135/2135 2136/2136/2136 2137/2137/2137
f 2135/2135/2135 2137/2137/2137 2138/2138/2138
f 2139/2139/2139 2140/2140/2140 2141/2141/2141
f 2139/2139/2139 2141/2141/2141 2142/2142/2142
f 2143/2143/2143 2144/2144/2144 2145/2145/2145
f 2143/2143/2143 2145/2145/2145 2146/2146/2146
f 2147/2147/2147 2148/2148/2148 2149/2149/2149
f 2150/2150/2150 2151/2151/2151 2152/2152/2152
f 2153/2153/2153 2154/2154/2154 2155/2155/2155
f 2156/2156/2156 2157/2157/2157 2158/2158/2158
f 2159/2159/2159 2160/2160/2160 2161/2161/2161
f 2162/2162/2162 2163/2163/2163 2164/2164/2164
f 2165/2165/2165 2166/2166/2166 2167/2167/2167
f 2168/2168/2168 2169/2169/2169 2170/2170/2170
f 2171/2171/2171 2172/2172/2172 2173/2173/2173
f 2171/2171/2171 2173/2173/2173 2174/2174/2174
f 2175/2175/2175 2176/2176/2176 2177/2177/2177
f 2175/2175/2175 2177/2177/2177 2178/2178/2178
f 2179/2179/2179 2180/2180/2180 2181/2181/2181
f 2179/2179/2179 2181/2181/2181 2182/2182/2182
f 2183/2183/2183 2184/2184/2184 2185/2185/2185
f 2183/2183/2183 2185/2185/2185 2186/2186/2186
f 2187/2187/2187 2188/2188/2188 2189/2189/2189
f 2187/2187/2187 2189/2189/2189 2190/2190/2190
f 2191/2191/2191 2192/2192/2192 2193/2193/2193
f 2191/2191/2191 2193/2193/2193 2194/2194/2194
f 2195/2195/2195 2196/2196/2196 2197/2197/2197
f 2195/2195/2195 2197/2197/2197 2198/2198/2198
f 2199/2199/2199 2200/2200/2200 2201/2201/2201
f 2199/2199/2199 2201/2201/2201 2202/2202/2202
f 2203/2203/2203 2204/2204/2204 2205/2205/2205
f 2203/2203/2203 2205/2205/2205 2206/2206/2206
f 2207/2207/2207 2208/2208/2208 2209/2209/2209
f 2207/2207/2207 2209/2209/2209 2210/2210/2210
f 2211/2211/2211 2212/2212/2212 2213/2213/2213
f 2211/2211/2211 2213/2213/2213 2214/2214/2214
f 2215/2215/2215 2216/2216/2216 2217/2217/2217
f 2215/2215/2215 2217/2217/2217 2218/2218/2218
f 2219/2219/2219 2220/2220/2220 2221/2221/2221
f 2219/2219/2219 2221/2221/2221 2222/2222/2222
f 2223/2223/2223 2224/2224/2224 2225/2225/2225
f 2223/2223/2223 2225/2225/2225 2226/2226/2226
f 2227/2227/2227 2228/2228/2228 2229/2229/2229
f 2227/2227/2227 2229/2229/2229 2230/2230/2230
f 2231/2231/2231 2232/2232/2232 2233/2233/2233
f 2231/2231/2231 2233/2233/2233 2234/2234/2234
f 2235/2235/2235 2236/2236/2236 2237/2237/2237
f 2235/2235/2235 2237/2237/2237 2238/2238/2238
f 2239/2239/2239 2240/2240/2240 2241/2241/2241
f 2239/2239/2239 2241/2241/2241 2242/2242/2242
f 2243/2243/2243 2244/2244/2244 2245/2245/2245
f 2246/2246/2246 2247/2247/2247 2248/2248/2248
f 2249/2249/2249 2250/2250/2250 2251/2251/2251
f 2252/2252/2252 2253/2253/2253 2254/2254/2254
f 2255/2255/2255 2256/2256/2256 2257/2257/2257
f 2258/2258/2258 2259/2259/2259 2260/2260/2260
f 2261/2261/2261 2262/2262/2262 2263/2263/2263
f 2264/2264/2264 2265/2265/2265 2266/2266/2266
f 2267/2267/2267 2268/2268/2268 2269/2269/2269
f 2267/2267/2267 2269/2269/2269 2270/2270/2270
f 2270/2270/2270 2269/2269/2269 2271/2271/2271
f 2270/2270/2270 2271/2271/2271 2272/2272/2272
f 2272/2272/2272 2271/2271/2271 2273/2273/2273
f 2272/2272/2272 2273/2273/2273 2274/2274/2274
f 2274/2274/2274 2273/2273/2273 2275/2275/2275
f 2274/2274/2274 2275/2275/2275 2276/2276/2276
f 2276/2276/2276 2275/2275/2275 2277/2277/2277
f 2276/2276/2276 2277/2277/2277 2278/2278/2278
f 2278/2278/2278 2277/2277/2277 2279/2279/2279
f 2278/2278/2278 2279/2279/2279 2280/2280/2280
f 2280/2280/2280 2279/2279/2279 2281/2281/2281
f 2280/2280/2280 2281/2281/2281 2282/2282/2282
f 2282/2282/2282 2281/2281/2281 2283/2283/2283
f 2282/2282/2282 2283/2283/2283 2284/2284/2284
f 2284/2284/2284 2283/2283/2283 2285/2285/2285
f 2284/2284/2284 2285/2285/2285 2286/2286/2286
f 2286/2286/2286 2285/2285/2285 2287/2287/2287
f 2286/2286/2286 2287/2287/2287 2288/2288/2288
f 2288/2288/2288 2287/2287/2287 2289/2289/2289
f 2288/2288/2288 2289/2289/2289 2290/2290/2290
f 2290/2290/2290 2289/2289/2289 2291/2291/2291
f 2290/2290/2290 2291/2291/2291 2292/2292/2292
f 2293/2293/2293 2294/2294/2294 2295/2295/2295
f 2293/2293/2293 2295/2295/2295 2296/2296/2296
f 2293/2293/2293 2296/2296/2296 2297/2297/2297
f 2293/2293/2293 2297/2297/2297 2298/2298/2298
f 2293/2293/2293 2298/2298/2298 2299/2299/2299
f 2293/2293/2293 2299/2299/2299 2300/2300/2300
f 2293/2293/2293 2300/2300/2300 2301/2301/2301
f 2293/2293/2293 2301/2301/2301 2302/2302/2302
f 2293/2293/2293 2302/2302/2302 2303/2303/2303
f 2293/2293/2293 2303/2303/2303 2304/2304/2304
f 2305/2305/2305 2306/2306/2306 2307/2307/2307
f 2305/2305/2305 2307/2307/2307 2308/2308/2308
f 2305/2305/2305 2308/2308/2308 2309/2309/2309
f 2305/2305/2305 2309/2309/2309 2310/2310/2310
f 2305/2305/2305 2310/2310/2310 2311/2311/2311
f 2305/2305/2305 2311/2311/2311 2312/2312/2312
f 2305/2305/2305 2312/2312/2312 2313/2313/2313
f 2305/2305/2305 2313/2313/2313 2314/2314/2314
f 2305/2305/2305 2314/2314/2314 2315/2315/2315
f 2305/2305/2305 2315/2315/2315 2316/2316/2316
f 2317/2317/2317 2318/2318/2318 2319/2319/2319
f 2317/2317/2317 2319/2319/2319 2320/2320/2320
f 2321/2321/2321 2322/2322/2322 2323/2323/2323
f 2321/2321/2321 2323/2323/2323 2324/2324/2324
f 2325/2325/2325 2326/2326/2326 2327/2327/2327
f 2325/2325/2325 2327/2327/2327 2328/2328/2328
f 2329/2329/2329 2330/2330/2330 2331/2331/2331
f 2329/2329/2329 2331/2331/2331 2332/2332/2332
f 2333/2333/2333 2334/2334/2334 2335/2335/2335
f 2333/2333/2333 2335/2335/2335 2336/2336/2336
f 2337/2337/2337 2338/2338/2338 2339/2339/2339
f 2337/2337/2337 2339/2339/2339 2340/2340/2340
f 2341/2341/2341 2342/2342/2342 2343/2343/2343
f 2341/2341/2341 2343/2343/2343 2344/2344/2344
f 2345/2345/2345 2346/2346/2346 2347/2347/2347
f 2345/2345/2345 2347/2347/2347 2348/2348/2348
f 2349/2349/2349 2350/2350/2350 2351/2351/2351
f 2349/2349/2349 2351/2351/2351 2352/2352/2352
f 2353/2353/2353 2354/2354/2354 2355/2355/2355
f 2353/2353/2353 2355/2355/2355 2356/2356/2356
f 2357/2357/2357 2358/2358/2358 2359/2359/2359
f 2357/2357/2357 2359/2359/2359 2360/2360/2360
f 2361/2361/2361 2362/2362/2362 2363/2363/2363
f 2361/2361/2361 2363/2363/2363 2364/2364/2364
f 2365/2365/2365 2366/2366/2366 2367/2367/2367
f 2365/2365/2365 2367/2367/2367 2368/2368/2368
f 2369/2369/2369 2370/2370/2370 2371/2371/2371
f 2369/2369/2369 2371/2371/2371 2372/2372/2372
f 2373/2373/2373 2374/2374/2374 2375/2375/2375
f 2373/2373/2373 2375/2375/2375 2376/2376/2376
f 2377/2377/2377 2378/2378/2378 2379/2379/2379
f 2377/2377/2377 2379/2379/2379 2380/2380/2380
f 2381/2381/2381 2382/2382/2382 2383/2383/2383
f 2381/2381/2381 2383/2383/2383 2384/2384/2384
f 2385/2385/2385 2386/2386/2386 2387/2387/2387
f 2385/2385/2385 2387/2387/2387 2388/2388/2388
f 2389/2389/2389 2390/2390/2390 2391/2391/2391
f 2392/2392/2392 2393/2393/2393 2394/2394/2394
f 2395/2395/2395 2396/2396/2396 2397/2397/2397
f 2398/2398/2398 2399/2399/2399 2400/2400/2400
f 2401/2401/2401 2402/2402/2402 2403/2403/2403
f 2404/2404/2404 2405/2405/2405 2406/2406/2406
f 2407/2407/2407 2408/2408/2408 2409/2409/2409
f 2410/2410/2410 2411/2411/2411 2412/2412/2412
f 2413/2413/2413 2414/2414/2414 2415/2415/2415
f 2413/2413/2413 2415/2415/2415 2416/2416/2416
f 2416/2416/2416 2415/2415/2415 2417/2417/2417
f 2416/2416/2416 2417/2417/2417 2418/2418/2418
f 2418/2418/2418 2417/2417/2417 2419/2419/2419
f 2418/2418/2418 2419/2419/2419 2420/2420/2420
f 2420/2420/2420 2419/2419/2419 2421/2421/2421
f 2420/2420/2420 2421/2421/2421 2422/2422/2422
f 2422/2422/2422 2421/2421/2421 2423/2423/2423
f 2422/2422/2422 2423/2423/2423 2424/2424/2424
f 2424/2424/2424 2423/2423/2423 2425/2425/2425
f 2424/2424/2424 2425/2425/2425 2426/2426/2426
f 2426/2426/2426 2425/2425/2425 2427/2427/2427
f 2426/2426/2426 2427/2427/2427 2428/2428/2428
f 2428/2428/2428 2427/2427/2427 2429/2429/2429
f 2428/2428/2428 2429/2429/2429 2430/2430/2430
f 2430/2430/2430 2429/2429/2429 2431/2431/2431
f 2430/2430/2430 2431/2431/2431 2432/2432/2432
f 2432/2432/2432 2431/2431/2431 2433/2433/2433
f 2432/2432/2432 2433/2433/2433 2434/2434/2434
f 2434/2434/2434 2433/2433/2433 2435/2435/2435
f 2434/2434/2434 2435/2435/2435 2436/2436/2436
f 2436/2436/2436 2435/2435/2435 2437/2437/2437
f 2436/2436/2436 2437/2437/2437 2438/2438/2438
f 2439/2439/2439 2440/2440/2440 2441/2441/2441
f 2439/2439/2439 2441/2441/2441 2442/2442/2442
f 2439/2439/2439 2442/2442/2442 2443/2443/2443
f 2439/2439/2439 2443/2443/2443 2444/2444/2444
f 2439/2439/2439 2444/2444/2444 2445/2445/2445
f 2439/2439/2439 2445/2445/2445 2446/2446/2446
f 2439/2439/2439 2446/2446/2446 2447/2447/2447
f 2439/2439/2439 2447/2447/2447 2448/2448/2448
f 2439/2439/2439 2448/2448/2448 2449/2449/2449
f 2439/2439/2439 2449/2449/2449 2450/2450/2450
f 2451/2451/2451 2452/2452/2452 2453/2453/2453
f 2451/2451/2451 2453/2453/2453 2454/2454/2454
f 2451/2451/2451 2454/2454/2454 2455/2455/2455
f 2451/2451/2451 2455/2455/2455 2456/2456/2456
f 2451/2451/2451 2456/2456/2456 2457/2457/2457
f 2451/2451/2451 2457/2457/2457 2458/2458/2458
f 2451/2451/2451 2458/2458/2458 2459/2459/2459
f 2451/2451/2451 2459/2459/2459 2460/2460/2460
f 2451/2451/2451 2460/2460/2460 2461/2461/2461
f 2451/2451/2451 2461/2461/2461 2462/2462/2462
f 2463/2463/2463 2464/2464/2464 2465/2465/2465
f 2463/2463/2463 2465/2465/2465 2466/2466/2466
f 2467/2467/2467 2468/2468/2468 2469/2469/2469
f 2467/2467/2467 2469/2469/2469 2470/2470/2470
f 2471/2471/2471 2472/2472/2472 2473/2473/2473
f 2471/2471/2471 2473/2473/2473 2474/2474/2474
f 2475/2475/2475 2476/2476/2476 2477/2477/2477
f 2475/2475/2475 2477/2477/2477 2478/2478/2478
f 2479/2479/2479 2480/2480/2480 2481/2481/2481
f 2479/2479/2479 2481/2481/2481 2482/2482/2482
f 2483/2483/2483 2484/2484/2484 2485/2485/2485
f 2483/2483/2483 2485/2485/2485 2486/2486/2486
f 2487/2487/2487 2488/2488/2488 2489/2489/2489
f 2487/2487/2487 2489/2489/2489 2490/2490/2490
f 2491/2491/2491 2492/2492/2492 2493/2493/2493
f 2491/2491/2491 2493/2493/2493 2494/2494/2494
f 2495/2495/2495 2496/2496/2496 2497/2497/2497
f 2495/2495/2495 2497/2497/2497 2498/2498/2498
f 2499/2499/2499 2500/2500/2500 2501/2501/2501
f 2499/2499/2499 2501/2501/2501 2502/2502/2502
f 2503/2503/2503 2504/2504/2504 2505/2505/2505
f 2503/2503/2503 2505/2505/2505 2506/2506/2506
f 2507/2507/2507 2508/2508/2508 2509/2509/2509
f 2507/2507/2507 2509/2509/2509 2510/2510/2510
f 2511/2511/2511 2512/2512/2512 2513/2513/2513
f 2511/2511/2511 2513/2513/2513 2514/2514/2514
f 2515/2515/2515 2516/2516/2516 2517/2517/2517
f 2515/2515/2515 2517/2517/2517 2518/2518/2518
f 2519/2519/2519 2520/2520/2520 2521/2521/2521
f 2519/2519/2519 2521/2521/2521 2522/2522/2522
f 2523/2523/2523 2524/2524/2524 2525/2525/2525
f 2523/2523/2523 2525/2525/2525 2526/2526/2526
f 2527/2527/2527 2528/2528/2528 2529/2529/2529
f 2527/2527/2527 2529/2529/2529 2530/2530/2530
f 2531/2531/2531 2532/2532/2532 2533/2533/2533
f 2531/2531/2531 2533/2533/2533 2534/2534/2534
f 2535/2535/2535 2536/2536/2536 2537/2537/2537
f 2538/2538/2538 2539/2539/2539 2540/2540/2540
f 2541/2541/2541 2542/2542/2542 2543/2543/2543
f 2544/2544/2544 2545/2545/2545 2546/2546/2546
f 2547/2547/2547 2548/2548/2548 2549/2549/2549
f 2550/2550/2550 2551/2551/2551 2552/2552/2552
f 2553/2553/2553 2554/2554/2554 2555/2555/2555
f 2556/2556/2556 2557/2557/2557 2558/2558/2558
f 2559/2559/2559 2560/2560/2560 2561/2561/2561
f 2559/2559/2559 2561/2561/2561 2562/2562/2562
f 2563/2563/2563 2564/2564/2564 2565/2565/2565
f 2563/2563/2563 2565/2565/2565 2566/2566/2566
f 2567/2567/2567 2568/2568/2568 2569/2569/2569
f 2567/2567/2567 2569/2569/2569 2570/2570/2570
f 2571/2571/2571 2572/2572/2572 2573/2573/2573
f 2571/2571/2571 2573/2573/2573 2574/2574/2574
f 2575/2575/2575 2576/2576/2576 2577/2577/2577
f 2575/2575/2575 2577/2577/2577 2578/2578/2578
f 2579/2579/2579 2580/2580/2580 2581/2581/2581
f 2579/2579/2579 2581/2581/2581 2582/2582/2582
f 2583/2583/2583 2584/2584/2584 2585/2585/2585
f 2583/2583/2583 2585/2585/2585 2586/2586/2586
f 2587/2587/2587 2588/2588/2588 2589/2589/2589
f 2587/2587/2587 2589/2589/2589 2590/2590/2590
f 2591/2591/2591 2592/2592/2592 2593/2593/2593
f 2591/2591/2591 2593/2593/2593 2594/2594/2594
f 2595/2595/2595 2596/2596/2596 2597/2597/2597
f 2595/2595/2595 2597/2597/2597 2598/2598/2598
f 2599/2599/2599 2600/2600/2600 2601/2601/2601
f 2599/2599/2599 2601/2601/2601 2602/2602/2602
f 2603/2603/2603 2604/2604/2604 2605/2605/2605
f 2603/2603/2603 2605/2605/2605 2606/2606/2606
f 2607/2607/2607 2608/2608/2608 2609/2609/2609
f 2607/2607/2607 2609/2609/2609 2610/2610/2610
f 2611/2611/2611 2612/2612/2612 2613/2613/2613
f 2611/2611/2611 2613/2613/2613 2614/2614/2614
f 2615/2615/2615 2616/2616/2616 2617/2617/2617
f 2615/2615/2615 2617/2617/2617 2618/2618/2618
f 2619/2619/2619 2620/2620/2620 2621/2621/2621
f 2619/2619/2619 2621/2621/2621 2622/2622/2622
f 2623/2623/2623 2624/2624/2624 2625/2625/2625
f 2623/2623/2623 2625/2625/2625 2626/2626/2626
f 2627/2627/2627 2628/2628/2628 2629/2629/2629
f 2627/2627/2627 2629/2629/2629 2630/2630/2630
f 2631/2631/2631 2632/2632/2632 2633/2633/2633
f 2634/2634/2634 2635/2635/2635 2636/2636/2636
f 2637/2637/2637 2638/2638/2638 2639/2639/2639
f 2640/2640/2640 2641/2641/2641 2642/2642/2642
f 2643/2643/2643 2644/2644/2644 2645/2645/2645
f 2646/2646/2646 2647/2647/2647 2648/2648/2648
f 2649/2649/2649 2650/2650/2650 2651/2651/2651
f 2652/2652/2652 2653/2653/2653 2654/2654/2654
f 2655/2655/2655 2656/2656/2656 2657/2657/2657
f 2655/2655/2655 2657/2657/2657 2658/2658/2658
f 2659/2659/2659 2660/2660/2660 2661/2661/2661
f 2659/2659/2659 2661/2661/2661 2662/2662/2662
f 2663/2663/2663 2664/2664/2664 2665/2665/2665
f 2663/2663/2663 2665/2665/2665 2666/2666/2666
f 2667/2667/2667 2668/2668/2668 2669/2669/2669
f 2667/2667/2667 2669/2669/2669 2670/2670/2670
f 2671/2671/2671 2672/2672/2672 2673/2673/2673
f 2671/2671/2671 2673/2673/2673 2674/2674/2674
f 2675/2675/2675 2676/2676/2676 2677/2677/2677
f 2675/2675/2675 2677/2677/2677 2678/2678/2678
f 2679/2679/2679 2680/2680/2680 2681/2681/2681
f 2679/2679/2679 2681/2681/2681 2682/2682/2682
f 2683/2683/2683 2684/2684/2684 2685/2685/2685
f 2683/2683/2683 2685/2685/2685 2686/2686/2686
f 2687/2687/2687 2688/2688/2688 2689/2689/2689
f 2687/2687/2687 2689/2689/2689 2690/2690/2690
f 2691/2691/2691 2692/2692/2692 2693/2693/2693
f 2691/2691/2691 2693/2693/2693 2694/2694/2694
f 2695/2695/2695 2696/2696/2696 2697/2697/2697
f 2695/2695/2695 2697/2697/2697 2698/2698/2698
f 2699/2699/2699 2700/2700/2700 2701/2701/2701
f 2699/2699/2699 2701/2701/2701 2702/2702/2702
f 2703/2703/2703 2704/2704/2704 2705/2705/2705
f 2703/2703/2703 2705/2705/2705 2706/2706/2706
f 2707/2707/2707 2708/2708/2708 2709/2709/2709
f 2707/2707/2707 2709/2709/2709 2710/2710/2710
f 2711/2711/2711 2712/2712/2712 2713/2713/2713
f 2711/2711/2711 2713/2713/2713 2714/2714/2714
f 2715/2715/2715 2716/2716/2716 2717/2717/2717
f 2715/2715/2715 2717/2717/2717 2718/2718/2718
f 2719/2719/2719 2720/2720/2720 2721/2721/2721
f 2719/2719/2719 2721/2721/2721 2722/2722/2722
f 2723/2723/2723 2724/2724/2724 2725/2725/2725
f 2723/2723/2723 2725/2725/2725 2726/2726/2726
f 2727/2727/2727 2728/2728/2728 2729/2729/2729
f 2730/2730/2730 2731/2731/2731 2732/2732/2732
f 2733/2733/2733 2734/2734/2734 2735/2735/2735
f 2736/2736/2736 2737/2737/2737 2738/2738/2738
f 2739/2739/2739 2740/2740/2740 2741/2741/2741
f 2742/2742/2742 2743/2743/2743 2744/2744/2744
f 2745/2745/2745 2746/2746/2746 2747/2747/2747
f 2748/2748/2748 2749/2749/2749 2750/2750/2750
f 2751/2751/2751 2752/2752/2752 2753/2753/2753
f 2751/2751/2751 2753/2753/2753 2754/2754/2754
f 2754/2754/2754 2753/2753/2753 2755/2755/2755
f 2754/2754/2754 2755/2755/2755 2756/2756/2756
f 2756/2756/2756 2755/2755/2755 2757/2757/2757
f 2756/2756/2756 2757/2757/2757 2758/2758/2758
f 2758/2758/2758 2757/2757/2757 2759/2759/2759
f 2758/2758/2758 2759/2759/2759 2760/2760/2760
f 2760/2760/2760 2759/2759/2759 2761/2761/2761
f 2760/2760/2760 2761/2761/2761 2762/2762/2762
f 2762/2762/2762 2761/2761/2761 2763/2763/2763
f 2762/2762/2762 2763/2763/2763 2764/2764/2764
f 2764/2764/2764 2763/2763/2763 2765/2765/2765
f 2764/2764/2764 2765/2765/2765 2766/2766/2766
f 2766/2766/2766 2765/2765/2765 2767/2767/2767
f 2766/2766/2766 2767/2767/2767 2768/2768/2768
f 2768/2768/2768 2767/2767/2767 2769/2769/2769
f 2768/2768/2768 2769/2769/2769 2770/2770/2770
f 2770/2770/2770 2769/2769/2769 2771/2771/2771
f 2770/2770/2770 2771/2771/2771 2772/2772/2772
f 2772/2772/2772 2771/2771/2771 2773/2773/2773
f 2772/2772/2772 2773/2773/2773 2774/2774/2774
f 2774/2774/2774 2773/2773/2773 2775/2775/2775
f 2774/2774/2774 2775/2775/2775 2776/2776/2776
f 2777/2777/2777 2778/2778/2778 2779/2779/2779
f 2777/2777/2777 2779/2779/2779 2780/2780/2780
f 2777/2777/2777 2780/2780/2780 2781/2781/2781
f 2777/2777/2777 2781/2781/2781 2782/2782/2782
f 2777/2777/2777 2782/2782/2782 2783/2783/2783
f 2777/2777/2777 2783/2783/2783 2784/2784/2784
f 2777/2777/2777 2784/2784/2784 2785/2785/2785
f 2777/2777/2777 2785/2785/2785 2786/2786/2786
f 2777/2777/2777 2786/2786/2786 2787/2787/2787
f 2777/2777/2777 2787/2787/2787 2788/2788/2788
f 2789/2789/2789 2790/2790/2790 2791/2791/2791
f 2789/2789/2789 2791/2791/2791 2792/2792/2792
f 2789/2789/2789 2792/2792/2792 2793/2793/2793
f 2789/2789/2789 2793/2793/2793 2794/2794/2794
f 2789/2789/2789 2794/2794/2794 2795/2795/2795
f 2789/2789/2789 2795/2795/2795 2796/2796/2796
f 2789/2789/2789 2796/2796/2796 2797/2797/2797
f 2789/2789/2789 2797/2797/2797 2798/2798/2798
f 2789/2789/2789 2798/2798/2798 2799/2799/2799
f 2789/2789/2789 2799/2799/2799 2800/2800/2800
f 2801/2801/2801 2802/2802/2802 2803/2803/2803
f 2801/2801/2801 2803/2803/2803 2804/2804/2804
f 2805/2805/2805 2806/2806/2806 2807/2807/2807
f 2805/2805/2805 2807/2807/2807 2808/2808/2808
f 2809/2809/2809 2810/2810/2810 2811/2811/2811
f 2809/2809/2809 2811/2811/2811 2812/2812/2812
f 2813/2813/2813 2814/2814/2814 2815/2815/2815
f 2813/2813/2813 2815/2815/2815 2816/2816/2816
f 2817/2817/2817 2818/2818/2818 2819/2819/2819
f 2817/2817/2817 2819/2819/2819 2820/2820/2820
f 2821/2821/2821 2822/2822/2822 2823/2823/2823
f 2821/2821/2821 2823/2823/2823 2824/2824/2824
f 2825/2825/2825 2826/2826/2826 2827/2827/2827
f 2825/2825/2825 2827/2827/2827 2828/2828/2828
f 2829/2829/2829 2830/2830/2830 2831/2831/2831
f 2829/2829/2829 2831/2831/2831 2832/2832/2832
f 2833/2833/2833 2834/2834/2834 2835/2835/2835
f 2833/2833/2833 2835/2835/2835 2836/2836/2836
f 2837/2837/2837 2838/2838/2838 2839/2839/2839
f 2837/2837/2837 2839/2839/2839 2840/2840/2840
f 2841/2841/2841 2842/2842/2842 2843/2843/2843
f 2841/2841/2841 2843/2843/2843 2844/2844/2844
f 2845/2845/2845 2846/2846/2846 2847/2847/2847
f 2845/2845/2845 2847/2847/2847 2848/2848/2848
f 2849/2849/2849 2850/2850/2850 2851/2851/2851
f 2849/2849/2849 2851/2851/2851 2852/2852/2852
f 2853/2853/2853 2854/2854/2854 2855/2855/2855
f 2853/2853/2853 2855/2855/2855 2856/2856/2856
f 2857/2857/2857 2858/2858/2858 2859/2859/2859
f 2857/2857/2857 2859/2859/2859 2860/2860/2860
f 2861/2861/2861 2862/2862/2862 2863/2863/2863
f 2861/2861/2861 2863/2863/2863 2864/2864/2864
f 2865/2865/2865 2866/2866/2866 2867/2867/2867
f 2865/2865/2865 2867/2867/2867 2868/2868/2868
f 2869/2869/2869 2870/2870/2870 2871/2871/2871
f 2869/2869/2869 2871/2871/2871 2872/2872/2872
f 2873/2873/2873 2874/2874/2874 2875/2875/2875
f 2876/2876/2876 2877/2877/2877 2878/2878/2878
f 2879/2879/2879 2880/2880/2880 2881/2881/2881
f 2882/2882/2882 2883/2883/2883 2884/2884/2884
f 2885/2885/2885 2886/2886/2886 2887/2887/2887
f 2888/2888/2888 2889/2889/2889 2890/2890/2890
f 2891/2891/2891 2892/2892/2892 2893/2893/2893
f 2894/2894/2894 2895/2895/2895 2896/2896/2896
f 2897/2897/2897 2898/2898/2898 2899/2899/2899
f 2897/2897/2897 2899/2899/2899 2900/2900/2900
f 2901/2901/2901 2902/2902/2902 2903/2903/2903
f 2901/2901/2901 2903/2903/2903 2904/2904/2904
f 2905/2905/2905 2906/2906/2906 2907/2907/2907
f 2905/2905/2905 2907/2907/2907 2908/2908/2908
f 2909/2909/2909 2910/2910/2910 2911/2911/2911
f 2909/2909/2909 2911/2911/2911 2912/2912/2912
f 2913/2913/2913 2914/2914/2914 2915/2915/2915
f 2913/2913/2913 2915/2915/2915 2916/2916/2916
f 2917/2917/2917 2918/2918/2918 2919/2919/2919
f 2917/2917/2917 2919/2919/2919 2920/2920/2920
f 2921/2921/2921 2922/2922/2922 2923/2923/2923
f 2921/2921/2921 2923/2923/2923 2924/2924/2924
f 2925/2925/2925 2926/2926/2926 2927/2927/2927
f 2925/2925/2925 2927/2927/2927 2928/2928/2928
f 2929/2929/2929 2930/2930/2930 2931/2931/2931
f 2929/2929/2929 2931/2931/2931 2932/2932/2932
f 2933/2933/2933 2934/2934/2934 2935/2935/2935
f 2933/2933/2933 2935/2935/2935 2936/2936/2936
f 2937/2937/2937 2938/2938/2938 2939/2939/2939
f 2937/2937/2937 2939/2939/2939 2940/2940/2940
f 2941/2941/2941 2942/2942/2942 2943/2943/2943
f 2941/2941/2941 2943/2943/2943 2944/2944/2944
f 2945/2945/2945 2946/2946/2946 2947/2947/2947
f 2945/2945/2945 2947/2947/2947 2948/2948/2948
f 2949/2949/2949 2950/2950/2950 2951/2951/2951
f 2949/2949/2949 2951/2951/2951 2952/2952/2952
f 2953/2953/2953 2954/2954/2954 2955/2955/2955
f 2953/2953/2953 2955/2955/2955 2956/2956/2956
f 2957/2957/2957 2958/2958/2958 2959/2959/2959
f 2957/2957/2957 2959/2959/2959 2960/2960/2960
f 2961/2961/2961 2962/2962/2962 2963/2963/2963
f 2961/2961/2961 2963/2963/2963 2964/2964/2964
f 2965/2965/2965 2966/2966/2966 2967/2967/2967
f 2965/2965/2965 2967/2967/2967 2968/2968/2968
f 2969/2969/2969 2970/2970/2970 2971/2971/2971
f 2972/2972/2972 2973/2973/2973 2974/2974/2974
f 2975/2975/2975 2976/2976/2976 2977/2977/2977
f 2978/2978/2978 2979/2979/2979 2980/2980/2980
f 2981/2981/2981 2982/2982/2982 2983/2983/2983
f 2984/2984/2984 2985/2985/2985 2986/2986/2986
f 2987/2987/2987 2988/2988/2988 2989/2989/2989
f 2990/2990/2990 2991/2991/2991 2992/2992/2992
f 2993/2993/2993 2994/2994/2994 2995/2995/2995
f 2993/2993/2993 2995/2995/2995 2996/2996/2996
f 2997/2997/2997 2998/2998/2998 2999/2999/2999
f 2997/2997/2997 2999/2999/2999 3000/3000/3000
f 3001/3001/3001 3002/3002/3002 3003/3003/3003
f 3001/3001/3001 3003/3003/3003 3004/3004/3004
f 3005/3005/3005 3006/3006/3006 3007/3007/3007
f 3005/3005/3005 3007/3007/3007 3008/3008/3008
f 3009/3009/3009 3010/3010/3010 3011/3011/3011
f 3009/3009/3009 3011/3011/3011 3012/3012/3012
f 3013/3013/3013 3014/3014/3014 3015/3015/3015
f 3013/3013/3013 3015/3015/3015 3016/3016/3016
f 3017/3017/3017 3018/3018/3018 3019/3019/3019
f 3017/3017/3017 3019/3019/3019 3020/3020/3020
f 3021/3021/3021 3022/3022/3022 3023/3023/3023
f 3021/3021/3021 3023/3023/3023 3024/3024/3024
f 3025/3025/3025 3026/3026/3026 3027/3027/3027
f 3025/3025/3025 3027/3027/3027 3028/3028/3028
f 3029/3029/3029 3030/3030/3030 3031/3031/3031
f 3029/3029/3029 3031/3031/3031 3032/3032/3032
f 3033/3033/3033 3034/3034/3034 3035/3035/3035
f 3033/3033/3033 3035/3035/3035 3036/3036/3036
f 3037/3037/3037 3038/3038/3038 3039/3039/3039
f 3037/3037/3037 3039/3039/3039 3040/3040/3040
f 3041/3041/3041 3042/3042/3042 3043/3043/3043
f 3041/3041/3041 3043/3043/3043 3044/3044/3044
f 3045/3045/3045 3046/3046/3046 3047/3047/3047
f 3045/3045/3045 3047/3047/3047 3048/3048/3048
f 3049/3049/3049 3050/3050/3050 3051/3051/3051
f 3049/3049/3049 3051/3051/3051 3052/3052/3052
f 3053/3053/3053 3054/3054/3054 3055/3055/3055
f 3053/3053/3053 3055/3055/3055 3056/3056/3056
f 3057/3057/3057 3058/3058/3058 3059/3059/3059
f 3057/3057/3057 3059/3059/3059 3060/3060/3060
f 3061/3061/3061 3062/3062/3062 3063/3063/3063
f 3061/3061/3061 3063/3063/3063 3064/3064/3064
f 3065/3065/3065 3066/3066/3066 3067/3067/3067
f 3068/3068/3068 3069/3069/3069 3070/3070/3070
f 3071/3071/3071 3072/3072/3072 3073/3073/3073
f 3074/3074/3074 3075/3075/3075 3076/3076/3076
f 3077/3077/3077 3078/3078/3078 3079/3079/3079
f 3080/3080/3080 3081/3081/3081 3082/3082/3082
f 3083/3083/3083 3084/3084/3084 3085/3085/3085
f 3086/3086/3086 3087/3087/3087 3088/3088/3088
f 3089/3089/3089 3090/3090/3090 3091/3091/3091
f 3089/3089/3089 3091/3091/3091 3092/3092/3092
f 3093/3093/3093 3094/3094/3094 3095/3095/3095
f 3093/3093/3093 3095/3095/3095 3096/3096/3096
f 3097/3097/3097 3098/3098/3098 3099/3099/3099
f 3097/3097/3097 3099/3099/3099 3100/3100/3100
f 3101/3101/3101 3102/3102/3102 3103/3103/3103
f 3101/3101/3101 3103/3103/3103 3104/3104/3104
f 3105/3105/3105 3106/3106/3106 3107/3107/3107
f 3105/3105/3105 3107/3107/3107 3108/3108/3108
f 3109/3109/3109 3110/3110/3110 3111/3111/3111
f 3109/3109/3109 3111/3111/3111 3112/3112/3112
f 3113/3113/3113 3114/3114/3114 3115/3115/3115
f 3113/3113/3113 3115/3115/3115 3116/3116/3116
f 3117/3117/3117 3118/3118/3118 3119/3119/3119
f 3117/3117/3117 3119/3119/3119 3120/3120/3120
f 3121/3121/3121 3122/3122/3122 3123/3123/3123
f 3121/3121/3121 3123/3123/3123 3124/3124/3124
f 3125/3125/3125 3126/3126/3126 3127/3127/3127
f 3125/3125/3125 3127/3127/3127 3128/3128/3128
f 3129/3129/3129 3130/3130/3130 3131/3131/3131
f 3129/3129/3129 3131/3131/3131 3132/3132/3132
f 3133/3133/3133 3134/3134/3134 3135/3135/3135
f 3133/3133/3133 3135/3135/3135 3136/3136/3136
f 3137/3137/3137 3138/3138/3138 3139/3139/3139
f 3137/3137/3137 3139/3139/3139 3140/3140/3140
f 3141/3141/3141 3142/3142/3142 3143/3143/3143
f 3141/3141/3141 3143/3143/3143 3144/3144/3144
f 3145/3145/3145 3146/3146/3146 3147/3147/3147
f 3145/3145/3145 3147/3147/3147 3148/3148/3148
f 3149/3149/3149 3150/3150/3150 3151/3151/3151
f 3149/3149/3149 3151/3151/3151 3152/3152/3152
f 3153/3153/3153 3154/3154/3154 3155/3155/3155
f 3153/3153/3153 3155/3155/3155 3156/3156/3156
f 3157/3157/3157 3158/3158/3158 3159/3159/3159
f 3157/3157/3157 3159/3159/3159 3160/3160/3160
f 3161/3161/3161 3162/3162/3162 3163/3163/3163
f 3164/3164/3164 3165/3165/3165 3166/3166/3166
f 3167/3167/3167 3168/3168/3168 3169/3169/3169
f 3170/3170/3170 3171/3171/3171 3172/3172/3172
f 3173/3173/3173 3174/3174/3174 3175/3175/3175
f 3176/3176/3176 3177/3177/3177 3178/3178/3178
f 3179/3179/3179 3180/3180/3180 3181/3181/3181
f 3182/3182/3182 3183/3183/3183 3184/3184/3184
f 3185/3185/3185 3186/3186/3186 3187/3187/3187
f 3185/3185/3185 3187/3187/3187 3188/3188/3188
f 3189/3189/3189 3190/3190/3190 3191/3191/3191
f 3189/3189/3189 3191/3191/3191 3192/3192/3192
f 3193/3193/3193 3194/3194/3194 3195/3195/3195
f 3193/3193/3193 3195/3195/3195 3196/3196/3196
f 3197/3197/3197 3198/3198/3198 3199/3199/3199
f 3197/3197/3197 3199/3199/3199 3200/3200/3200
f 3201/3201/3201 3202/3202/3202 3203/3203/3203
f 3201/3201/3201 3203/3203/3203 3204/3204/3204
f 3205/3205/3205 3206/3206/3206 3207/3207/3207
f 3205/3205/3205 3207/3207/3207 3208/3208/3208
f 3209/3209/3209 3210/3210/3210 3211/3211/3211
f 3209/3209/3209 3211/3211/3211 3212/3212/3212
f 3213/3213/3213 3214/3214/3214 3215/3215/3215
f 3213/3213/3213 3215/3215/3215 3216/3216/3216
f 3217/3217/3217 3218/3218/3218 3219/3219/3219
f 3217/3217/3217 3219/3219/3219 3220/3220/3220
f 3221/3221/3221 3222/3222/3222 3223/3223/3223
f 3221/3221/3221 3223/3223/3223 3224/3224/3224
f 3225/3225/3225 3226/3226/3226 3227/3227/3227
f 3225/3225/3225 3227/3227/3227 3228/3228/3228
f 3229/3229/3229 3230/3230/3230 3231/3231/3231
f 3229/3229/3229 3231/3231/3231 3232/3232/3232
f 3233/3233/3233 3234/3234/3234 3235/3235/3235
f 3233/3233/3233 3235/3235/3235 3236/3236/3236
f 3237/3237/3237 3238/3238/3238 3239/3239/3239
f 3237/3237/3237 3239/3239/3239 3240/3240/3240
f 3241/3241/3241 3242/3242/3242 3243/3243/3243
f 3241/3241/3241 3243/3243/3243 3244/3244/3244
f 3245/3245/3245 3246/3246/3246 3247/3247/3247
f 3245/3245/3245 3247/3247/3247 3248/3248/3248
f 3249/3249/3249 3250/3250/3250 3251/3251/3251
f 3249/3249/3249 3251/3251/3251 3252/3252/3252
f 3253/3253/3253 3254/3254/3254 3255/3255/3255
f 3253/3253/3253 3255/3255/3255 3256/3256/3256
f 3257/3257/3257 3258/3258/3258 3259/3259/3259
f 3260/3260/3260 3261/3261/3261 3262/3262/3262
f 3263/3263/3263 3264/3264/3264 3265/3265/3265
f 3266/3266/3266 3267/3267/3267 3268/3268/3268
f 3269/3269/3269 3270/3270/3270 3271/3271/3271
f 3272/3272/3272 3273/3273/3273 3274/3274/3274
f 3275/3275/3275 3276/3276/3276 3277/3277/3277
f 3278/3278/3278 3279/3279/3279 3280/3280/3280
f 3281/3281/3281 3282/3282/3282 3283/3283/3283
f 3281/3281/3281 3283/3283/3283 3284/3284/3284
f 3285/3285/3285 3286/3286/3286 3287/3287/3287
f 3285/3285/3285 3287/3287/3287 3288/3288/3288
f 3289/3289/3289 3290/3290/3290 3291/3291/3291
f 3289/3289/3289 3291/3291/3291 3292/3292/3292
f 3293/3293/3293 3294/3294/3294 3295/3295/3295
f 3293/3293/3293 3295/3295/3295 3296/3296/3296
f 3297/3297/3297 3298/3298/3298 3299/3299/3299
f 3297/3297/3297 3299/3299/3299 3300/3300/3300
f 3301/3301/3301 3302/3302/3302 3303/3303/3303
f 3301/3301/3301 3303/3303/3303 3304/3304/3304
f 3305/3305/3305 3306/3306/3306 3307/3307/3307
f 3305/3305/3305 3307/3307/3307 3308/3308/3308
f 3309/3309/3309 3310/3310/3310 3311/3311/3311
f 3309/3309/3309 3311/3311/3311 3312/3312/3312
f 3313/3313/3313 3314/3314/3314 3315/3315/3315
f 3313/3313/3313 3315/3315/3315 3316/3316/3316
f 3317/3317/3317 3318/3318/3318 3319/3319/3319
f 3317/3317/3317 3319/3319/3319 3320/3320/3320
f 3321/3321/3321 3322/3322/3322 3323/3323/3323
f 3321/3321/3321 3323/3323/3323 3324/3324/3324
f 3325/3325/3325 3326/3326/3326 3327/3327/3327
f 3325/3325/3325 3327/3327/3327 3328/3328/3328
f 3329/3329/3329 3330/3330/3330 3331/3331/3331
f 3329/3329/3329 3331/3331/3331 3332/3332/3332
f 3333/3333/3333 3334/3334/3334 3335/3335/3335
f 3333/3333/3333 3335/3335/3335 3336/3336/3336
f 3337/3337/3337 3338/3338/3338 3339/3339/3339
f 3337/3337/3337 3339/3339/3339 3340/3340/3340
f 3341/3341/3341 3342/3342/3342 3343/3343/3343
f 3341/3341/3341 3343/3343/3343 3344/3344/3344
f 3345/3345/3345 3346/3346/3346 3347/3347/3347
f 3345/3345/3345 3347/3347/3347 3348/3348/3348
f 3349/3349/3349 3350/3350/3350 3351/3351/3351
f 3349/3349/3349 3351/3351/3351 3352/3352/3352
f 3353/3353/3353 3354/3354/3354 3355/3355/3355
f 3356/3356/3356 3357/3357/3357 3358/3358/3358
f 3359/3359/3359 3360/3360/3360 3361/3361/3361
f 3362/3362/3362 3363/3363/3363 3364/3364/3364
f 3365/3365/3365 3366/3366/3366 3367/3367/3367
f 3368/3368/3368 3369/3369/3369 3370/3370/3370
f 3371/3371/3371 3372/3372/3372 3373/3373/3373
f 3374/3374/3374 3375/3375/3375 3376/3376/3376
f 3377/3377/3377 3378/3378/3378 3379/3379/3379
f 3377/3377/3377 3379/3379/3379 3380/3380/3380
f 3381/3381/3381 3382/3382/3382 3383/3383/3383
f 3381/3381/3381 3383/3383/3383 3384/3384/3384
f 3385/3385/3385 3386/3386/3386 3387/3387/3387
f 3385/3385/3385 3387/3387/3387 3388/3388/3388
f 3389/3389/3389 3390/3390/3390 3391/3391/3391
f 3389/3389/3389 3391/3391/3391 3392/3392/3392
f 3393/3393/3393 3394/3394/3394 3395/3395/3395
f 3393/3393/3393 3395/3395/3395 3396/3396/3396
f 3397/3397/3397 3398/3398/3398 3399/3399/3399
f 3397/3397/3397 3399/3399/3399 3400/3400/3400
f 3401/3401/3401 3402/3402/3402 3403/3403/3403
f 3401/3401/3401 3403/3403/3403 3404/3404/3404
f 3405/3405/3405 3406/3406/3406 3407/3407/3407
f 3405/3405/3405 3407/3407/3407 3408/3408/3408
f 3409/3409/3409 3410/3410/3410 3411/3411/3411
f 3409/3409/3409 3411/3411/3411 3412/3412/3412
f 3413/3413/3413 3414/3414/3414 3415/3415/3415
f 3413/3413/3413 3415/3415/3415 3416/3416/3416
f 3417/3417/3417 3418/3418/3418 3419/3419/3419
f 3417/3417/3417 3419/3419/3419 3420/3420/3420
f 3421/3421/3421 3422/3422/3422 3423/3423/3423
f 3421/3421/3421 3423/3423/3423 3424/3424/3424
f 3425/3425/3425 3426/3426/3426 3427/3427/3427
f 3425/3425/3425 3427/3427/3427 3428/3428/3428
f 3429/3429/3429 3430/3430/3430 3431/3431/3431
f 3429/3429/3429 3431/3431/3431 3432/3432/3432
f 3433/3433/3433 3434/3434/3434 3435/3435/3435
f 3433/3433/3433 3435/3435/3435 3436/3436/3436
f 3437/3437/3437 3438/3438/3438 3439/3439/3439
f 3437/3437/3437 3439/3439/3439 3440/3440/3440
f 3441/3441/3441 3442/3442/3442 3443/3443/3443
f 3441/3441/3441 3443/3443/3443 3444/3444/3444
f 3445/3445/3445 3446/3446/3446 3447/3447/3447
f 3445/3445/3445 3447/3447/3447 3448/3448/3448
f 3449/3449/3449 3450/3450/3450 3451/3451/3451
f 3452/3452/3452 3453/3453/3453 3454/3454/3454
f 3455/3455/3455 3456/3456/3456 3457/3457/3457
f 3458/3458/3458 3459/3459/3459 3460/3460/3460
f 3461/3461/3461 3462/3462/3462 3463/3463/3463
f 3464/3464/3464 3465/3465/3465 3466/3466/3466
f 3467/3467/3467 3468/3468/3468 3469/3469/3469
f 3470/3470/3470 3471/3471/3471 3472/3472/3472
f 3473/3473/3473 3474/3474/3474 3475/3475/3475
f 3473/3473/3473 3475/3475/3475 3476/3476/3476
f 3477/3477/3477 3478/3478/3478 3479/3479/3479
f 3477/3477/3477 3479/3479/3479 3480/3480/3480
f 3481/3481/3481 3482/3482/3482 3483/3483/3483
f 3481/3481/3481 3483/3483/3483 3484/3484/3484
f 3485/3485/3485 3486/3486/3486 3487/3487/3487
f 3485/3485/3485 3487/3487/3487 3488/3488/3488
f 3489/3489/3489 3490/3490/3490 3491/3491/3491
f 3489/3489/3489 3491/3491/3491 3492/3492/3492
f 3493/3493/3493 3494/3494/3494 3495/3495/3495
f 3493/3493/3493 3495/3495/3495 3496/3496/3496
f 3497/3497/3497 3498/3498/3498 3499/3499/3499
f 3497/3497/3497 3499/3499/3499 3500/3500/3500
f 3501/3501/3501 3502/3502/3502 3503/3503/3503
f 3501/3501/3501 3503/3503/3503 3504/3504/3504
f 3505/3505/3505 3506/3506/3506 3507/3507/3507
f 3505/3505/3505 3507/3507/3507 3508/3508/3508
f 3509/3509/3509 3510/3510/3510 3511/3511/3511
f 3509/3509/3509 3511/3511/3511 3512/3512/3512
f 3513/3513/3513 3514/3514/3514 3515/3515/3515
f 3513/3513/3513 3515/3515/3515 3516/3516/3516
f 3517/3517/3517 3518/3518/3518 3519/3519/3519
f 3517/3517/3517 3519/3519/3519 3520/3520/3520
f 3521/3521/3521 3522/3522/3522 3523/3523/3523
f 3521/3521/3521 3523/3523/3523 3524/3524/3524
f 3525/3525/3525 3526/3526/3526 3527/3527/3527
f 3525/3525/3525 3527/3527/3527 3528/3528/3528
f 3529/3529/3529 3530/3530/3530 3531/3531/3531
f 3529/3529/3529 3531/3531/3531 3532/3532/3532
f 3533/3533/3533 3534/3534/3534 3535/3535/3535
f 3533/3533/3533 3535/3535/3535 3536/3536/3536
f 3537/3537/3537 3538/3538/3538 3539/3539/3539
f 3537/3537/3537 3539/3539/3539 3540/3540/3540
f 3541/3541/3541 3542/3542/3542 3543/3543/3543
f 3541/3541/3541 3543/3543/3543 3544/3544/3544
f 3545/3545/3545 3546/3546/3546 3547/3547/3547
f 3548/3548/3548 3549/3549/3549 3550/3550/3550
f 3551/3551/3551 3552/3552/3552 3553/3553/3553
f 3554/3554/3554 3555/3555/3555 3556/3556/3556
f 3557/3557/3557 3558/3558/3558 3559/3559/3559
f 3560/3560/3560 3561/3561/3561 3562/3562/3562
f 3563/3563/3563 3564/3564/3564 3565/3565/3565
f 3566/3566/3566 3567/3567/3567 3568/3568/3568
f 3569/3569/3569 3570/3570/3570 3571/3571/3571
f 3572/3572/3572 3573/3573/3573 3574/3574/3574
f 3575/3575/3575 3576/3576/3576 3577/3577/3577
f 3578/3578/3578 3579/3579/3579 3580/3580/3580
f 3581/3581/3581 3582/3582/3582 3583/3583/3583
f 3584/3584/3584 3585/3585/3585 3586/3586/3586
f 3587/3587/3587 3588/3588/3588 3589/3589/3589
f 3590/3590/3590 3591/3591/3591 3592/3592/3592
f 3593/3593/3593 3594/3594/3594 3595/3595/3595
f 3596/3596/3596 3597/3597/3597 3598/3598/3598
f 3599/3599/3599 3600/3600/3600 3601/3601/3601
f 3602/3602/3602 3603/3603/3603 3604/3604/3604
f 3605/3605/3605 3606/3606/3606 3607/3607/3607
f 3608/3608/3608 3609/3609/3609 3610/3610/3610
f 3611/3611/3611 3612/3612/3612 3613/3613/3613
f 3614/3614/3614 3615/3615/3615 3616/3616/3616
f 3617/3617/3617 3618/3618/3618 3619/3619/3619
f 3620/3620/3620 3621/3621/3621 3622/3622/3622
f 3623/3623/3623 3624/3624/3624 3625/3625/3625
f 3626/3626/3626 3627/3627/3627 3628/3628/3628
f 3629/3629/3629 3630/3630/3630 3631/3631/3631
f 3632/3632/3632 3633/3633/3633 3634/3634/3634
f 3635/3635/3635 3636/3636/3636 3637/3637/3637
f 3638/3638/3638 3639/3639/3639 3640/3640/3640
f 3641/3641/3641 3642/3642/3642 3643/3643/3643
f 3644/3644/3644 3645/3645/3645 3646/3646/3646
f 3647/3647/3647 3648/3648/3648 3649/3649/3649
f 3650/3650/3650 3651/3651/3651 3652/3652/3652
f 3653/3653/3653 3654/3654/3654 3655/3655/3655
f 3656/3656/3656 3657/3657/3657 3658/3658/3658
f 3659/3659/3659 3660/3660/3660 3661/3661/3661
f 3662/3662/3662 3663/3663/3663 3664/3664/3664
f 3665/3665/3665 3666/3666/3666 3667/3667/3667
f 3668/3668/3668 3669/3669/3669 3670/3670/3670
f 3671/3671/3671 3672/3672/3672 3673/3673/3673
f 3674/3674/3674 3675/3675/3675 3676/3676/3676
f 3677/3677/3677 3678/3678/3678 3679/3679/3679
f 3680/3680/3680 3681/3681/3681 3682/3682/3682
f 3683/3683/3683 3684/3684/3684 3685/3685/3685
f 3686/3686/3686 3687/3687/3687 3688/3688/3688
f 3689/3689/3689 3690/3690/3690 3691/3691/3691
f 3692/3692/3692 3693/3693/3693 3694/3694/3694
f 3695/3695/3695 3696/3696/3696 3697/3697/3697
f 3698/3698/3698 3699/3699/3699 3700/3700/3700
f 3701/3701/3701 3702/3702/3702 3703/3703/3703
f 3704/3704/3704 3705/3705/3705 3706/3706/3706
f 3707/3707/3707 3708/3708/3708 3709/3709/3709
f 3710/3710/3710 3711/3711/3711 3712/3712/3712
f 3713/3713/3713 3714/3714/3714 3715/3715/3715
f 3716/3716/3716 3717/3717/3717 3718/3718/3718
f 3719/3719/3719 3720/3720/3720 3721/3721/3721
f 3722/3722/3722 3723/3723/3723 3724/3724/3724
f 3725/3725/3725 3726/3726/3726 3727/3727/3727
f 3728/3728/3728 3729/3729/3729 3730/3730/3730
f 3731/3731/3731 3732/3732/3732 3733/3733/3733
f 3734/3734/3734 3735/3735/3735 3736/3736/3736
f 3737/3737/3737 3738/3738/3738 3739/3739/3739
f 3740/3740/3740 3741/3741/3741 3742/3742/3742
f 3743/3743/3743 3744/3744/3744 3745/3745/3745
f 3746/3746/3746 3747/3747/3747 3748/3748/3748
f 3749/3749/3749 3750/3750/3750 3751/3751/3751
f 3752/3752/3752 3753/3753/3753 3754/3754/3754
f 3755/3755/3755 3756/3756/3756 3757/3757/3757
f 3758/3758/3758 3759/3759/3759 3760/3760/3760
f 3761/3761/3761 3762/3762/3762 3763/3763/3763
f 3764/3764/3764 3765/3765/3765 3766/3766/3766
f 3767/3767/3767 3768/3768/3768 3769/3769/3769
f 3770/3770/3770 3771/3771/3771 3772/3772/3772
f 3773/3773/3773 3774/3774/3774 3775/3775/3775
f 3776/3776/3776 3777/3777/3777 3778/3778/3778
f 3779/3779/3779 3780/3780/3780 3781/3781/3781
f 3782/3782/3782 3783/3783/3783 3784/3784/3784
f 3785/3785/3785 3786/3786/3786 3787/3787/3787
f 3788/3788/3788 3789/3789/3789 3790/3790/3790
f 3791/3791/3791 3792/3792/3792 3793/3793/3793
f 3794/3794/3794 3795/3795/3795 3796/3796/3796
f 3797/3797/3797 3798/3798/3798 3799/3799/3799
f 3800/3800/3800 3801/3801/3801 3802/3802/3802
f 3803/3803/3803 3804/3804/3804 3805/3805/3805
f 3806/3806/3806 3807/3807/3807 3808/3808/3808
f 3809/3809/3809 3810/3810/3810 3811/3811/3811
f 3812/3812/3812 3813/3813/3813 3814/3814/3814
f 3815/3815/3815 3816/3816/3816 3817/3817/3817
f 3818/3818/3818 3819/3819/3819 3820/3820/3820
f 3821/3821/3821 3822/3822/3822 3823/3823/3823
f 3824/3824/3824 3825/3825/3825 3826/3826/3826
f 3827/3827/3827 3828/3828/3828 3829/3829/3829
f 3830/3830/3830 3831/3831/3831 3832/3832/3832
f 3833/3833/3833 3834/3834/3834 3835/3835/3835
f 3836/3836/3836 3837/3837/3837 3838/3838/3838
f 3839/3839/3839 3840/3840/3840 3841/3841/3841
f 3842/3842/3842 3843/3843/3843 3844/3844/3844
f 3845/3845/3845 3846/3846/3846 3847/3847/3847
f 3848/3848/3848 3849/3849/3849 3850/3850/3850
f 3851/3851/3851 3852/3852/3852 3853/3853/3853
f 3854/3854/3854 3855/3855/3855 3856/3856/3856
f 3857/3857/3857 3858/3858/3858 3859/3859/3859
f 3860/3860/3860 3861/3861/3861 3862/3862/3862
f 3863/3863/3863 3864/3864/3864 3865/3865/3865
f 3866/3866/3866 3867/3867/3867 3868/3868/3868
f 3869/3869/3869 3870/3870/3870 3871/3871/3871
f 3872/3872/3872 3873/3873/3873 3874/3874/3874
f 3875/3875/3875 3876/3876/3876 3877/3877/3877
f 3878/3878/3878 3879/3879/3879 3880/3880/3880
f 3881/3881/3881 3882/3882/3882 3883/3883/3883
f 3884/3884/3884 3885/3885/3885 3886/3886/3886
f 3887/3887/3887 3888/3888/3888 3889/3889/3889
f 3890/3890/3890 3891/3891/3891 3892/3892/3892
f 3893/3893/3893 3894/3894/3894 3895/3895/3895
f 3896/3896/3896 3897/3897/3897 3898/3898/3898
f 3899/3899/3899 3900/3900/3900 3901/3901/3901
f 3902/3902/3902 3903/3903/3903 3904/3904/3904
f 3905/3905/3905 3906/3906/3906 3907/3907/3907
f 3908/3908/3908 3909/3909/3909 3910/3910/3910
f 3911/3911/3911 3912/3912/3912 3913/3913/3913
f 3914/3914/3914 3915/3915/3915 3916/3916/3916
f 3917/3917/3917 3918/3918/3918 3919/3919/3919
f 3920/3920/3920 3921/3921/3921 3922/3922/3922
f 3923/3923/3923 3924/3924/3924 3925/3925/3925
f 3926/3926/3926 3927/3927/3927 3928/3928/3928
f 3929/3929/3929 3930/3930/3930 3931/3931/3931
f 3932/3932/3932 3933/3933/3933 3934/3934/3934
f 3935/3935/3935 3936/3936/3936 3937/3937/3937
f 3938/3938/3938 3939/3939/3939 3940/3940/3940
f 3941/3941/3941 3942/3942/3942 3943/3943/3943
f 3944/3944/3944 3945/3945/3945 3946/3946/3946
f 3947/3947/3947 3948/3948/3948 3949/3949/3949
f 3950/3950/3950 3951/3951/3951 3952/3952/3952
f 3953/3953/3953 3954/3954/3954 3955/3955/3955
f 3956/3956/3956 3957/3957/3957 3958/3958/3958
f 3959/3959/3959 3960/3960/3960 3961/3961/3961
f 3962/3962/3962 3963/3963/3963 3964/3964/3964
f 3965/3965/3965 3966/3966/3966 3967/3967/3967
f 3968/3968/3968 3969/3969/3969 3970/3970/3970
f 3971/3971/3971 3972/3972/3972 3973/3973/3973
f 3974/3974/3974 3975/3975/3975 3976/3976/3976
f 3977/3977/3977 3978/3978/3978 3979/3979/3979
f 3980/3980/3980 3981/3981/3981 3982/3982/3982
f 3983/3983/3983 3984/3984/3984 3985/3985/3985
f 3986/3986/3986 3987/3987/3987 3988/3988/3988
f 3989/3989/3989 3990/3990/3990 3991/3991/3991
f 3992/3992/3992 3993/3993/3993 3994/3994/3994
f 3995/3995/3995 3996/3996/3996 3997/3997/3997
f 3998/3998/3998 3999/3999/3999 4000/4000/4000
f 4001/4001/4001 4002/4002/4002 4003/4003/4003
f 4004/4004/4004 4005/4005/4005 4006/4006/4006
f 4007/4007/4007 4008/4008/4008 4009/4009/4009
f 4010/4010/4010 4011/4011/4011 4012/4012/4012
f 4013/4013/4013 4014/4014/4014 4015/4015/4015
f 4016/4016/4016 4017/4017/4017 4018/4018/4018
f 4019/4019/4019 4020/4020/4020 4021/4021/4021
f 4022/4022/4022 4023/4023/4023 4024/4024/4024
f 4025/4025/4025 4026/4026/4026 4027/4027/4027
f 4028/4028/4028 4029/4029/4029 4030/4030/4030
f 4031/4031/4031 4032/4032/4032 4033/4033/4033
f 4034/4034/4034 4035/4035/4035 4036/4036/4036
f 4037/4037/4037 4038/4038/4038 4039/4039/4039
f 4040/4040/4040 4041/4041/4041 4042/4042/4042
f 4043/4043/4043 4044/4044/4044 4045/4045/4045
f 4046/4046/4046 4047/4047/4047 4048/4048/4048
f 4049/4049/4049 4050/4050/4050 4051/4051/4051
f 4052/4052/4052 4053/4053/4053 4054/4054/4054
f 4055/4055/4055 4056/4056/4056 4057/4057/4057
f 4058/4058/4058 4059/4059/4059 4060/4060/4060
f 4061/4061/4061 4062/4062/4062 4063/4063/4063
f 4064/4064/4064 4065/4065/4065 4066/4066/4066
f 4067/4067/4067 4068/4068/4068 4069/4069/4069
f 4070/4070/4070 4071/4071/4071 4072/4072/4072
f 4073/4073/4073 4074/4074/4074 4075/4075/4075
f 4076/4076/4076 4077/4077/4077 4078/4078/4078
f 4079/4079/4079 4080/4080/4080 4081/4081/4081
f 4082/4082/4082 4083/4083/4083 4084/4084/4084
f 4085/4085/4085 4086/4086/4086 4087/4087/4087
f 4088/4088/4088 4089/4089/4089 4090/4090/4090
f 4091/4091/4091 4092/4092/4092 4093/4093/4093
f 4094/4094/4094 4095/4095/4095 4096/4096/4096
f 4097/4097/4097 4098/4098/4098 4099/4099/4099
f 4100/4100/4100 4101/4101/4101 4102/4102/4102
f 4103/4103/4103 4104/4104/4104 4105/4105/4105
f 4106/4106/4106 4107/4107/4107 4108/4108/4108
f 4109/4109/4109 4110/4110/4110 4111/4111/4111
f 4112/4112/4112 4113/4113/4113 4114/4114/4114
f 4115/4115/4115 4116/4116/4116 4117/4117/4117
f 4118/4118/4118 4119/4119/4119 4120/4120/4120
f 4121/4121/4121 4122/4122/4122 4123/4123/4123
f 4124/4124/4124 4125/4125/4125 4126/4126/4126
f 4127/4127/4127 4128/4128/4128 4129/4129/4129
f 4130/4130/4130 4131/4131/4131 4132/4132/4132
f 4133/4133/4133 4134/4134/4134 4135/4135/4135
f 4136/4136/4136 4137/4137/4137 4138/4138/4138
f 4139/4139/4139 4140/4140/4140 4141/4141/4141
f 4142/4142/4142 4143/4143/4143 4144/4144/4144
f 4145/4145/4145 4146/4146/4146 4147/4147/4147
f 4148/4148/4148 4149/4149/4149 4150/4150/4150
f 4151/4151/4151 4152/4152/4152 4153/4153/4153
f 4154/4154/4154 4155/4155/4155 4156/4156/4156
f 4157/4157/4157 4158/4158/4158 4159/4159/4159
f 4160/4160/4160 4161/4161/4161 4162/4162/4162
f 4163/4163/4163 4164/4164/4164 4165/4165/4165
f 4166/4166/4166 4167/4167/4167 4168/4168/4168
f 4169/4169/4169 4170/4170/4170 4171/4171/4171
f 4172/4172/4172 4173/4173/4173 4174/4174/4174
f 4175/4175/4175 4176/4176/4176 4177/4177/4177
f 4178/4178/4178 4179/4179/4179 4180/4180/4180
f 4181/4181/4181 4182/4182/4182 4183/4183/4183
f 4184/4184/4184 4185/4185/4185 4186/4186/4186
f 4187/4187/4187 4188/4188/4188 4189/4189/4189
f 4190/4190/4190 4191/4191/4191 4192/4192/4192
f 4193/4193/4193 4194/4194/4194 4195/4195/4195
f 4196/4196/4196 4197/4197/4197 4198/4198/4198
f 4199/4199/4199 4200/4200/4200 4201/4201/4201
f 4202/4202/4202 4203/4203/4203 4204/4204/4204
f 4205/4205/4205 4206/4206/4206 4207/4207/4207
f 4208/4208/4208 4209/4209/4209 4210/4210/4210
f 4211/4211/4211 4212/4212/4212 4213/4213/4213
f 4214/4214/4214 4215/4215/4215 4216/4216/4216
f 4217/4217/4217 4218/4218/4218 4219/4219/4219
f 4220/4220/4220 4221/4221/4221 4222/4222/4222
f 4223/4223/4223 4224/4224/4224 4225/4225/4225
f 4226/4226/4226 4227/4227/4227 4228/4228/4228
f 4229/4229/4229 4230/4230/4230 4231/4231/4231
f 4232/4232/4232 4233/4233/4233 4234/4234/4234
f 4235/4235/4235 4236/4236/4236 4237/4237/4237
f 4238/4238/4238 4239/4239/4239 4240/4240/4240
f 4241/4241/4241 4242/4242/4242 4243/4243/4243
f 4244/4244/4244 4245/4245/4245 4246/4246/4246
f 4247/4247/4247 4248/4248/4248 4249/4249/4249
f 4250/4250/4250 4251/4251/4251 4252/4252/4252
f 4253/4253/4253 4254/4254/4254 4255/4255/4255
f 4256/4256/4256 4257/4257/4257 4258/4258/4258
f 4259/4259/4259 4260/4260/4260 4261/4261/4261
f 4262/4262/4262 4263/4263/4263 4264/4264/4264
f 4265/4265/4265 4266/4266/4266 4267/4267/4267
f 4268/4268/4268 4269/4269/4269 4270/4270/4270
f 4271/4271/4271 4272/4272/4272 4273/4273/4273
f 4274/4274/4274 4275/4275/4275 4276/4276/4276
f 4277/4277/4277 4278/4278/4278 4279/4279/4279
f 4280/4280/4280 4281/4281/4281 4282/4282/4282
f 4283/4283/4283 4284/4284/4284 4285/4285/4285
f 4286/4286/4286 4287/4287/4287 4288/4288/4288
f 4289/4289/4289 4290/4290/4290 4291/4291/4291
f 4292/4292/4292 4293/4293/4293 4294/4294/4294
f 4295/4295/4295 4296/4296/4296 4297/4297/4297
f 4298/4298/4298 4299/4299/4299 4300/4300/4300
f 4301/4301/4301 4302/4302/4302 4303/4303/4303
f 4304/4304/4304 4305/4305/4305 4306/4306/4306
f 4307/4307/4307 4308/4308/4308 4309/4309/4309
f 4310/4310/4310 4311/4311/4311 4312/4312/4312
f 4313/4313/4313 4314/4314/4314 4315/4315/4315
f 4316/4316/4316 4317/4317/4317 4318/4318/4318
f 4319/4319/4319 4320/4320/4320 4321/4321/4321
f 4322/4322/4322 4323/4323/4323 4324/4324/4324
f 4325/4325/4325 4326/4326/4326 4327/4327/4327
f 4328/4328/4328 4329/4329/4329 4330/4330/4330
f 4331/4331/4331 4332/4332/4332 4333/4333/4333
f 4334/4334/4334 4335/4335/4335 4336/4336/4336
f 4337/4337/4337 4338/4338/4338 4339/4339/4339
f 4340/4340/4340 4341/4341/4341 4342/4342/4342
f 4343/4343/4343 4344/4344/4344 4345/4345/4345
f 4346/4346/4346 4347/4347/4347 4348/4348/4348
f 4349/4349/4349 4350/4350/4350 4351/4351/4351
f 4352/4352/4352 4353/4353/4353 4354/4354/4354
f 4355/4355/4355 4356/4356/4356 4357/4357/4357
f 4358/4358/4358 4359/4359/4359 4360/4360/4360
f 4361/4361/4361 4362/4362/4362 4363/4363/4363
f 4364/4364/4364 4365/4365/4365 4366/4366/4366
f 4367/4367/4367 4368/4368/4368 4369/4369/4369
f 4370/4370/4370 4371/4371/4371 4372/4372/4372
f 4373/4373/4373 4374/4374/4374 4375/4375/4375
f 4376/4376/4376 4377/4377/4377 4378/4378/4378
f 4379/4379/4379 4380/4380/4380 4381/4381/4381
f 4382/4382/4382 4383/4383/4383 4384/4384/4384
f 4385/4385/4385 4386/4386/4386 4387/4387/4387
f 4388/4388/4388 4389/4389/4389 4390/4390/4390
f 4391/4391/4391 4392/4392/4392 4393/4393/4393
f 4394/4394/4394 4395/4395/4395 4396/4396/4396
f 4397/4397/4397 4398/4398/4398 4399/4399/4399
f 4400/4400/4400 4401/4401/4401 4402/4402/4402
f 4403/4403/4403 4404/4404/4404 4405/4405/4405
f 4406/4406/4406 4407/4407/4407 4408/4408/4408
f 4409/4409/4409 4410/4410/4410 4411/4411/4411
f 4412/4412/4412 4413/4413/4413 4414/4414/4414
f 4415/4415/4415 4416/4416/4416 4417/4417/4417
f 4418/4418/4418 4419/4419/4419 4420/4420/4420
f 4421/4421/4421 4422/4422/4422 4423/4423/4423
f 4424/4424/4424 4425/4425/4425 4426/4426/4426
f 4427/4427/4427 4428/4428/4428 4429/4429/4429
f 4430/4430/4430 4431/4431/4431 4432/4432/4432
f 4433/4433/4433 4434/4434/4434 4435/4435/4435
f 4436/4436/4436 4437/4437/4437 4438/4438/4438
f 4439/4439/4439 4440/4440/4440 4441/4441/4441
f 4442/4442/4442 4443/4443/4443 4444/4444/4444
f 4445/4445/4445 4446/4446/4446 4447/4447/4447
f 4448/4448/4448 4449/4449/4449 4450/4450/4450
f 4451/4451/4451 4452/4452/4452 4453/4453/4453
f 4454/4454/4454 4455/4455/4455 4456/4456/4456
f 4457/4457/4457 4458/4458/4458 4459/4459/4459
f 4460/4460/4460 4461/4461/4461 4462/4462/4462
f 4463/4463/4463 4464/4464/4464 4465/4465/4465
f 4466/4466/4466 4467/4467/4467 4468/4468/4468
f 4469/4469/4469 4470/4470/4470 4471/4471/4471
f 4472/4472/4472 4473/4473/4473 4474/4474/4474
f 4475/4475/4475 4476/4476/4476 4477/4477/4477
f 4478/4478/4478 4479/4479/4479 4480/4480/4480
f 4481/4481/4481 4482/4482/4482 4483/4483/4483
f 4484/4484/4484 4485/4485/4485 4486/4486/4486
f 4487/4487/4487 4488/4488/4488 4489/4489/4489
f 4490/4490/4490 4491/4491/4491 4492/4492/4492
f 4493/4493/4493 4494/4494/4494 4495/4495/4495
f 4496/4496/4496 4497/4497/4497 4498/4498/4498
f 4499/4499/4499 4500/4500/4500 4501/4501/4501
f 4502/4502/4502 4503/4503/4503 4504/4504/4504
f 4505/4505/4505 4506/4506/4506 4507/4507/4507
f 4508/4508/4508 4509/4509/4509 4510/4510/4510
f 4511/4511/4511 4512/4512/4512 4513/4513/4513
f 4514/4514/4514 4515/4515/4515 4516/4516/4516
f 4517/4517/4517 4518/4518/4518 4519/4519/4519
f 4520/4520/4520 4521/4521/4521 4522/4522/4522
f 4523/4523/4523 4524/4524/4524 4525/4525/4525
f 4526/4526/4526 4527/4527/4527 4528/4528/4528
f 4529/4529/4529 4530/4530/4530 4531/4531/4531
f 4532/4532/4532 4533/4533/4533 4534/4534/4534
f 4535/4535/4535 4536/4536/4536 4537/4537/4537
f 4538/4538/4538 4539/4539/4539 4540/4540/4540
f 4541/4541/4541 4542/4542/4542 4543/4543/4543
f 4544/4544/4544 4545/4545/4545 4546/4546/4546
f 4547/4547/4547 4548/4548/4548 4549/4549/4549
f 4550/4550/4550 4551/4551/4551 4552/4552/4552
f 4553/4553/4553 4554/4554/4554 4555/4555/4555
f 4556/4556/4556 4557/4557/4557 4558/4558/4558
f 4559/4559/4559 4560/4560/4560 4561/4561/4561
f 4562/4562/4562 4563/4563/4563 4564/4564/4564
f 4565/4565/4565 4566/4566/4566 4567/4567/4567
f 4568/4568/4568 4569/4569/4569 4570/4570/4570
f 4571/4571/4571 4572/4572/4572 4573/4573/4573
f 4574/4574/4574 4575/4575/4575 4576/4576/4576
f 4577/4577/4577 4578/4578/4578 4579/4579/4579
f 4580/4580/4580 4581/4581/4581 4582/4582/4582
f 4583/4583/4583 4584/4584/4584 4585/4585/4585
f 4586/4586/4586 4587/4587/4587 4588/4588/4588
f 4589/4589/4589 4590/4590/4590 4591/4591/4591
f 4592/4592/4592 4593/4593/4593 4594/4594/4594
f 4595/4595/4595 4596/4596/4596 4597/4597/4597
f 4598/4598/4598 4599/4599/4599 4600/4600/4600
f 4601/4601/4601 4602/4602/4602 4603/4603/4603
f 4604/4604/4604 4605/4605/4605 4606/4606/4606
f 4607/4607/4607 4608/4608/4608 4609/4609/4609
f 4610/4610/4610 4611/4611/4611 4612/4612/4612
f 4613/4613/4613 4614/4614/4614 4615/4615/4615
f 4616/4616/4616 4617/4617/4617 4618/4618/4618
f 4619/4619/4619 4620/4620/4620 4621/4621/4621
f 4622/4622/4622 4623/4623/4623 4624/4624/4624
f 4625/4625/4625 4626/4626/4626 4627/4627/4627
f 4628/4628/4628 4629/4629/4629 4630/4630/4630
f 4631/4631/4631 4632/4632/4632 4633/4633/4633
f 4634/4634/4634 4635/4635/4635 4636/4636/4636
f 4637/4637/4637 4638/4638/4638 4639/4639/4639
f 4640/4640/4640 4641/4641/4641 4642/4642/4642
f 4643/4643/4643 4644/4644/4644 4645/4645/4645
f 4646/4646/4646 4647/4647/4647 4648/4648/4648
f 4649/4649/4649 4650/4650/4650 4651/4651/4651
f 4652/4652/4652 4653/4653/4653 4654/4654/4654
f 4655/4655/4655 4656/4656/4656 4657/4657/4657
f 4658/4658/4658 4659/4659/4659 4660/4660/4660
f 4661/4661/4661 4662/4662/4662 4663/4663/4663
f 4664/4664/4664 4665/4665/4665 4666/4666/4666
f 4667/4667/4667 4668/4668/4668 4669/4669/4669
f 4670/4670/4670 4671/4671/4671 4672/4672/4672
f 4673/4673/4673 4674/4674/4674 4675/4675/4675
f 4676/4676/4676 4677/4677/4677 4678/4678/4678
f 4679/4679/4679 4680/4680/4680 4681/4681/4681
f 4682/4682/4682 4683/4683/4683 4684/4684/4684
f 4685/4685/4685 4686/4686/4686 4687/4687/4687
f 4688/4688/4688 4689/4689/4689 4690/4690/4690
f 4691/4691/4691 4692/4692/4692 4693/4693/4693
f 4694/4694/4694 4695/4695/4695 4696/4696/4696
f 4697/4697/4697 4698/4698/4698 4699/4699/4699
f 4700/4700/4700 4701/4701/4701 4702/4702/4702
f 4703/4703/4703 4704/4704/4704 4705/4705/4705
f 4706/4706/4706 4707/4707/4707 4708/4708/4708
f 4709/4709/4709 4710/4710/4710 4711/4711/4711
f 4712/4712/4712 4713/4713/4713 4714/4714/4714
f 4715/4715/4715 4716/4716/4716 4717/4717/4717
f 4718/4718/4718 4719/4719/4719 4720/4720/4720
f 4721/4721/4721 4722/4722/4722 4723/4723/4723
f 4724/4724/4724 4725/4725/4725 4726/4726/4726
f 4727/4727/4727 4728/4728/4728 4729/4729/4729
f 4730/4730/4730 4731/4731/4731 4732/4732/4732
f 4733/4733/4733 4734/4734/4734 4735/4735/4735
f 4736/4736/4736 4737/4737/4737 4738/4738/4738
f 4739/4739/4739 4740/4740/4740 4741/4741/4741
f 4742/4742/4742 4743/4743/4743 4744/4744/4744
f 4745/4745/4745 4746/4746/4746 4747/4747/4747
f 4748/4748/4748 4749/4749/4749 4750/4750/4750
f 4751/4751/4751 4752/4752/4752 4753/4753/4753
f 4754/4754/4754 4755/4755/4755 4756/4756/4756
f 4757/4757/4757 4758/4758/4758 4759/4759/4759
f 4760/4760/4760 4761/4761/4761 4762/4762/4762
f 4763/4763/4763 4764/4764/4764 4765/4765/4765
f 4766/4766/4766 4767/4767/4767 4768/4768/4768
f 4769/4769/4769 4770/4770/4770 4771/4771/4771
f 4772/4772/4772 4773/4773/4773 4774/4774/4774
f 4775/4775/4775 4776/4776/4776 4777/4777/4777
f 4778/4778/4778 4779/4779/4779 4780/4780/4780
f 4781/4781/4781 4782/4782/4782 4783/4783/4783
f 4784/4784/4784 4785/4785/4785 4786/4786/4786
f 4787/4787/4787 4788/4788/4788 4789/4789/4789
f 4790/4790/4790 4791/4791/4791 4792/4792/4792
f 4793/4793/4793 4794/4794/4794 4795/4795/4795
f 4796/4796/4796 4797/4797/4797 4798/4798/4798
f 4799/4799/4799 4800/4800/4800 4801/4801/4801
f 4802/4802/4802 4803/4803/4803 4804/4804/4804
f 4805/4805/4805 4806/4806/4806 4807/4807/4807
f 4808/4808/4808 4809/4809/4809 4810/4810/4810
f 4811/4811/4811 4812/4812/4812 4813/4813/4813
f 4814/4814/4814 4815/4815/4815 4816/4816/4816
f 4817/4817/4817 4818/4818/4818 4819/4819/4819
f 4820/4820/4820 4821/4821/4821 4822/4822/4822
f 4823/4823/4823 4824/4824/4824 4825/4825/4825
f 4826/4826/4826 4827/4827/4827 4828/4828/4828
f 4829/4829/4829 4830/4830/4830 4831/4831/4831
f 4832/4832/4832 4833/4833/4833 4834/4834/4834
f 4835/4835/4835 4836/4836/4836 4837/4837/4837
f 4838/4838/4838 4839/4839/4839 4840/4840/4840
f 4841/4841/4841 4842/4842/4842 4843/4843/4843
f 4844/4844/4844 4845/4845/4845 4846/4846/4846
f 4847/4847/4847 4848/4848/4848 4849/4849/4849
f 4850/4850/4850 4851/4851/4851 4852/4852/4852
f 4853/4853/4853 4854/4854/4854 4855/4855/4855
f 4856/4856/4856 4857/4857/4857 4858/4858/4858
f 4859/4859/4859 4860/4860/4860 4861/4861/4861
f 4862/4862/4862 4863/4863/4863 4864/4864/4864
f 4865/4865/4865 4866/4866/4866 4867/4867/4867
f 4868/4868/4868 4869/4869/4869 4870/4870/4870
f 4871/4871/4871 4872/4872/4872 4873/4873/4873
f 4874/4874/4874 4875/4875/4875 4876/4876/4876
f 4877/4877/4877 4878/4878/4878 4879/4879/4879
f 4880/4880/4880 4881/4881/4881 4882/4882/4882
f 4883/4883/4883 4884/4884/4884 4885/4885/4885
f 4886/4886/4886 4887/4887/4887 4888/4888/4888
f 4889/4889/4889 4890/4890/4890 4891/4891/4891
f 4892/4892/4892 4893/4893/4893 4894/4894/4894
f 4895/4895/4895 4896/4896/4896 4897/4897/4897
f 4898/4898/4898 4899/4899/4899 4900/4900/4900
f 4901/4901/4901 4902/4902/4902 4903/4903/4903
f 4904/4904/4904 4905/4905/4905 4906/4906/4906
f 4907/4907/4907 4908/4908/4908 4909/4909/4909
f 4910/4910/4910 4911/4911/4911 4912/4912/4912
f 4913/4913/4913 4914/4914/4914 4915/4915/4915
f 4916/4916/4916 4917/4917/4917 4918/4918/4918
f 4919/4919/4919 4920/4920/4920 4921/4921/4921
f 4922/4922/4922 4923/4923/4923 4924/4924/4924
f 4925/4925/4925 4926/4926/4926 4927/4927/4927
f 4928/4928/4928 4929/4929/4929 4930/4930/4930
f 4931/4931/4931 4932/4932/4932 4933/4933/4933
f 4934/4934/4934 4935/4935/4935 4936/4936/4936
f 4937/4937/4937 4938/4938/4938 4939/4939/4939
f 4940/4940/4940 4941/4941/4941 4942/4942/4942
f 4943/4943/4943 4944/4944/4944 4945/4945/4945
f 4946/4946/4946 4947/4947/4947 4948/4948/4948
f 4949/4949/4949 4950/4950/4950 4951/4951/4951
f 4952/4952/4952 4953/4953/4953 4954/4954/4954
f 4955/4955/4955 4956/4956/4956 4957/4957/4957
f 4958/4958/4958 4959/4959/4959 4960/4960/4960
f 4961/4961/4961 4962/4962/4962 4963/4963/4963
f 4964/4964/4964 4965/4965/4965 4966/4966/4966
f 4967/4967/4967 4968/4968/4968 4969/4969/4969
f 4970/4970/4970 4971/4971/4971 4972/4972/4972
f 4973/4973/4973 4974/4974/4974 4975/4975/4975
f 4976/4976/4976 4977/4977/4977 4978/4978/4978
f 4979/4979/4979 4980/4980/4980 4981/4981/4981
f 4982/4982/4982 4983/4983/4983 4984/4984/4984
f 4985/4985/4985 4986/4986/4986 4987/4987/4987
f 4988/4988/4988 4989/4989/4989 4990/4990/4990
f 4991/4991/4991 4992/4992/4992 4993/4993/4993
f 4994/4994/4994 4995/4995/4995 4996/4996/4996
f 4997/4997/4997 4998/4998/4998 4999/4999/4999
f 5000/5000/5000 5001/5001/5001 5002/5002/5002
f 5003/5003/5003 5004/5004/5004 5005/5005/5005
f 5006/5006/5006 5007/5007/5007 5008/5008/5008
f 5009/5009/5009 5010/5010/5010 5011/5011/5011
f 5012/5012/5012 5013/5013/5013 5014/5014/5014
f 5015/5015/5015 5016/5016/5016 5017/5017/5017
f 5018/5018/5018 5019/5019/5019 5020/5020/5020
f 5021/5021/5021 5022/5022/5022 5023/5023/5023
f 5024/5024/5024 5025/5025/5025 5026/5026/5026
f 5027/5027/5027 5028/5028/5028 5029/5029/5029
f 5030/5030/5030 5031/5031/5031 5032/5032/5032
f 5033/5033/5033 5034/5034/5034 5035/5035/5035
f 5036/5036/5036 5037/5037/5037 5038/5038/5038
f 5039/5039/5039 5040/5040/5040 5041/5041/5041
f 5042/5042/5042 5043/5043/5043 5044/5044/5044
f 5045/5045/5045 5046/5046/5046 5047/5047/5047
f 5048/5048/5048 5049/5049/5049 5050/5050/5050
f 5051/5051/5051 5052/5052/5052 5053/5053/5053
f 5054/5054/5054 5055/5055/5055 5056/5056/5056
f 5057/5057/5057 5058/5058/5058 5059/5059/5059
f 5060/5060/5060 5061/5061/5061 5062/5062/5062
f 5063/5063/5063 5064/5064/5064 5065/5065/5065
f 5066/5066/5066 5067/5067/5067 5068/5068/5068
f 5069/5069/5069 5070/5070/5070 5071/5071/5071
f 5072/5072/5072 5073/5073/5073 5074/5074/5074
f 5075/5075/5075 5076/5076/5076 5077/5077/5077
f 5078/5078/5078 5079/5079/5079 5080/5080/5080
f 5081/5081/5081 5082/5082/5082 5083/5083/5083
f 5084/5084/5084 5085/5085/5085 5086/5086/5086
f 5087/5087/5087 5088/5088/5088 5089/5089/5089
f 5090/5090/5090 5091/5091/5091 5092/5092/5092
f 5093/5093/5093 5094/5094/5094 5095/5095/5095
f 5096/5096/5096 5097/5097/5097 5098/5098/5098
f 5099/5099/5099 5100/5100/5100 5101/5101/5101
f 5102/5102/5102 5103/5103/5103 5104/5104/5104
f 5105/5105/5105 5106/5106/5106 5107/5107/5107
f 5108/5108/5108 5109/5109/5109 5110/5110/5110
f 5111/5111/5111 5112/5112/5112 5113/5113/5113
f 5114/5114/5114 5115/5115/5115 5116/5116/5116
f 5117/5117/5117 5118/5118/5118 5119/5119/5119
f 5120/5120/5120 5121/5121/5121 5122/5122/5122
f 5123/5123/5123 5124/5124/5124 5125/5125/5125
f 5126/5126/5126 5127/5127/5127 5128/5128/5128
f 5129/5129/5129 5130/5130/5130 5131/5131/5131
f 5132/5132/5132 5133/5133/5133 5134/5134/5134
f 5135/5135/5135 5136/5136/5136 5137/5137/5137
f 5138/5138/5138 5139/5139/5139 5140/5140/5140
f 5141/5141/5141 5142/5142/5142 5143/5143/5143
f 5144/5144/5144 5145/5145/5145 5146/5146/5146
f 5147/5147/5147 5148/5148/5148 5149/5149/5149
f 5150/5150/5150 5151/5151/5151 5152/5152/5152
f 5153/5153/5153 5154/5154/5154 5155/5155/5155
f 5156/5156/5156 5157/5157/5157 5158/5158/5158
f 5159/5159/5159 5160/5160/5160 5161/5161/5161
f 5162/5162/5162 5163/5163/5163 5164/5164/5164
f 5165/5165/5165 5166/5166/5166 5167/5167/5167
f 5168/5168/5168 5169/5169/5169 5170/5170/5170
f 5171/5171/5171 5172/5172/5172 5173/5173/5173
f 5174/5174/5174 5175/5175/5175 5176/5176/5176
f 5177/5177/5177 5178/5178/5178 5179/5179/5179
f 5180/5180/5180 5181/5181/5181 5182/5182/5182
f 5183/5183/5183 5184/5184/5184 5185/5185/5185
f 5186/5186/5186 5187/5187/5187 5188/5188/5188
f 5189/5189/5189 5190/5190/5190 5191/5191/5191
f 5192/5192/5192 5193/5193/5193 5194/5194/5194
f 5195/5195/5195 5196/5196/5196 5197/5197/5197
f 5198/5198/5198 5199/5199/5199 5200/5200/5200
f 5201/5201/5201 5202/5202/5202 5203/5203/5203
f 5204/5204/5204 5205/5205/5205 5206/5206/5206
f 5207/5207/5207 5208/5208/5208 5209/5209/5209
f 5210/5210/5210 5211/5211/5211 5212/5212/5212
f 5213/5213/5213 5214/5214/5214 5215/5215/5215
f 5216/5216/5216 5217/5217/5217 5218/5218/5218
f 5219/5219/5219 5220/5220/5220 5221/5221/5221
f 5222/5222/5222 5223/5223/5223 5224/5224/5224
f 5225/5225/5225 5226/5226/5226 5227/5227/5227
f 5228/5228/5228 5229/5229/5229 5230/5230/5230
f 5231/5231/5231 5232/5232/5232 5233/5233/5233
f 5234/5234/5234 5235/5235/5235 5236/5236/5236
f 5237/5237/5237 5238/5238/5238 5239/5239/5239
f 5240/5240/5240 5241/5241/5241 5242/5242/5242
f 5243/5243/5243 5244/5244/5244 5245/5245/5245
f 5246/5246/5246 5247/5247/5247 5248/5248/5248
f 5249/5249/5249 5250/5250/5250 5251/5251/5251
f 5252/5252/5252 5253/5253/5253 5254/5254/5254
f 5255/5255/5255 5256/5256/5256 5257/5257/5257
f 5258/5258/5258 5259/5259/5259 5260/5260/5260
f 5261/5261/5261 5262/5262/5262 5263/5263/5263
f 5264/5264/5264 5265/5265/5265 5266/5266/5266
f 5267/5267/5267 5268/5268/5268 5269/5269/5269
f 5270/5270/5270 5271/5271/5271 5272/5272/5272
f 5273/5273/5273 5274/5274/5274 5275/5275/5275
f 5276/5276/5276 5277/5277/5277 5278/5278/5278
f 5279/5279/5279 5280/5280/5280 5281/5281/5281
f 5282/5282/5282 5283/5283/5283 5284/5284/5284
f 5285/5285/5285 5286/5286/5286 5287/5287/5287
f 5288/5288/5288 5289/5289/5289 5290/5290/5290
f 5291/5291/5291 5292/5292/5292 5293/5293/5293
f 5294/5294/5294 5295/5295/5295 5296/5296/5296
f 5297/5297/5297 5298/5298/5298 5299/5299/5299
f 5300/5300/5300 5301/5301/5301 5302/5302/5302
f 5303/5303/5303 5304/5304/5304 5305/5305/5305
f 5306/5306/5306 5307/5307/5307 5308/5308/5308
f 5309/5309/5309 5310/5310/5310 5311/5311/5311
f 5312/5312/5312 5313/5313/5313 5314/5314/5314
f 5315/5315/5315 5316/5316/5316 5317/5317/5317
f 5318/5318/5318 5319/5319/5319 5320/5320/5320
f 5321/5321/5321 5322/5322/5322 5323/5323/5323
f 5324/5324/5324 5325/5325/5325 5326/5326/5326
f 5327/5327/5327 5328/5328/5328 5329/5329/5329
f 5330/5330/5330 5331/5331/5331 5332/5332/5332
f 5333/5333/5333 5334/5334/5334 5335/5335/5335
f 5336/5336/5336 5337/5337/5337 5338/5338/5338
f 5339/5339/5339 5340/5340/5340 5341/5341/5341
f 5342/5342/5342 5343/5343/5343 5344/5344/5344
f 5345/5345/5345 5346/5346/5346 5347/5347/5347
f 5348/5348/5348 5349/5349/5349 5350/5350/5350
f 5351/5351/5351 5352/5352/5352 5353/5353/5353
f 5354/5354/5354 5355/5355/5355 5356/5356/5356
f 5357/5357/5357 5358/5358/5358 5359/5359/5359
f 5360/5360/5360 5361/5361/5361 5362/5362/5362
f 5363/5363/5363 5364/5364/5364 5365/5365/5365
f 5366/5366/5366 5367/5367/5367 5368/5368/5368
f 5369/5369/5369 5370/5370/5370 5371/5371/5371
f 5369/5369/5369 5371/5371/5371 5372/5372/5372
f 5369/5369/5369 5372/5372/5372 5373/5373/5373
f 5369/5369/5369 5373/5373/5373 5374/5374/5374
f 5369/5369/5369 5374/5374/5374 5375/5375/5375
f 5369/5369/5369 5375/5375/5375 5376/5376/5376
f 5369/5369/5369 5376/5376/5376 5377/5377/5377
f 5369/5369/5369 5377/5377/5377 5378/5378/5378
f 5369/5369/5369 5378/5378/5378 5379/5379/5379
f 5369/5369/5369 5379/5379/5379 5380/5380/5380
f 5381/5381/5381 5382/5382/5382 5383/5383/5383
f 5381/5381/5381 5383/5383/5383 5384/5384/5384
f 5381/5381/5381 5384/5384/5384 5385/5385/5385
f 5381/5381/5381 5385/5385/5385 5386/5386/5386
f 5381/5381/5381 5386/5386/5386 5387/5387/5387
f 5381/5381/5381 5387/5387/5387 5388/5388/5388
f 5381/5381/5381 5388/5388/5388 5389/5389/5389
f 5381/5381/5381 5389/5389/5389 5390/5390/5390
f 5381/5381/5381 5390/5390/5390 5391/5391/5391
f 5381/5381/5381 5391/5391/5391 5392/5392/5392
f 5393/5393/5393 5394/5394/5394 5395/5395/5395
f 5393/5393/5393 5395/5395/5395 5396/5396/5396
f 5397/5397/5397 5398/5398/5398 5399/5399/5399
f 5397/5397/5397 5399/5399/5399 5400/5400/5400
f 5401/5401/5401 5402/5402/5402 5403/5403/5403
f 5401/5401/5401 5403/5403/5403 5404/5404/5404
f 5405/5405/5405 5406/5406/5406 5407/5407/5407
f 5405/5405/5405 5407/5407/5407 5408/5408/5408
f 5409/5409/5409 5410/5410/5410 5411/5411/5411
f 5409/5409/5409 5411/5411/5411 5412/5412/5412
f 5413/5413/5413 5414/5414/5414 5415/5415/5415
f 5413/5413/5413 5415/5415/5415 5416/5416/5416
f 5417/5417/5417 5418/5418/5418 5419/5419/5419
f 5417/5417/5417 5419/5419/5419 5420/5420/5420
f 5421/5421/5421 5422/5422/5422 5423/5423/5423
f 5421/5421/5421 5423/5423/5423 5424/5424/5424
f 5425/5425/5425 5426/5426/5426 5427/5427/5427
f 5425/5425/5425 5427/5427/5427 5428/5428/5428
f 5429/5429/5429 5430/5430/5430 5431/5431/5431
f 5429/5429/5429 5431/5431/5431 5432/5432/5432
f 5433/5433/5433 5434/5434/5434 5435/5435/5435
f 5433/5433/5433 5435/5435/5435 5436/5436/5436
f 5437/5437/5437 5438/5438/5438 5439/5439/5439
f 5437/5437/5437 5439/5439/5439 5440/5440/5440
f 5441/5441/5441 5442/5442/5442 5443/5443/5443
f 5441/5441/5441 5443/5443/5443 5444/5444/5444
f 5445/5445/5445 5446/5446/5446 5447/5447/5447
f 5445/5445/5445 5447/5447/5447 5448/5448/5448
f 5449/5449/5449 5450/5450/5450 5451/5451/5451
f 5449/5449/5449 5451/5451/5451 5452/5452/5452
f 5453/5453/5453 5454/5454/5454 5455/5455/5455
f 5453/5453/5453 5455/5455/5455 5456/5456/5456
f 5457/5457/5457 5458/5458/5458 5459/5459/5459
f 5457/5457/5457 5459/5459/5459 5460/5460/5460
f 5461/5461/5461 5462/5462/5462 5463/5463/5463
f 5461/5461/5461 5463/5463/5463 5464/5464/5464
f 5465/5465/5465 5466/5466/5466 5467/5467/5467
f 5468/5468/5468 5469/5469/5469 5470/5470/5470
f 5471/5471/5471 5472/5472/5472 5473/5473/5473
f 5474/5474/5474 5475/5475/5475 5476/5476/5476
f 5477/5477/5477 5478/5478/5478 5479/5479/5479
f 5480/5480/5480 5481/5481/5481 5482/5482/5482
f 5483/5483/5483 5484/5484/5484 5485/5485/5485
f 5486/5486/5486 5487/5487/5487 5488/5488/5488
f 5489/5489/5489 5490/5490/5490 5491/5491/5491
f 5489/5489/5489 5491/5491/5491 5492/5492/5492
f 5493/5493/5493 5494/5494/5494 5495/5495/5495
f 5493/5493/5493 5495/5495/5495 5496/5496/5496
f 5497/5497/5497 5498/5498/5498 5499/5499/5499
f 5497/5497/5497 5499/5499/5499 5500/5500/5500
f 5501/5501/5501 5502/5502/5502 5503/5503/5503
f 5501/5501/5501 5503/5503/5503 5504/5504/5504
f 5505/5505/5505 5506/5506/5506 5507/5507/5507
f 5505/5505/5505 5507/5507/5507 5508/5508/5508
f 5509/5509/5509 5510/5510/5510 5511/5511/5511
f 5509/5509/5509 5511/5511/5511 5512/5512/5512
f 5513/5513/5513 5514/5514/5514 5515/5515/5515
f 5513/5513/5513 5515/5515/5515 5516/5516/5516
f 5517/5517/5517 5518/5518/5518 5519/5519/5519
f 5517/5517/5517 5519/5519/5519 5520/5520/5520
f 5521/5521/5521 5522/5522/5522 5523/5523/5523
f 5521/5521/5521 5523/5523/5523 5524/5524/5524
f 5525/5525/5525 5526/5526/5526 5527/5527/5527
f 5525/5525/5525 5527/5527/5527 5528/5528/5528
f 5529/5529/5529 5530/5530/5530 5531/5531/5531
f 5529/5529/5529 5531/5531/5531 5532/5532/5532
f 5533/5533/5533 5534/5534/5534 5535/5535/5535
f 5533/5533/5533 5535/5535/5535 5536/5536/5536
f 5537/5537/5537 5538/5538/5538 5539/5539/5539
f 5537/5537/5537 5539/5539/5539 5540/5540/5540
f 5541/5541/5541 5542/5542/5542 5543/5543/5543
f 5541/5541/5541 5543/5543/5543 5544/5544/5544
f 5545/5545/5545 5546/5546/5546 5547/5547/5547
f 5545/5545/5545 5547/5547/5547 5548/5548/5548
f 5549/5549/5549 5550/5550/5550 5551/5551/5551
f 5549/5549/5549 5551/5551/5551 5552/5552/5552
f 5553/5553/5553 5554/5554/5554 5555/5555/5555
f 5553/5553/5553 5555/5555/5555 5556/5556/5556
f 5557/5557/5557 5558/5558/5558 5559/5559/5559
f 5557/5557/5557 5559/5559/5559 5560/5560/5560
f 5561/5561/5561 5562/5562/5562 5563/5563/5563
f 5564/5564/5564 5565/5565/5565 5566/5566/5566
f 5567/5567/5567 5568/5568/5568 5569/5569/5569
f 5570/5570/5570 5571/5571/5571 5572/5572/5572
f 5573/5573/5573 5574/5574/5574 5575/5575/5575
f 5576/5576/5576 5577/5577/5577 5578/5578/5578
f 5579/5579/5579 5580/5580/5580 5581/5581/5581
f 5582/5582/5582 5583/5583/5583 5584/5584/5584
f 5585/5585/5585 5586/5586/5586 5587/5587/5587
f 5585/5585/5585 5587/5587/5587 5588/5588/5588
f 5589/5589/5589 5590/5590/5590 5591/5591/5591
f 5589/5589/5589 5591/5591/5591 5592/5592/5592
f 5593/5593/5593 5594/5594/5594 5595/5595/5595
f 5593/5593/5593 5595/5595/5595 5596/5596/5596
f 5597/5597/5597 5598/5598/5598 5599/5599/5599
f 5597/5597/5597 5599/5599/5599 5600/5600/5600
f 5601/5601/5601 5602/5602/5602 5603/5603/5603
f 5601/5601/5601 5603/5603/5603 5604/5604/5604
f 5605/5605/5605 5606/5606/5606 5607/5607/5607
f 5605/5605/5605 5607/5607/5607 5608/5608/5608
f 5609/5609/5609 5610/5610/5610 5611/5611/5611
f 5609/5609/5609 5611/5611/5611 5612/5612/5612
f 5613/5613/5613 5614/5614/5614 5615/5615/5615
f 5613/5613/5613 5615/5615/5615 5616/5616/5616
f 5617/5617/5617 5618/5618/5618 5619/5619/5619
f 5617/5617/5617 5619/5619/5619 5620/5620/5620
f 5621/5621/5621 5622/5622/5622 5623/5623/5623
f 5621/5621/5621 5623/5623/5623 5624/5624/5624
f 5625/5625/5625 5626/5626/5626 5627/5627/5627
f 5625/5625/5625 5627/5627/5627 5628/5628/5628
f 5629/5629/5629 5630/5630/5630 5631/5631/5631
f 5629/5629/5629 5631/5631/5631 5632/5632/5632
f 5633/5633/5633 5634/5634/5634 5635/5635/5635
f 5633/5633/5633 5635/5635/5635 5636/5636/5636
f 5637/5637/5637 5638/5638/5638 5639/5639/5639
f 5637/5637/5637 5639/5639/5639 5640/5640/5640
f 5641/5641/5641 5642/5642/5642 5643/5643/5643
f 5641/5641/5641 5643/5643/5643 5644/5644/5644
f 5645/5645/5645 5646/5646/5646 5647/5647/5647
f 5645/5645/5645 5647/5647/5647 5648/5648/5648
f 5649/5649/5649 5650/5650/5650 5651/5651/5651
f 5649/5649/5649 5651/5651/5651 5652/5652/5652
f 5653/5653/5653 5654/5654/5654 5655/5655/5655
f 5653/5653/5653 5655/5655/5655 5656/5656/5656
f 5657/5657/5657 5658/5658/5658 5659/5659/5659
f 5660/5660/5660 5661/5661/5661 5662/5662/5662
f 5663/5663/5663 5664/5664/5664 5665/5665/5665
f 5666/5666/5666 5667/5667/5667 5668/5668/5668
f 5669/5669/5669 5670/5670/5670 5671/5671/5671
f 5672/5672/5672 5673/5673/5673 5674/5674/5674
f 5675/5675/5675 5676/5676/5676 5677/5677/5677
f 5678/5678/5678 5679/5679/5679 5680/5680/5680
f 5681/5681/5681 5682/5682/5682 5683/5683/5683
f 5681/5681/5681 5683/5683/5683 5684/5684/5684
f 5685/5685/5685 5686/5686/5686 5687/5687/5687
f 5685/5685/5685 5687/5687/5687 5688/5688/5688
f 5689/5689/5689 5690/5690/5690 5691/5691/5691
f 5689/5689/5689 5691/5691/5691 5692/5692/5692
f 5693/5693/5693 5694/5694/5694 5695/5695/5695
f 5693/5693/5693 5695/5695/5695 5696/5696/5696
f 5697/5697/5697 5698/5698/5698 5699/5699/5699
f 5697/5697/5697 5699/5699/5699 5700/5700/5700
f 5701/5701/5701 5702/5702/5702 5703/5703/5703
f 5701/5701/5701 5703/5703/5703 5704/5704/5704
f 5705/5705/5705 5706/5706/5706 5707/5707/5707
f 5705/5705/5705 5707/5707/5707 5708/5708/5708
f 5709/5709/5709 5710/5710/5710 5711/5711/5711
f 5709/5709/5709 5711/5711/5711 5712/5712/5712
f 5713/5713/5713 5714/5714/5714 5715/5715/5715
f 5713/5713/5713 5715/5715/5715 5716/5716/5716
f 5717/5717/5717 5718/5718/5718 5719/5719/5719
f 5717/5717/5717 5719/5719/5719 5720/5720/5720
f 5721/5721/5721 5722/5722/5722 5723/5723/5723
f 5721/5721/5721 5723/5723/5723 5724/5724/5724
f 5725/5725/5725 5726/5726/5726 5727/5727/5727
f 5725/5725/5725 5727/5727/5727 5728/5728/5728
f 5729/5729/5729 5730/5730/5730 5731/5731/5731
f 5729/5729/5729 5731/5731/5731 5732/5732/5732
f 5733/5733/5733 5734/5734/5734 5735/5735/5735
f 5733/5733/5733 5735/5735/5735 5736/5736/5736
f 5737/5737/5737 5738/5738/5738 5739/5739/5739
f 5737/5737/5737 5739/5739/5739 5740/5740/5740
f 5741/5741/5741 5742/5742/5742 5743/5743/5743
f 5741/5741/5741 5743/5743/5743 5744/5744/5744
f 5745/5745/5745 5746/5746/5746 5747/5747/5747
f 5745/5745/5745 5747/5747/5747 5748/5748/5748
f 5749/5749/5749 5750/5750/5750 5751/5751/5751
f 5749/5749/5749 5751/5751/5751 5752/5752/5752
f 5753/5753/5753 5754/5754/5754 5755/5755/5755
f 5756/5756/5756 5757/5757/5757 5758/5758/5758
f 5759/5759/5759 5760/5760/5760 5761/5761/5761
f 5762/5762/5762 5763/5763/5763 5764/5764/5764
f 5765/5765/5765 5766/5766/5766 5767/5767/5767
f 5768/5768/5768 5769/5769/5769 5770/5770/5770
f 5771/5771/5771 5772/5772/5772 5773/5773/5773
f 5774/5774/5774 5775/5775/5775 5776/5776/5776
f 5777/5777/5777 5778/5778/5778 5779/5779/5779
f 5777/5777/5777 5779/5779/5779 5780/5780/5780
f 5781/5781/5781 5782/5782/5782 5783/5783/5783
f 5781/5781/5781 5783/5783/5783 5784/5784/5784
f 5785/5785/5785 5786/5786/5786 5787/5787/5787
f 5785/5785/5785 5787/5787/5787 5788/5788/5788
f 5789/5789/5789 5790/5790/5790 5791/5791/5791
f 5789/5789/5789 5791/5791/5791 5792/5792/5792
f 5793/5793/5793 5794/5794/5794 5795/5795/5795
f 5793/5793/5793 5795/5795/5795 5796/5796/5796
f 5797/5797/5797 5798/5798/5798 5799/5799/5799
f 5797/5797/5797 5799/5799/5799 5800/5800/5800
f 5801/5801/5801 5802/5802/5802 5803/5803/5803
f 5801/5801/5801 5803/5803/5803 5804/5804/5804
f 5805/5805/5805 5806/5806/5806 5807/5807/5807
f 5805/5805/5805 5807/5807/5807 5808/5808/5808
f 5809/5809/5809 5810/5810/5810 5811/5811/5811
f 5809/5809/5809 5811/5811/5811 5812/5812/5812
f 5813/5813/5813 5814/5814/5814 5815/5815/5815
f 5813/5813/5813 5815/5815/5815 5816/5816/5816
f 5817/5817/5817 5818/5818/5818 5819/5819/5819
f 5817/5817/5817 5819/5819/5819 5820/5820/5820
f 5821/5821/5821 5822/5822/5822 5823/5823/5823
f 5821/5821/5821 5823/5823/5823 5824/5824/5824
f 5825/5825/5825 5826/5826/5826 5827/5827/5827
f 5825/5825/5825 5827/5827/5827 5828/5828/5828
f 5829/5829/5829 5830/5830/5830 5831/5831/5831
f 5829/5829/5829 5831/5831/5831 5832/5832/5832
f 5833/5833/5833 5834/5834/5834 5835/5835/5835
f 5833/5833/5833 5835/5835/5835 5836/5836/5836
f 5837/5837/5837 5838/5838/5838 5839/5839/5839
f 5837/5837/5837 5839/5839/5839 5840/5840/5840
f 5841/5841/5841 5842/5842/5842 5843/5843/5843
f 5841/5841/5841 5843/5843/5843 5844/5844/5844
f 5845/5845/5845 5846/5846/5846 5847/5847/5847
f 5845/5845/5845 5847/5847/5847 5848/5848/5848
f 5849/5849/5849 5850/5850/5850 5851/5851/5851
f 5852/5852/5852 5853/5853/5853 5854/5854/5854
f 5855/5855/5855 5856/5856/5856 5857/5857/5857
f 5858/5858/5858 5859/5859/5859 5860/5860/5860
f 5861/5861/5861 5862/5862/5862 5863/5863/5863
f 5864/5864/5864 5865/5865/5865 5866/5866/5866
f 5867/5867/5867 5868/5868/5868 5869/5869/5869
f 5870/5870/5870 5871/5871/5871 5872/5872/5872
usemtl RGL_PolymerAndLabels
f 5873/5873/5873 5874/5874/5874 5875/5875/5875
f 5873/5873/5873 5875/5875/5875 5876/5876/5876
f 5877/5877/5877 5878/5878/5878 5879/5879/5879
f 5877/5877/5877 5879/5879/5879 5880/5880/5880
f 5881/5881/5881 5882/5882/5882 5883/5883/5883
f 5881/5881/5881 5883/5883/5883 5884/5884/5884
f 5885/5885/5885 5886/5886/5886 5887/5887/5887
f 5885/5885/5885 5887/5887/5887 5888/5888/5888
f 5889/5889/5889 5890/5890/5890 5891/5891/5891
f 5889/5889/5889 5891/5891/5891 5892/5892/5892
f 5893/5893/5893 5894/5894/5894 5895/5895/5895
f 5893/5893/5893 5895/5895/5895 5896/5896/5896
f 5897/5897/5897 5898/5898/5898 5899/5899/5899
f 5897/5897/5897 5899/5899/5899 5900/5900/5900
f 5901/5901/5901 5902/5902/5902 5903/5903/5903
f 5901/5901/5901 5903/5903/5903 5904/5904/5904
f 5905/5905/5905 5906/5906/5906 5907/5907/5907
f 5905/5905/5905 5907/5907/5907 5908/5908/5908
f 5909/5909/5909 5910/5910/5910 5911/5911/5911
f 5909/5909/5909 5911/5911/5911 5912/5912/5912
f 5913/5913/5913 5914/5914/5914 5915/5915/5915
f 5913/5913/5913 5915/5915/5915 5916/5916/5916
f 5917/5917/5917 5918/5918/5918 5919/5919/5919
f 5917/5917/5917 5919/5919/5919 5920/5920/5920
f 5921/5921/5921 5922/5922/5922 5923/5923/5923
f 5921/5921/5921 5923/5923/5923 5924/5924/5924
f 5925/5925/5925 5926/5926/5926 5927/5927/5927
f 5925/5925/5925 5927/5927/5927 5928/5928/5928
f 5929/5929/5929 5930/5930/5930 5931/5931/5931
f 5929/5929/5929 5931/5931/5931 5932/5932/5932
f 5933/5933/5933 5934/5934/5934 5935/5935/5935
f 5933/5933/5933 5935/5935/5935 5936/5936/5936
f 5937/5937/5937 5938/5938/5938 5939/5939/5939
f 5937/5937/5937 5939/5939/5939 5940/5940/5940
f 5940/5940/5940 5939/5939/5939 5941/5941/5941
f 5940/5940/5940 5941/5941/5941 5942/5942/5942
f 5942/5942/5942 5941/5941/5941 5943/5943/5943
f 5942/5942/5942 5943/5943/5943 5944/5944/5944
f 5944/5944/5944 5943/5943/5943 5945/5945/5945
f 5944/5944/5944 5945/5945/5945 5946/5946/5946
f 5946/5946/5946 5945/5945/5945 5947/5947/5947
f 5946/5946/5946 5947/5947/5947 5948/5948/5948
f 5948/5948/5948 5947/5947/5947 5949/5949/5949
f 5948/5948/5948 5949/5949/5949 5950/5950/5950
f 5950/5950/5950 5949/5949/5949 5951/5951/5951
f 5950/5950/5950 5951/5951/5951 5952/5952/5952
f 5952/5952/5952 5951/5951/5951 5953/5953/5953
f 5952/5952/5952 5953/5953/5953 5954/5954/5954
f 5954/5954/5954 5953/5953/5953 5955/5955/5955
f 5954/5954/5954 5955/5955/5955 5956/5956/5956
f 5956/5956/5956 5955/5955/5955 5957/5957/5957
f 5956/5956/5956 5957/5957/5957 5958/5958/5958
f 5958/5958/5958 5957/5957/5957 5959/5959/5959
f 5958/5958/5958 5959/5959/5959 5960/5960/5960
f 5960/5960/5960 5959/5959/5959 5961/5961/5961
f 5960/5960/5960 5961/5961/5961 5962/5962/5962
f 5962/5962/5962 5961/5961/5961 5963/5963/5963
f 5962/5962/5962 5963/5963/5963 5964/5964/5964
f 5964/5964/5964 5963/5963/5963 5965/5965/5965
f 5964/5964/5964 5965/5965/5965 5966/5966/5966
f 5966/5966/5966 5965/5965/5965 5967/5967/5967
f 5966/5966/5966 5967/5967/5967 5968/5968/5968
f 5968/5968/5968 5967/5967/5967 5969/5969/5969
f 5968/5968/5968 5969/5969/5969 5970/5970/5970
f 5971/5971/5971 5972/5972/5972 5973/5973/5973
f 5971/5971/5971 5973/5973/5973 5974/5974/5974
f 5975/5975/5975 5976/5976/5976 5977/5977/5977
f 5975/5975/5975 5977/5977/5977 5978/5978/5978
f 5979/5979/5979 5980/5980/5980 5981/5981/5981
f 5979/5979/5979 5981/5981/5981 5982/5982/5982
f 5983/5983/5983 5984/5984/5984 5985/5985/5985
f 5983/5983/5983 5985/5985/5985 5986/5986/5986
f 5987/5987/5987 5988/5988/5988 5989/5989/5989
f 5987/5987/5987 5989/5989/5989 5990/5990/5990
f 5991/5991/5991 5992/5992/5992 5993/5993/5993
f 5991/5991/5991 5993/5993/5993 5994/5994/5994
f 5995/5995/5995 5996/5996/5996 5997/5997/5997
f 5995/5995/5995 5997/5997/5997 5998/5998/5998
f 5999/5999/5999 6000/6000/6000 6001/6001/6001
f 5999/5999/5999 6001/6001/6001 6002/6002/6002
f 6003/6003/6003 6004/6004/6004 6005/6005/6005
f 6003/6003/6003 6005/6005/6005 6006/6006/6006
f 6007/6007/6007 6008/6008/6008 6009/6009/6009
f 6007/6007/6007 6009/6009/6009 6010/6010/6010
f 6011/6011/6011 6012/6012/6012 6013/6013/6013
f 6011/6011/6011 6013/6013/6013 6014/6014/6014
f 6015/6015/6015 6016/6016/6016 6017/6017/6017
f 6015/6015/6015 6017/6017/6017 6018/6018/6018
f 6019/6019/6019 6020/6020/6020 6021/6021/6021
f 6019/6019/6019 6021/6021/6021 6022/6022/6022
f 6023/6023/6023 6024/6024/6024 6025/6025/6025
f 6023/6023/6023 6025/6025/6025 6026/6026/6026
f 6027/6027/6027 6028/6028/6028 6029/6029/6029
f 6027/6027/6027 6029/6029/6029 6030/6030/6030
f 6031/6031/6031 6032/6032/6032 6033/6033/6033
f 6031/6031/6031 6033/6033/6033 6034/6034/6034
f 6035/6035/6035 6036/6036/6036 6037/6037/6037
f 6035/6035/6035 6037/6037/6037 6038/6038/6038
f 6035/6035/6035 6038/6038/6038 6039/6039/6039
f 6035/6035/6035 6039/6039/6039 6040/6040/6040
f 6035/6035/6035 6040/6040/6040 6041/6041/6041
f 6035/6035/6035 6041/6041/6041 6042/6042/6042
f 6035/6035/6035 6042/6042/6042 6043/6043/6043
f 6035/6035/6035 6043/6043/6043 6044/6044/6044
f 6035/6035/6035 6044/6044/6044 6045/6045/6045
f 6035/6035/6035 6045/6045/6045 6046/6046/6046
f 6035/6035/6035 6046/6046/6046 6047/6047/6047
f 6035/6035/6035 6047/6047/6047 6048/6048/6048
f 6035/6035/6035 6048/6048/6048 6049/6049/6049
f 6035/6035/6035 6049/6049/6049 6050/6050/6050
f 6051/6051/6051 6052/6052/6052 6053/6053/6053
f 6051/6051/6051 6053/6053/6053 6054/6054/6054
f 6051/6051/6051 6054/6054/6054 6055/6055/6055
f 6051/6051/6051 6055/6055/6055 6056/6056/6056
f 6051/6051/6051 6056/6056/6056 6057/6057/6057
f 6051/6051/6051 6057/6057/6057 6058/6058/6058
f 6051/6051/6051 6058/6058/6058 6059/6059/6059
f 6051/6051/6051 6059/6059/6059 6060/6060/6060
f 6051/6051/6051 6060/6060/6060 6061/6061/6061
f 6051/6051/6051 6061/6061/6061 6062/6062/6062
f 6051/6051/6051 6062/6062/6062 6063/6063/6063
f 6051/6051/6051 6063/6063/6063 6064/6064/6064
f 6051/6051/6051 6064/6064/6064 6065/6065/6065
f 6051/6051/6051 6065/6065/6065 6066/6066/6066
f 6067/6067/6067 6068/6068/6068 6069/6069/6069
f 6067/6067/6067 6069/6069/6069 6070/6070/6070
f 6071/6071/6071 6072/6072/6072 6073/6073/6073
f 6071/6071/6071 6073/6073/6073 6074/6074/6074
f 6075/6075/6075 6076/6076/6076 6077/6077/6077
f 6075/6075/6075 6077/6077/6077 6078/6078/6078
f 6079/6079/6079 6080/6080/6080 6081/6081/6081
f 6079/6079/6079 6081/6081/6081 6082/6082/6082
f 6083/6083/6083 6084/6084/6084 6085/6085/6085
f 6083/6083/6083 6085/6085/6085 6086/6086/6086
f 6087/6087/6087 6088/6088/6088 6089/6089/6089
f 6087/6087/6087 6089/6089/6089 6090/6090/6090
f 6091/6091/6091 6092/6092/6092 6093/6093/6093
f 6091/6091/6091 6093/6093/6093 6094/6094/6094
f 6095/6095/6095 6096/6096/6096 6097/6097/6097
f 6095/6095/6095 6097/6097/6097 6098/6098/6098
f 6099/6099/6099 6100/6100/6100 6101/6101/6101
f 6099/6099/6099 6101/6101/6101 6102/6102/6102
f 6103/6103/6103 6104/6104/6104 6105/6105/6105
f 6103/6103/6103 6105/6105/6105 6106/6106/6106
f 6107/6107/6107 6108/6108/6108 6109/6109/6109
f 6107/6107/6107 6109/6109/6109 6110/6110/6110
f 6111/6111/6111 6112/6112/6112 6113/6113/6113
f 6111/6111/6111 6113/6113/6113 6114/6114/6114
f 6115/6115/6115 6116/6116/6116 6117/6117/6117
f 6115/6115/6115 6117/6117/6117 6118/6118/6118
f 6119/6119/6119 6120/6120/6120 6121/6121/6121
f 6119/6119/6119 6121/6121/6121 6122/6122/6122
f 6123/6123/6123 6124/6124/6124 6125/6125/6125
f 6123/6123/6123 6125/6125/6125 6126/6126/6126
f 6127/6127/6127 6128/6128/6128 6129/6129/6129
f 6127/6127/6127 6129/6129/6129 6130/6130/6130
f 6131/6131/6131 6132/6132/6132 6133/6133/6133
f 6131/6131/6131 6133/6133/6133 6134/6134/6134
f 6134/6134/6134 6133/6133/6133 6135/6135/6135
f 6134/6134/6134 6135/6135/6135 6136/6136/6136
f 6136/6136/6136 6135/6135/6135 6137/6137/6137
f 6136/6136/6136 6137/6137/6137 6138/6138/6138
f 6138/6138/6138 6137/6137/6137 6139/6139/6139
f 6138/6138/6138 6139/6139/6139 6140/6140/6140
f 6140/6140/6140 6139/6139/6139 6141/6141/6141
f 6140/6140/6140 6141/6141/6141 6142/6142/6142
f 6142/6142/6142 6141/6141/6141 6143/6143/6143
f 6142/6142/6142 6143/6143/6143 6144/6144/6144
f 6144/6144/6144 6143/6143/6143 6145/6145/6145
f 6144/6144/6144 6145/6145/6145 6146/6146/6146
f 6146/6146/6146 6145/6145/6145 6147/6147/6147
f 6146/6146/6146 6147/6147/6147 6148/6148/6148
f 6148/6148/6148 6147/6147/6147 6149/6149/6149
f 6148/6148/6148 6149/6149/6149 6150/6150/6150
f 6150/6150/6150 6149/6149/6149 6151/6151/6151
f 6150/6150/6150 6151/6151/6151 6152/6152/6152
f 6152/6152/6152 6151/6151/6151 6153/6153/6153
f 6152/6152/6152 6153/6153/6153 6154/6154/6154
f 6154/6154/6154 6153/6153/6153 6155/6155/6155
f 6154/6154/6154 6155/6155/6155 6156/6156/6156
f 6156/6156/6156 6155/6155/6155 6157/6157/6157
f 6156/6156/6156 6157/6157/6157 6158/6158/6158
f 6158/6158/6158 6157/6157/6157 6159/6159/6159
f 6158/6158/6158 6159/6159/6159 6160/6160/6160
f 6160/6160/6160 6159/6159/6159 6161/6161/6161
f 6160/6160/6160 6161/6161/6161 6162/6162/6162
f 6162/6162/6162 6161/6161/6161 6163/6163/6163
f 6162/6162/6162 6163/6163/6163 6164/6164/6164
f 6165/6165/6165 6166/6166/6166 6167/6167/6167
f 6165/6165/6165 6167/6167/6167 6168/6168/6168
f 6169/6169/6169 6170/6170/6170 6171/6171/6171
f 6169/6169/6169 6171/6171/6171 6172/6172/6172
f 6173/6173/6173 6174/6174/6174 6175/6175/6175
f 6173/6173/6173 6175/6175/6175 6176/6176/6176
f 6177/6177/6177 6178/6178/6178 6179/6179/6179
f 6177/6177/6177 6179/6179/6179 6180/6180/6180
f 6181/6181/6181 6182/6182/6182 6183/6183/6183
f 6181/6181/6181 6183/6183/6183 6184/6184/6184
f 6185/6185/6185 6186/6186/6186 6187/6187/6187
f 6185/6185/6185 6187/6187/6187 6188/6188/6188
f 6189/6189/6189 6190/6190/6190 6191/6191/6191
f 6189/6189/6189 6191/6191/6191 6192/6192/6192
f 6193/6193/6193 6194/6194/6194 6195/6195/6195
f 6193/6193/6193 6195/6195/6195 6196/6196/6196
f 6197/6197/6197 6198/6198/6198 6199/6199/6199
f 6197/6197/6197 6199/6199/6199 6200/6200/6200
f 6201/6201/6201 6202/6202/6202 6203/6203/6203
f 6201/6201/6201 6203/6203/6203 6204/6204/6204
f 6205/6205/6205 6206/6206/6206 6207/6207/6207
f 6205/6205/6205 6207/6207/6207 6208/6208/6208
f 6209/6209/6209 6210/6210/6210 6211/6211/6211
f 6209/6209/6209 6211/6211/6211 6212/6212/6212
f 6213/6213/6213 6214/6214/6214 6215/6215/6215
f 6213/6213/6213 6215/6215/6215 6216/6216/6216
f 6217/6217/6217 6218/6218/6218 6219/6219/6219
f 6217/6217/6217 6219/6219/6219 6220/6220/6220
f 6221/6221/6221 6222/6222/6222 6223/6223/6223
f 6221/6221/6221 6223/6223/6223 6224/6224/6224
f 6225/6225/6225 6226/6226/6226 6227/6227/6227
f 6225/6225/6225 6227/6227/6227 6228/6228/6228
f 6229/6229/6229 6230/6230/6230 6231/6231/6231
f 6229/6229/6229 6231/6231/6231 6232/6232/6232
f 6229/6229/6229 6232/6232/6232 6233/6233/6233
f 6229/6229/6229 6233/6233/6233 6234/6234/6234
f 6229/6229/6229 6234/6234/6234 6235/6235/6235
f 6229/6229/6229 6235/6235/6235 6236/6236/6236
f 6229/6229/6229 6236/6236/6236 6237/6237/6237
f 6229/6229/6229 6237/6237/6237 6238/6238/6238
f 6229/6229/6229 6238/6238/6238 6239/6239/6239
f 6229/6229/6229 6239/6239/6239 6240/6240/6240
f 6229/6229/6229 6240/6240/6240 6241/6241/6241
f 6229/6229/6229 6241/6241/6241 6242/6242/6242
f 6229/6229/6229 6242/6242/6242 6243/6243/6243
f 6229/6229/6229 6243/6243/6243 6244/6244/6244
f 6245/6245/6245 6246/6246/6246 6247/6247/6247
f 6245/6245/6245 6247/6247/6247 6248/6248/6248
f 6245/6245/6245 6248/6248/6248 6249/6249/6249
f 6245/6245/6245 6249/6249/6249 6250/6250/6250
f 6245/6245/6245 6250/6250/6250 6251/6251/6251
f 6245/6245/6245 6251/6251/6251 6252/6252/6252
f 6245/6245/6245 6252/6252/6252 6253/6253/6253
f 6245/6245/6245 6253/6253/6253 6254/6254/6254
f 6245/6245/6245 6254/6254/6254 6255/6255/6255
f 6245/6245/6245 6255/6255/6255 6256/6256/6256
f 6245/6245/6245 6256/6256/6256 6257/6257/6257
f 6245/6245/6245 6257/6257/6257 6258/6258/6258
f 6245/6245/6245 6258/6258/6258 6259/6259/6259
f 6245/6245/6245 6259/6259/6259 6260/6260/6260
f 6261/6261/6261 6262/6262/6262 6263/6263/6263
f 6261/6261/6261 6263/6263/6263 6264/6264/6264
f 6265/6265/6265 6266/6266/6266 6267/6267/6267
f 6265/6265/6265 6267/6267/6267 6268/6268/6268
f 6269/6269/6269 6270/6270/6270 6271/6271/6271
f 6269/6269/6269 6271/6271/6271 6272/6272/6272
f 6273/6273/6273 6274/6274/6274 6275/6275/6275
f 6273/6273/6273 6275/6275/6275 6276/6276/6276
f 6277/6277/6277 6278/6278/6278 6279/6279/6279
f 6277/6277/6277 6279/6279/6279 6280/6280/6280
f 6281/6281/6281 6282/6282/6282 6283/6283/6283
f 6281/6281/6281 6283/6283/6283 6284/6284/6284
f 6285/6285/6285 6286/6286/6286 6287/6287/6287
f 6285/6285/6285 6287/6287/6287 6288/6288/6288
f 6289/6289/6289 6290/6290/6290 6291/6291/6291
f 6289/6289/6289 6291/6291/6291 6292/6292/6292
f 6293/6293/6293 6294/6294/6294 6295/6295/6295
f 6293/6293/6293 6295/6295/6295 6296/6296/6296
f 6297/6297/6297 6298/6298/6298 6299/6299/6299
f 6297/6297/6297 6299/6299/6299 6300/6300/6300
f 6301/6301/6301 6302/6302/6302 6303/6303/6303
f 6301/6301/6301 6303/6303/6303 6304/6304/6304
f 6305/6305/6305 6306/6306/6306 6307/6307/6307
f 6305/6305/6305 6307/6307/6307 6308/6308/6308
f 6309/6309/6309 6310/6310/6310 6311/6311/6311
f 6309/6309/6309 6311/6311/6311 6312/6312/6312
f 6313/6313/6313 6314/6314/6314 6315/6315/6315
f 6313/6313/6313 6315/6315/6315 6316/6316/6316
f 6317/6317/6317 6318/6318/6318 6319/6319/6319
f 6317/6317/6317 6319/6319/6319 6320/6320/6320
f 6321/6321/6321 6322/6322/6322 6323/6323/6323
f 6321/6321/6321 6323/6323/6323 6324/6324/6324
f 6325/6325/6325 6326/6326/6326 6327/6327/6327
f 6325/6325/6325 6327/6327/6327 6328/6328/6328
f 6328/6328/6328 6327/6327/6327 6329/6329/6329
f 6328/6328/6328 6329/6329/6329 6330/6330/6330
f 6330/6330/6330 6329/6329/6329 6331/6331/6331
f 6330/6330/6330 6331/6331/6331 6332/6332/6332
f 6332/6332/6332 6331/6331/6331 6333/6333/6333
f 6332/6332/6332 6333/6333/6333 6334/6334/6334
f 6334/6334/6334 6333/6333/6333 6335/6335/6335
f 6334/6334/6334 6335/6335/6335 6336/6336/6336
f 6336/6336/6336 6335/6335/6335 6337/6337/6337
f 6336/6336/6336 6337/6337/6337 6338/6338/6338
f 6338/6338/6338 6337/6337/6337 6339/6339/6339
f 6338/6338/6338 6339/6339/6339 6340/6340/6340
f 6340/6340/6340 6339/6339/6339 6341/6341/6341
f 6340/6340/6340 6341/6341/6341 6342/6342/6342
f 6342/6342/6342 6341/6341/6341 6343/6343/6343
f 6342/6342/6342 6343/6343/6343 6344/6344/6344
f 6344/6344/6344 6343/6343/6343 6345/6345/6345
f 6344/6344/6344 6345/6345/6345 6346/6346/6346
f 6346/6346/6346 6345/6345/6345 6347/6347/6347
f 6346/6346/6346 6347/6347/6347 6348/6348/6348
f 6348/6348/6348 6347/6347/6347 6349/6349/6349
f 6348/6348/6348 6349/6349/6349 6350/6350/6350
f 6350/6350/6350 6349/6349/6349 6351/6351/6351
f 6350/6350/6350 6351/6351/6351 6352/6352/6352
f 6352/6352/6352 6351/6351/6351 6353/6353/6353
f 6352/6352/6352 6353/6353/6353 6354/6354/6354
f 6354/6354/6354 6353/6353/6353 6355/6355/6355
f 6354/6354/6354 6355/6355/6355 6356/6356/6356
f 6356/6356/6356 6355/6355/6355 6357/6357/6357
f 6356/6356/6356 6357/6357/6357 6358/6358/6358
f 6359/6359/6359 6360/6360/6360 6361/6361/6361
f 6359/6359/6359 6361/6361/6361 6362/6362/6362
f 6363/6363/6363 6364/6364/6364 6365/6365/6365
f 6363/6363/6363 6365/6365/6365 6366/6366/6366
f 6367/6367/6367 6368/6368/6368 6369/6369/6369
f 6367/6367/6367 6369/6369/6369 6370/6370/6370
f 6371/6371/6371 6372/6372/6372 6373/6373/6373
f 6371/6371/6371 6373/6373/6373 6374/6374/6374
f 6375/6375/6375 6376/6376/6376 6377/6377/6377
f 6375/6375/6375 6377/6377/6377 6378/6378/6378
f 6379/6379/6379 6380/6380/6380 6381/6381/6381
f 6379/6379/6379 6381/6381/6381 6382/6382/6382
f 6383/6383/6383 6384/6384/6384 6385/6385/6385
f 6383/6383/6383 6385/6385/6385 6386/6386/6386
f 6387/6387/6387 6388/6388/6388 6389/6389/6389
f 6387/6387/6387 6389/6389/6389 6390/6390/6390
f 6391/6391/6391 6392/6392/6392 6393/6393/6393
f 6391/6391/6391 6393/6393/6393 6394/6394/6394
f 6395/6395/6395 6396/6396/6396 6397/6397/6397
f 6395/6395/6395 6397/6397/6397 6398/6398/6398
f 6399/6399/6399 6400/6400/6400 6401/6401/6401
f 6399/6399/6399 6401/6401/6401 6402/6402/6402
f 6403/6403/6403 6404/6404/6404 6405/6405/6405
f 6403/6403/6403 6405/6405/6405 6406/6406/6406
f 6407/6407/6407 6408/6408/6408 6409/6409/6409
f 6407/6407/6407 6409/6409/6409 6410/6410/6410
f 6411/6411/6411 6412/6412/6412 6413/6413/6413
f 6411/6411/6411 6413/6413/6413 6414/6414/6414
f 6415/6415/6415 6416/6416/6416 6417/6417/6417
f 6415/6415/6415 6417/6417/6417 6418/6418/6418
f 6419/6419/6419 6420/6420/6420 6421/6421/6421
f 6419/6419/6419 6421/6421/6421 6422/6422/6422
f 6423/6423/6423 6424/6424/6424 6425/6425/6425
f 6423/6423/6423 6425/6425/6425 6426/6426/6426
f 6423/6423/6423 6426/6426/6426 6427/6427/6427
f 6423/6423/6423 6427/6427/6427 6428/6428/6428
f 6423/6423/6423 6428/6428/6428 6429/6429/6429
f 6423/6423/6423 6429/6429/6429 6430/6430/6430
f 6423/6423/6423 6430/6430/6430 6431/6431/6431
f 6423/6423/6423 6431/6431/6431 6432/6432/6432
f 6423/6423/6423 6432/6432/6432 6433/6433/6433
f 6423/6423/6423 6433/6433/6433 6434/6434/6434
f 6423/6423/6423 6434/6434/6434 6435/6435/6435
f 6423/6423/6423 6435/6435/6435 6436/6436/6436
f 6423/6423/6423 6436/6436/6436 6437/6437/6437
f 6423/6423/6423 6437/6437/6437 6438/6438/6438
f 6439/6439/6439 6440/6440/6440 6441/6441/6441
f 6439/6439/6439 6441/6441/6441 6442/6442/6442
f 6439/6439/6439 6442/6442/6442 6443/6443/6443
f 6439/6439/6439 6443/6443/6443 6444/6444/6444
f 6439/6439/6439 6444/6444/6444 6445/6445/6445
f 6439/6439/6439 6445/6445/6445 6446/6446/6446
f 6439/6439/6439 6446/6446/6446 6447/6447/6447
f 6439/6439/6439 6447/6447/6447 6448/6448/6448
f 6439/6439/6439 6448/6448/6448 6449/6449/6449
f 6439/6439/6439 6449/6449/6449 6450/6450/6450
f 6439/6439/6439 6450/6450/6450 6451/6451/6451
f 6439/6439/6439 6451/6451/6451 6452/6452/6452
f 6439/6439/6439 6452/6452/6452 6453/6453/6453
f 6439/6439/6439 6453/6453/6453 6454/6454/6454
f 6455/6455/6455 6456/6456/6456 6457/6457/6457
f 6455/6455/6455 6457/6457/6457 6458/6458/6458
f 6459/6459/6459 6460/6460/6460 6461/6461/6461
f 6459/6459/6459 6461/6461/6461 6462/6462/6462
f 6463/6463/6463 6464/6464/6464 6465/6465/6465
f 6463/6463/6463 6465/6465/6465 6466/6466/6466
f 6467/6467/6467 6468/6468/6468 6469/6469/6469
f 6467/6467/6467 6469/6469/6469 6470/6470/6470
f 6471/6471/6471 6472/6472/6472 6473/6473/6473
f 6471/6471/6471 6473/6473/6473 6474/6474/6474
f 6475/6475/6475 6476/6476/6476 6477/6477/6477
f 6475/6475/6475 6477/6477/6477 6478/6478/6478
f 6479/6479/6479 6480/6480/6480 6481/6481/6481
f 6479/6479/6479 6481/6481/6481 6482/6482/6482
f 6483/6483/6483 6484/6484/6484 6485/6485/6485
f 6483/6483/6483 6485/6485/6485 6486/6486/6486
f 6487/6487/6487 6488/6488/6488 6489/6489/6489
f 6487/6487/6487 6489/6489/6489 6490/6490/6490
f 6491/6491/6491 6492/6492/6492 6493/6493/6493
f 6491/6491/6491 6493/6493/6493 6494/6494/6494
f 6495/6495/6495 6496/6496/6496 6497/6497/6497
f 6495/6495/6495 6497/6497/6497 6498/6498/6498
f 6499/6499/6499 6500/6500/6500 6501/6501/6501
f 6499/6499/6499 6501/6501/6501 6502/6502/6502
f 6503/6503/6503 6504/6504/6504 6505/6505/6505
f 6503/6503/6503 6505/6505/6505 6506/6506/6506
f 6507/6507/6507 6508/6508/6508 6509/6509/6509
f 6507/6507/6507 6509/6509/6509 6510/6510/6510
f 6511/6511/6511 6512/6512/6512 6513/6513/6513
f 6511/6511/6511 6513/6513/6513 6514/6514/6514
f 6515/6515/6515 6516/6516/6516 6517/6517/6517
f 6515/6515/6515 6517/6517/6517 6518/6518/6518
f 6519/6519/6519 6520/6520/6520 6521/6521/6521
f 6519/6519/6519 6521/6521/6521 6522/6522/6522
f 6522/6522/6522 6521/6521/6521 6523/6523/6523
f 6522/6522/6522 6523/6523/6523 6524/6524/6524
f 6524/6524/6524 6523/6523/6523 6525/6525/6525
f 6524/6524/6524 6525/6525/6525 6526/6526/6526
f 6526/6526/6526 6525/6525/6525 6527/6527/6527
f 6526/6526/6526 6527/6527/6527 6528/6528/6528
f 6528/6528/6528 6527/6527/6527 6529/6529/6529
f 6528/6528/6528 6529/6529/6529 6530/6530/6530
f 6530/6530/6530 6529/6529/6529 6531/6531/6531
f 6530/6530/6530 6531/6531/6531 6532/6532/6532
f 6532/6532/6532 6531/6531/6531 6533/6533/6533
f 6532/6532/6532 6533/6533/6533 6534/6534/6534
f 6534/6534/6534 6533/6533/6533 6535/6535/6535
f 6534/6534/6534 6535/6535/6535 6536/6536/6536
f 6536/6536/6536 6535/6535/6535 6537/6537/6537
f 6536/6536/6536 6537/6537/6537 6538/6538/6538
f 6538/6538/6538 6537/6537/6537 6539/6539/6539
f 6538/6538/6538 6539/6539/6539 6540/6540/6540
f 6540/6540/6540 6539/6539/6539 6541/6541/6541
f 6540/6540/6540 6541/6541/6541 6542/6542/6542
f 6542/6542/6542 6541/6541/6541 6543/6543/6543
f 6542/6542/6542 6543/6543/6543 6544/6544/6544
f 6544/6544/6544 6543/6543/6543 6545/6545/6545
f 6544/6544/6544 6545/6545/6545 6546/6546/6546
f 6546/6546/6546 6545/6545/6545 6547/6547/6547
f 6546/6546/6546 6547/6547/6547 6548/6548/6548
f 6548/6548/6548 6547/6547/6547 6549/6549/6549
f 6548/6548/6548 6549/6549/6549 6550/6550/6550
f 6550/6550/6550 6549/6549/6549 6551/6551/6551
f 6550/6550/6550 6551/6551/6551 6552/6552/6552
f 6553/6553/6553 6554/6554/6554 6555/6555/6555
f 6553/6553/6553 6555/6555/6555 6556/6556/6556
f 6557/6557/6557 6558/6558/6558 6559/6559/6559
f 6557/6557/6557 6559/6559/6559 6560/6560/6560
f 6561/6561/6561 6562/6562/6562 6563/6563/6563
f 6561/6561/6561 6563/6563/6563 6564/6564/6564
f 6565/6565/6565 6566/6566/6566 6567/6567/6567
f 6565/6565/6565 6567/6567/6567 6568/6568/6568
f 6569/6569/6569 6570/6570/6570 6571/6571/6571
f 6569/6569/6569 6571/6571/6571 6572/6572/6572
f 6573/6573/6573 6574/6574/6574 6575/6575/6575
f 6573/6573/6573 6575/6575/6575 6576/6576/6576
f 6577/6577/6577 6578/6578/6578 6579/6579/6579
f 6577/6577/6577 6579/6579/6579 6580/6580/6580
f 6581/6581/6581 6582/6582/6582 6583/6583/6583
f 6581/6581/6581 6583/6583/6583 6584/6584/6584
f 6585/6585/6585 6586/6586/6586 6587/6587/6587
f 6585/6585/6585 6587/6587/6587 6588/6588/6588
f 6589/6589/6589 6590/6590/6590 6591/6591/6591
f 6589/6589/6589 6591/6591/6591 6592/6592/6592
f 6593/6593/6593 6594/6594/6594 6595/6595/6595
f 6593/6593/6593 6595/6595/6595 6596/6596/6596
f 6597/6597/6597 6598/6598/6598 6599/6599/6599
f 6597/6597/6597 6599/6599/6599 6600/6600/6600
f 6601/6601/6601 6602/6602/6602 6603/6603/6603
f 6601/6601/6601 6603/6603/6603 6604/6604/6604
f 6605/6605/6605 6606/6606/6606 6607/6607/6607
f 6605/6605/6605 6607/6607/6607 6608/6608/6608
f 6609/6609/6609 6610/6610/6610 6611/6611/6611
f 6609/6609/6609 6611/6611/6611 6612/6612/6612
f 6613/6613/6613 6614/6614/6614 6615/6615/6615
f 6613/6613/6613 6615/6615/6615 6616/6616/6616
f 6617/6617/6617 6618/6618/6618 6619/6619/6619
f 6617/6617/6617 6619/6619/6619 6620/6620/6620
f 6617/6617/6617 6620/6620/6620 6621/6621/6621
f 6617/6617/6617 6621/6621/6621 6622/6622/6622
f 6617/6617/6617 6622/6622/6622 6623/6623/6623
f 6617/6617/6617 6623/6623/6623 6624/6624/6624
f 6617/6617/6617 6624/6624/6624 6625/6625/6625
f 6617/6617/6617 6625/6625/6625 6626/6626/6626
f 6617/6617/6617 6626/6626/6626 6627/6627/6627
f 6617/6617/6617 6627/6627/6627 6628/6628/6628
f 6617/6617/6617 6628/6628/6628 6629/6629/6629
f 6617/6617/6617 6629/6629/6629 6630/6630/6630
f 6617/6617/6617 6630/6630/6630 6631/6631/6631
f 6617/6617/6617 6631/6631/6631 6632/6632/6632
f 6633/6633/6633 6634/6634/6634 6635/6635/6635
f 6633/6633/6633 6635/6635/6635 6636/6636/6636
f 6633/6633/6633 6636/6636/6636 6637/6637/6637
f 6633/6633/6633 6637/6637/6637 6638/6638/6638
f 6633/6633/6633 6638/6638/6638 6639/6639/6639
f 6633/6633/6633 6639/6639/6639 6640/6640/6640
f 6633/6633/6633 6640/6640/6640 6641/6641/6641
f 6633/6633/6633 6641/6641/6641 6642/6642/6642
f 6633/6633/6633 6642/6642/6642 6643/6643/6643
f 6633/6633/6633 6643/6643/6643 6644/6644/6644
f 6633/6633/6633 6644/6644/6644 6645/6645/6645
f 6633/6633/6633 6645/6645/6645 6646/6646/6646
f 6633/6633/6633 6646/6646/6646 6647/6647/6647
f 6633/6633/6633 6647/6647/6647 6648/6648/6648
f 6649/6649/6649 6650/6650/6650 6651/6651/6651
f 6649/6649/6649 6651/6651/6651 6652/6652/6652
f 6653/6653/6653 6654/6654/6654 6655/6655/6655
f 6653/6653/6653 6655/6655/6655 6656/6656/6656
f 6657/6657/6657 6658/6658/6658 6659/6659/6659
f 6657/6657/6657 6659/6659/6659 6660/6660/6660
f 6661/6661/6661 6662/6662/6662 6663/6663/6663
f 6661/6661/6661 6663/6663/6663 6664/6664/6664
f 6665/6665/6665 6666/6666/6666 6667/6667/6667
f 6665/6665/6665 6667/6667/6667 6668/6668/6668
f 6669/6669/6669 6670/6670/6670 6671/6671/6671
f 6669/6669/6669 6671/6671/6671 6672/6672/6672
f 6673/6673/6673 6674/6674/6674 6675/6675/6675
f 6673/6673/6673 6675/6675/6675 6676/6676/6676
f 6677/6677/6677 6678/6678/6678 6679/6679/6679
f 6677/6677/6677 6679/6679/6679 6680/6680/6680
f 6681/6681/6681 6682/6682/6682 6683/6683/6683
f 6681/6681/6681 6683/6683/6683 6684/6684/6684
f 6685/6685/6685 6686/6686/6686 6687/6687/6687
f 6685/6685/6685 6687/6687/6687 6688/6688/6688
f 6689/6689/6689 6690/6690/6690 6691/6691/6691
f 6689/6689/6689 6691/6691/6691 6692/6692/6692
f 6693/6693/6693 6694/6694/6694 6695/6695/6695
f 6693/6693/6693 6695/6695/6695 6696/6696/6696
f 6697/6697/6697 6698/6698/6698 6699/6699/6699
f 6697/6697/6697 6699/6699/6699 6700/6700/6700
f 6697/6697/6697 6700/6700/6700 6701/6701/6701
f 6697/6697/6697 6701/6701/6701 6702/6702/6702
f 6697/6697/6697 6702/6702/6702 6703/6703/6703
f 6697/6697/6697 6703/6703/6703 6704/6704/6704
f 6697/6697/6697 6704/6704/6704 6705/6705/6705
f 6697/6697/6697 6705/6705/6705 6706/6706/6706
f 6697/6697/6697 6706/6706/6706 6707/6707/6707
f 6697/6697/6697 6707/6707/6707 6708/6708/6708
f 6709/6709/6709 6710/6710/6710 6711/6711/6711
f 6709/6709/6709 6711/6711/6711 6712/6712/6712
f 6709/6709/6709 6712/6712/6712 6713/6713/6713
f 6709/6709/6709 6713/6713/6713 6714/6714/6714
f 6709/6709/6709 6714/6714/6714 6715/6715/6715
f 6709/6709/6709 6715/6715/6715 6716/6716/6716
f 6709/6709/6709 6716/6716/6716 6717/6717/6717
f 6709/6709/6709 6717/6717/6717 6718/6718/6718
f 6709/6709/6709 6718/6718/6718 6719/6719/6719
f 6709/6709/6709 6719/6719/6719 6720/6720/6720
f 6721/6721/6721 6722/6722/6722 6723/6723/6723
f 6721/6721/6721 6723/6723/6723 6724/6724/6724
f 6725/6725/6725 6726/6726/6726 6727/6727/6727
f 6725/6725/6725 6727/6727/6727 6728/6728/6728
f 6729/6729/6729 6730/6730/6730 6731/6731/6731
f 6729/6729/6729 6731/6731/6731 6732/6732/6732
f 6733/6733/6733 6734/6734/6734 6735/6735/6735
f 6733/6733/6733 6735/6735/6735 6736/6736/6736
f 6737/6737/6737 6738/6738/6738 6739/6739/6739
f 6737/6737/6737 6739/6739/6739 6740/6740/6740
f 6741/6741/6741 6742/6742/6742 6743/6743/6743
f 6741/6741/6741 6743/6743/6743 6744/6744/6744
f 6745/6745/6745 6746/6746/6746 6747/6747/6747
f 6745/6745/6745 6747/6747/6747 6748/6748/6748
f 6749/6749/6749 6750/6750/6750 6751/6751/6751
f 6749/6749/6749 6751/6751/6751 6752/6752/6752
f 6753/6753/6753 6754/6754/6754 6755/6755/6755
f 6753/6753/6753 6755/6755/6755 6756/6756/6756
f 6757/6757/6757 6758/6758/6758 6759/6759/6759
f 6757/6757/6757 6759/6759/6759 6760/6760/6760
f 6761/6761/6761 6762/6762/6762 6763/6763/6763
f 6761/6761/6761 6763/6763/6763 6764/6764/6764
f 6765/6765/6765 6766/6766/6766 6767/6767/6767
f 6765/6765/6765 6767/6767/6767 6768/6768/6768
f 6769/6769/6769 6770/6770/6770 6771/6771/6771
f 6769/6769/6769 6771/6771/6771 6772/6772/6772
f 6773/6773/6773 6774/6774/6774 6775/6775/6775
f 6773/6773/6773 6775/6775/6775 6776/6776/6776
f 6777/6777/6777 6778/6778/6778 6779/6779/6779
f 6777/6777/6777 6779/6779/6779 6780/6780/6780
f 6781/6781/6781 6782/6782/6782 6783/6783/6783
f 6781/6781/6781 6783/6783/6783 6784/6784/6784
f 6785/6785/6785 6786/6786/6786 6787/6787/6787
f 6785/6785/6785 6787/6787/6787 6788/6788/6788
f 6789/6789/6789 6790/6790/6790 6791/6791/6791
f 6789/6789/6789 6791/6791/6791 6792/6792/6792
f 6793/6793/6793 6794/6794/6794 6795/6795/6795
f 6796/6796/6796 6797/6797/6797 6798/6798/6798
f 6799/6799/6799 6800/6800/6800 6801/6801/6801
f 6802/6802/6802 6803/6803/6803 6804/6804/6804
f 6805/6805/6805 6806/6806/6806 6807/6807/6807
f 6808/6808/6808 6809/6809/6809 6810/6810/6810
f 6811/6811/6811 6812/6812/6812 6813/6813/6813
f 6814/6814/6814 6815/6815/6815 6816/6816/6816
f 6817/6817/6817 6818/6818/6818 6819/6819/6819
f 6817/6817/6817 6819/6819/6819 6820/6820/6820
f 6821/6821/6821 6822/6822/6822 6823/6823/6823
f 6821/6821/6821 6823/6823/6823 6824/6824/6824
f 6825/6825/6825 6826/6826/6826 6827/6827/6827
f 6825/6825/6825 6827/6827/6827 6828/6828/6828
f 6829/6829/6829 6830/6830/6830 6831/6831/6831
f 6829/6829/6829 6831/6831/6831 6832/6832/6832
f 6833/6833/6833 6834/6834/6834 6835/6835/6835
f 6833/6833/6833 6835/6835/6835 6836/6836/6836
f 6837/6837/6837 6838/6838/6838 6839/6839/6839
f 6837/6837/6837 6839/6839/6839 6840/6840/6840
f 6841/6841/6841 6842/6842/6842 6843/6843/6843
f 6841/6841/6841 6843/6843/6843 6844/6844/6844
f 6845/6845/6845 6846/6846/6846 6847/6847/6847
f 6845/6845/6845 6847/6847/6847 6848/6848/6848
f 6849/6849/6849 6850/6850/6850 6851/6851/6851
f 6849/6849/6849 6851/6851/6851 6852/6852/6852
f 6853/6853/6853 6854/6854/6854 6855/6855/6855
f 6853/6853/6853 6855/6855/6855 6856/6856/6856
f 6857/6857/6857 6858/6858/6858 6859/6859/6859
f 6857/6857/6857 6859/6859/6859 6860/6860/6860
f 6861/6861/6861 6862/6862/6862 6863/6863/6863
f 6861/6861/6861 6863/6863/6863 6864/6864/6864
f 6865/6865/6865 6866/6866/6866 6867/6867/6867
f 6865/6865/6865 6867/6867/6867 6868/6868/6868
f 6869/6869/6869 6870/6870/6870 6871/6871/6871
f 6869/6869/6869 6871/6871/6871 6872/6872/6872
f 6873/6873/6873 6874/6874/6874 6875/6875/6875
f 6873/6873/6873 6875/6875/6875 6876/6876/6876
f 6877/6877/6877 6878/6878/6878 6879/6879/6879
f 6877/6877/6877 6879/6879/6879 6880/6880/6880
f 6881/6881/6881 6882/6882/6882 6883/6883/6883
f 6881/6881/6881 6883/6883/6883 6884/6884/6884
f 6885/6885/6885 6886/6886/6886 6887/6887/6887
f 6885/6885/6885 6887/6887/6887 6888/6888/6888
f 6889/6889/6889 6890/6890/6890 6891/6891/6891
f 6892/6892/6892 6893/6893/6893 6894/6894/6894
f 6895/6895/6895 6896/6896/6896 6897/6897/6897
f 6898/6898/6898 6899/6899/6899 6900/6900/6900
f 6901/6901/6901 6902/6902/6902 6903/6903/6903
f 6904/6904/6904 6905/6905/6905 6906/6906/6906
f 6907/6907/6907 6908/6908/6908 6909/6909/6909
f 6910/6910/6910 6911/6911/6911 6912/6912/6912
f 6913/6913/6913 6914/6914/6914 6915/6915/6915
f 6913/6913/6913 6915/6915/6915 6916/6916/6916
f 6917/6917/6917 6918/6918/6918 6919/6919/6919
f 6917/6917/6917 6919/6919/6919 6920/6920/6920
f 6921/6921/6921 6922/6922/6922 6923/6923/6923
f 6921/6921/6921 6923/6923/6923 6924/6924/6924
f 6925/6925/6925 6926/6926/6926 6927/6927/6927
f 6925/6925/6925 6927/6927/6927 6928/6928/6928
f 6929/6929/6929 6930/6930/6930 6931/6931/6931
f 6929/6929/6929 6931/6931/6931 6932/6932/6932
f 6933/6933/6933 6934/6934/6934 6935/6935/6935
f 6933/6933/6933 6935/6935/6935 6936/6936/6936
f 6937/6937/6937 6938/6938/6938 6939/6939/6939
f 6937/6937/6937 6939/6939/6939 6940/6940/6940
f 6941/6941/6941 6942/6942/6942 6943/6943/6943
f 6941/6941/6941 6943/6943/6943 6944/6944/6944
f 6945/6945/6945 6946/6946/6946 6947/6947/6947
f 6945/6945/6945 6947/6947/6947 6948/6948/6948
f 6949/6949/6949 6950/6950/6950 6951/6951/6951
f 6949/6949/6949 6951/6951/6951 6952/6952/6952
f 6953/6953/6953 6954/6954/6954 6955/6955/6955
f 6953/6953/6953 6955/6955/6955 6956/6956/6956
f 6957/6957/6957 6958/6958/6958 6959/6959/6959
f 6957/6957/6957 6959/6959/6959 6960/6960/6960
f 6961/6961/6961 6962/6962/6962 6963/6963/6963
f 6961/6961/6961 6963/6963/6963 6964/6964/6964
f 6965/6965/6965 6966/6966/6966 6967/6967/6967
f 6965/6965/6965 6967/6967/6967 6968/6968/6968
f 6969/6969/6969 6970/6970/6970 6971/6971/6971
f 6969/6969/6969 6971/6971/6971 6972/6972/6972
f 6973/6973/6973 6974/6974/6974 6975/6975/6975
f 6973/6973/6973 6975/6975/6975 6976/6976/6976
f 6977/6977/6977 6978/6978/6978 6979/6979/6979
f 6977/6977/6977 6979/6979/6979 6980/6980/6980
f 6981/6981/6981 6982/6982/6982 6983/6983/6983
f 6981/6981/6981 6983/6983/6983 6984/6984/6984
f 6985/6985/6985 6986/6986/6986 6987/6987/6987
f 6988/6988/6988 6989/6989/6989 6990/6990/6990
f 6991/6991/6991 6992/6992/6992 6993/6993/6993
f 6994/6994/6994 6995/6995/6995 6996/6996/6996
f 6997/6997/6997 6998/6998/6998 6999/6999/6999
f 7000/7000/7000 7001/7001/7001 7002/7002/7002
f 7003/7003/7003 7004/7004/7004 7005/7005/7005
f 7006/7006/7006 7007/7007/7007 7008/7008/7008
f 7009/7009/7009 7010/7010/7010 7011/7011/7011
f 7009/7009/7009 7011/7011/7011 7012/7012/7012
f 7013/7013/7013 7014/7014/7014 7015/7015/7015
f 7013/7013/7013 7015/7015/7015 7016/7016/7016
f 7017/7017/7017 7018/7018/7018 7019/7019/7019
f 7017/7017/7017 7019/7019/7019 7020/7020/7020
f 7021/7021/7021 7022/7022/7022 7023/7023/7023
f 7021/7021/7021 7023/7023/7023 7024/7024/7024
f 7025/7025/7025 7026/7026/7026 7027/7027/7027
f 7025/7025/7025 7027/7027/7027 7028/7028/7028
f 7029/7029/7029 7030/7030/7030 7031/7031/7031
f 7029/7029/7029 7031/7031/7031 7032/7032/7032
f 7033/7033/7033 7034/7034/7034 7035/7035/7035
f 7033/7033/7033 7035/7035/7035 7036/7036/7036
f 7037/7037/7037 7038/7038/7038 7039/7039/7039
f 7037/7037/7037 7039/7039/7039 7040/7040/7040
f 7041/7041/7041 7042/7042/7042 7043/7043/7043
f 7041/7041/7041 7043/7043/7043 7044/7044/7044
f 7045/7045/7045 7046/7046/7046 7047/7047/7047
f 7045/7045/7045 7047/7047/7047 7048/7048/7048
f 7049/7049/7049 7050/7050/7050 7051/7051/7051
f 7049/7049/7049 7051/7051/7051 7052/7052/7052
f 7053/7053/7053 7054/7054/7054 7055/7055/7055
f 7053/7053/7053 7055/7055/7055 7056/7056/7056
f 7057/7057/7057 7058/7058/7058 7059/7059/7059
f 7057/7057/7057 7059/7059/7059 7060/7060/7060
f 7061/7061/7061 7062/7062/7062 7063/7063/7063
f 7061/7061/7061 7063/7063/7063 7064/7064/7064
f 7065/7065/7065 7066/7066/7066 7067/7067/7067
f 7065/7065/7065 7067/7067/7067 7068/7068/7068
f 7069/7069/7069 7070/7070/7070 7071/7071/7071
f 7069/7069/7069 7071/7071/7071 7072/7072/7072
f 7073/7073/7073 7074/7074/7074 7075/7075/7075
f 7073/7073/7073 7075/7075/7075 7076/7076/7076
f 7077/7077/7077 7078/7078/7078 7079/7079/7079
f 7077/7077/7077 7079/7079/7079 7080/7080/7080
f 7081/7081/7081 7082/7082/7082 7083/7083/7083
f 7084/7084/7084 7085/7085/7085 7086/7086/7086
f 7087/7087/7087 7088/7088/7088 7089/7089/7089
f 7090/7090/7090 7091/7091/7091 7092/7092/7092
f 7093/7093/7093 7094/7094/7094 7095/7095/7095
f 7096/7096/7096 7097/7097/7097 7098/7098/7098
f 7099/7099/7099 7100/7100/7100 7101/7101/7101
f 7102/7102/7102 7103/7103/7103 7104/7104/7104
f 7105/7105/7105 7106/7106/7106 7107/7107/7107
f 7105/7105/7105 7107/7107/7107 7108/7108/7108
f 7109/7109/7109 7110/7110/7110 7111/7111/7111
f 7109/7109/7109 7111/7111/7111 7112/7112/7112
f 7113/7113/7113 7114/7114/7114 7115/7115/7115
f 7113/7113/7113 7115/7115/7115 7116/7116/7116
f 7117/7117/7117 7118/7118/7118 7119/7119/7119
f 7117/7117/7117 7119/7119/7119 7120/7120/7120
f 7121/7121/7121 7122/7122/7122 7123/7123/7123
f 7121/7121/7121 7123/7123/7123 7124/7124/7124
f 7125/7125/7125 7126/7126/7126 7127/7127/7127
f 7125/7125/7125 7127/7127/7127 7128/7128/7128
f 7129/7129/7129 7130/7130/7130 7131/7131/7131
f 7129/7129/7129 7131/7131/7131 7132/7132/7132
f 7133/7133/7133 7134/7134/7134 7135/7135/7135
f 7133/7133/7133 7135/7135/7135 7136/7136/7136
f 7137/7137/7137 7138/7138/7138 7139/7139/7139
f 7137/7137/7137 7139/7139/7139 7140/7140/7140
f 7141/7141/7141 7142/7142/7142 7143/7143/7143
f 7141/7141/7141 7143/7143/7143 7144/7144/7144
f 7145/7145/7145 7146/7146/7146 7147/7147/7147
f 7145/7145/7145 7147/7147/7147 7148/7148/7148
f 7149/7149/7149 7150/7150/7150 7151/7151/7151
f 7149/7149/7149 7151/7151/7151 7152/7152/7152
f 7153/7153/7153 7154/7154/7154 7155/7155/7155
f 7153/7153/7153 7155/7155/7155 7156/7156/7156
f 7157/7157/7157 7158/7158/7158 7159/7159/7159
f 7157/7157/7157 7159/7159/7159 7160/7160/7160
f 7161/7161/7161 7162/7162/7162 7163/7163/7163
f 7161/7161/7161 7163/7163/7163 7164/7164/7164
f 7165/7165/7165 7166/7166/7166 7167/7167/7167
f 7165/7165/7165 7167/7167/7167 7168/7168/7168
f 7169/7169/7169 7170/7170/7170 7171/7171/7171
f 7169/7169/7169 7171/7171/7171 7172/7172/7172
f 7173/7173/7173 7174/7174/7174 7175/7175/7175
f 7173/7173/7173 7175/7175/7175 7176/7176/7176
f 7177/7177/7177 7178/7178/7178 7179/7179/7179
f 7180/7180/7180 7181/7181/7181 7182/7182/7182
f 7183/7183/7183 7184/7184/7184 7185/7185/7185
f 7186/7186/7186 7187/7187/7187 7188/7188/7188
f 7189/7189/7189 7190/7190/7190 7191/7191/7191
f 7192/7192/7192 7193/7193/7193 7194/7194/7194
f 7195/7195/7195 7196/7196/7196 7197/7197/7197
f 7198/7198/7198 7199/7199/7199 7200/7200/7200
f 7201/7201/7201 7202/7202/7202 7203/7203/7203
f 7201/7201/7201 7203/7203/7203 7204/7204/7204
f 7205/7205/7205 7206/7206/7206 7207/7207/7207
f 7205/7205/7205 7207/7207/7207 7208/7208/7208
f 7209/7209/7209 7210/7210/7210 7211/7211/7211
f 7209/7209/7209 7211/7211/7211 7212/7212/7212
f 7213/7213/7213 7214/7214/7214 7215/7215/7215
f 7213/7213/7213 7215/7215/7215 7216/7216/7216
f 7217/7217/7217 7218/7218/7218 7219/7219/7219
f 7217/7217/7217 7219/7219/7219 7220/7220/7220
f 7221/7221/7221 7222/7222/7222 7223/7223/7223
f 7221/7221/7221 7223/7223/7223 7224/7224/7224
f 7225/7225/7225 7226/7226/7226 7227/7227/7227
f 7225/7225/7225 7227/7227/7227 7228/7228/7228
f 7229/7229/7229 7230/7230/7230 7231/7231/7231
f 7229/7229/7229 7231/7231/7231 7232/7232/7232
f 7233/7233/7233 7234/7234/7234 7235/7235/7235
f 7233/7233/7233 7235/7235/7235 7236/7236/7236
f 7237/7237/7237 7238/7238/7238 7239/7239/7239
f 7237/7237/7237 7239/7239/7239 7240/7240/7240
f 7241/7241/7241 7242/7242/7242 7243/7243/7243
f 7241/7241/7241 7243/7243/7243 7244/7244/7244
f 7245/7245/7245 7246/7246/7246 7247/7247/7247
f 7245/7245/7245 7247/7247/7247 7248/7248/7248
f 7249/7249/7249 7250/7250/7250 7251/7251/7251
f 7249/7249/7249 7251/7251/7251 7252/7252/7252
f 7253/7253/7253 7254/7254/7254 7255/7255/7255
f 7253/7253/7253 7255/7255/7255 7256/7256/7256
f 7257/7257/7257 7258/7258/7258 7259/7259/7259
f 7257/7257/7257 7259/7259/7259 7260/7260/7260
f 7261/7261/7261 7262/7262/7262 7263/7263/7263
f 7261/7261/7261 7263/7263/7263 7264/7264/7264
f 7265/7265/7265 7266/7266/7266 7267/7267/7267
f 7265/7265/7265 7267/7267/7267 7268/7268/7268
f 7269/7269/7269 7270/7270/7270 7271/7271/7271
f 7269/7269/7269 7271/7271/7271 7272/7272/7272
f 7273/7273/7273 7274/7274/7274 7275/7275/7275
f 7276/7276/7276 7277/7277/7277 7278/7278/7278
f 7279/7279/7279 7280/7280/7280 7281/7281/7281
f 7282/7282/7282 7283/7283/7283 7284/7284/7284
f 7285/7285/7285 7286/7286/7286 7287/7287/7287
f 7288/7288/7288 7289/7289/7289 7290/7290/7290
f 7291/7291/7291 7292/7292/7292 7293/7293/7293
f 7294/7294/7294 7295/7295/7295 7296/7296/7296
f 7297/7297/7297 7298/7298/7298 7299/7299/7299
f 7297/7297/7297 7299/7299/7299 7300/7300/7300
f 7301/7301/7301 7302/7302/7302 7303/7303/7303
f 7301/7301/7301 7303/7303/7303 7304/7304/7304
f 7305/7305/7305 7306/7306/7306 7307/7307/7307
f 7305/7305/7305 7307/7307/7307 7308/7308/7308
f 7309/7309/7309 7310/7310/7310 7311/7311/7311
f 7309/7309/7309 7311/7311/7311 7312/7312/7312
f 7313/7313/7313 7314/7314/7314 7315/7315/7315
f 7313/7313/7313 7315/7315/7315 7316/7316/7316
f 7317/7317/7317 7318/7318/7318 7319/7319/7319
f 7317/7317/7317 7319/7319/7319 7320/7320/7320
f 7321/7321/7321 7322/7322/7322 7323/7323/7323
f 7321/7321/7321 7323/7323/7323 7324/7324/7324
f 7325/7325/7325 7326/7326/7326 7327/7327/7327
f 7325/7325/7325 7327/7327/7327 7328/7328/7328
f 7329/7329/7329 7330/7330/7330 7331/7331/7331
f 7329/7329/7329 7331/7331/7331 7332/7332/7332
f 7333/7333/7333 7334/7334/7334 7335/7335/7335
f 7333/7333/7333 7335/7335/7335 7336/7336/7336
f 7337/7337/7337 7338/7338/7338 7339/7339/7339
f 7337/7337/7337 7339/7339/7339 7340/7340/7340
f 7341/7341/7341 7342/7342/7342 7343/7343/7343
f 7341/7341/7341 7343/7343/7343 7344/7344/7344
f 7345/7345/7345 7346/7346/7346 7347/7347/7347
f 7345/7345/7345 7347/7347/7347 7348/7348/7348
f 7349/7349/7349 7350/7350/7350 7351/7351/7351
f 7349/7349/7349 7351/7351/7351 7352/7352/7352
f 7353/7353/7353 7354/7354/7354 7355/7355/7355
f 7353/7353/7353 7355/7355/7355 7356/7356/7356
f 7357/7357/7357 7358/7358/7358 7359/7359/7359
f 7357/7357/7357 7359/7359/7359 7360/7360/7360
f 7361/7361/7361 7362/7362/7362 7363/7363/7363
f 7361/7361/7361 7363/7363/7363 7364/7364/7364
f 7365/7365/7365 7366/7366/7366 7367/7367/7367
f 7365/7365/7365 7367/7367/7367 7368/7368/7368
f 7369/7369/7369 7370/7370/7370 7371/7371/7371
f 7372/7372/7372 7373/7373/7373 7374/7374/7374
f 7375/7375/7375 7376/7376/7376 7377/7377/7377
f 7378/7378/7378 7379/7379/7379 7380/7380/7380
f 7381/7381/7381 7382/7382/7382 7383/7383/7383
f 7384/7384/7384 7385/7385/7385 7386/7386/7386
f 7387/7387/7387 7388/7388/7388 7389/7389/7389
f 7390/7390/7390 7391/7391/7391 7392/7392/7392
f 7393/7393/7393 7394/7394/7394 7395/7395/7395
f 7393/7393/7393 7395/7395/7395 7396/7396/7396
f 7397/7397/7397 7398/7398/7398 7399/7399/7399
f 7397/7397/7397 7399/7399/7399 7400/7400/7400
f 7401/7401/7401 7402/7402/7402 7403/7403/7403
f 7401/7401/7401 7403/7403/7403 7404/7404/7404
f 7405/7405/7405 7406/7406/7406 7407/7407/7407
f 7405/7405/7405 7407/7407/7407 7408/7408/7408
f 7409/7409/7409 7410/7410/7410 7411/7411/7411
f 7409/7409/7409 7411/7411/7411 7412/7412/7412
f 7413/7413/7413 7414/7414/7414 7415/7415/7415
f 7413/7413/7413 7415/7415/7415 7416/7416/7416
f 7417/7417/7417 7418/7418/7418 7419/7419/7419
f 7417/7417/7417 7419/7419/7419 7420/7420/7420
f 7421/7421/7421 7422/7422/7422 7423/7423/7423
f 7421/7421/7421 7423/7423/7423 7424/7424/7424
f 7425/7425/7425 7426/7426/7426 7427/7427/7427
f 7425/7425/7425 7427/7427/7427 7428/7428/7428
f 7429/7429/7429 7430/7430/7430 7431/7431/7431
f 7429/7429/7429 7431/7431/7431 7432/7432/7432
f 7433/7433/7433 7434/7434/7434 7435/7435/7435
f 7433/7433/7433 7435/7435/7435 7436/7436/7436
f 7437/7437/7437 7438/7438/7438 7439/7439/7439
f 7437/7437/7437 7439/7439/7439 7440/7440/7440
f 7441/7441/7441 7442/7442/7442 7443/7443/7443
f 7441/7441/7441 7443/7443/7443 7444/7444/7444
f 7445/7445/7445 7446/7446/7446 7447/7447/7447
f 7445/7445/7445 7447/7447/7447 7448/7448/7448
f 7449/7449/7449 7450/7450/7450 7451/7451/7451
f 7449/7449/7449 7451/7451/7451 7452/7452/7452
f 7453/7453/7453 7454/7454/7454 7455/7455/7455
f 7453/7453/7453 7455/7455/7455 7456/7456/7456
f 7457/7457/7457 7458/7458/7458 7459/7459/7459
f 7457/7457/7457 7459/7459/7459 7460/7460/7460
f 7460/7460/7460 7459/7459/7459 7461/7461/7461
f 7460/7460/7460 7461/7461/7461 7462/7462/7462
f 7462/7462/7462 7461/7461/7461 7463/7463/7463
f 7462/7462/7462 7463/7463/7463 7464/7464/7464
f 7464/7464/7464 7463/7463/7463 7465/7465/7465
f 7464/7464/7464 7465/7465/7465 7466/7466/7466
f 7466/7466/7466 7465/7465/7465 7467/7467/7467
f 7466/7466/7466 7467/7467/7467 7468/7468/7468
f 7468/7468/7468 7467/7467/7467 7469/7469/7469
f 7468/7468/7468 7469/7469/7469 7470/7470/7470
f 7470/7470/7470 7469/7469/7469 7471/7471/7471
f 7470/7470/7470 7471/7471/7471 7472/7472/7472
f 7472/7472/7472 7471/7471/7471 7473/7473/7473
f 7472/7472/7472 7473/7473/7473 7474/7474/7474
f 7474/7474/7474 7473/7473/7473 7475/7475/7475
f 7474/7474/7474 7475/7475/7475 7476/7476/7476
f 7476/7476/7476 7475/7475/7475 7477/7477/7477
f 7476/7476/7476 7477/7477/7477 7478/7478/7478
f 7478/7478/7478 7477/7477/7477 7479/7479/7479
f 7478/7478/7478 7479/7479/7479 7480/7480/7480
f 7480/7480/7480 7479/7479/7479 7481/7481/7481
f 7480/7480/7480 7481/7481/7481 7482/7482/7482
f 7482/7482/7482 7481/7481/7481 7483/7483/7483
f 7482/7482/7482 7483/7483/7483 7484/7484/7484
f 7484/7484/7484 7483/7483/7483 7485/7485/7485
f 7484/7484/7484 7485/7485/7485 7486/7486/7486
f 7486/7486/7486 7485/7485/7485 7487/7487/7487
f 7486/7486/7486 7487/7487/7487 7488/7488/7488
f 7488/7488/7488 7487/7487/7487 7489/7489/7489
f 7488/7488/7488 7489/7489/7489 7490/7490/7490
f 7491/7491/7491 7492/7492/7492 7493/7493/7493
f 7491/7491/7491 7493/7493/7493 7494/7494/7494
f 7495/7495/7495 7496/7496/7496 7497/7497/7497
f 7495/7495/7495 7497/7497/7497 7498/7498/7498
f 7499/7499/7499 7500/7500/7500 7501/7501/7501
f 7499/7499/7499 7501/7501/7501 7502/7502/7502
f 7503/7503/7503 7504/7504/7504 7505/7505/7505
f 7503/7503/7503 7505/7505/7505 7506/7506/7506
f 7507/7507/7507 7508/7508/7508 7509/7509/7509
f 7507/7507/7507 7509/7509/7509 7510/7510/7510
f 7511/7511/7511 7512/7512/7512 7513/7513/7513
f 7511/7511/7511 7513/7513/7513 7514/7514/7514
f 7515/7515/7515 7516/7516/7516 7517/7517/7517
f 7515/7515/7515 7517/7517/7517 7518/7518/7518
f 7519/7519/7519 7520/7520/7520 7521/7521/7521
f 7519/7519/7519 7521/7521/7521 7522/7522/7522
f 7523/7523/7523 7524/7524/7524 7525/7525/7525
f 7523/7523/7523 7525/7525/7525 7526/7526/7526
f 7527/7527/7527 7528/7528/7528 7529/7529/7529
f 7527/7527/7527 7529/7529/7529 7530/7530/7530
f 7531/7531/7531 7532/7532/7532 7533/7533/7533
f 7531/7531/7531 7533/7533/7533 7534/7534/7534
f 7535/7535/7535 7536/7536/7536 7537/7537/7537
f 7535/7535/7535 7537/7537/7537 7538/7538/7538
f 7539/7539/7539 7540/7540/7540 7541/7541/7541
f 7539/7539/7539 7541/7541/7541 7542/7542/7542
f 7543/7543/7543 7544/7544/7544 7545/7545/7545
f 7543/7543/7543 7545/7545/7545 7546/7546/7546
f 7547/7547/7547 7548/7548/7548 7549/7549/7549
f 7547/7547/7547 7549/7549/7549 7550/7550/7550
f 7551/7551/7551 7552/7552/7552 7553/7553/7553
f 7551/7551/7551 7553/7553/7553 7554/7554/7554
f 7555/7555/7555 7556/7556/7556 7557/7557/7557
f 7555/7555/7555 7557/7557/7557 7558/7558/7558
f 7559/7559/7559 7560/7560/7560 7561/7561/7561
f 7559/7559/7559 7561/7561/7561 7562/7562/7562
f 7563/7563/7563 7564/7564/7564 7565/7565/7565
f 7563/7563/7563 7565/7565/7565 7566/7566/7566
f 7567/7567/7567 7568/7568/7568 7569/7569/7569
f 7567/7567/7567 7569/7569/7569 7570/7570/7570
f 7571/7571/7571 7572/7572/7572 7573/7573/7573
f 7571/7571/7571 7573/7573/7573 7574/7574/7574
f 7575/7575/7575 7576/7576/7576 7577/7577/7577
f 7575/7575/7575 7577/7577/7577 7578/7578/7578
f 7579/7579/7579 7580/7580/7580 7581/7581/7581
f 7579/7579/7579 7581/7581/7581 7582/7582/7582
f 7583/7583/7583 7584/7584/7584 7585/7585/7585
f 7583/7583/7583 7585/7585/7585 7586/7586/7586
f 7587/7587/7587 7588/7588/7588 7589/7589/7589
f 7587/7587/7587 7589/7589/7589 7590/7590/7590
f 7591/7591/7591 7592/7592/7592 7593/7593/7593
f 7591/7591/7591 7593/7593/7593 7594/7594/7594
f 7595/7595/7595 7596/7596/7596 7597/7597/7597
f 7595/7595/7595 7597/7597/7597 7598/7598/7598
f 7599/7599/7599 7600/7600/7600 7601/7601/7601
f 7599/7599/7599 7601/7601/7601 7602/7602/7602
f 7603/7603/7603 7604/7604/7604 7605/7605/7605
f 7603/7603/7603 7605/7605/7605 7606/7606/7606
f 7607/7607/7607 7608/7608/7608 7609/7609/7609
f 7607/7607/7607 7609/7609/7609 7610/7610/7610
f 7611/7611/7611 7612/7612/7612 7613/7613/7613
f 7611/7611/7611 7613/7613/7613 7614/7614/7614
f 7615/7615/7615 7616/7616/7616 7617/7617/7617
f 7615/7615/7615 7617/7617/7617 7618/7618/7618
f 7619/7619/7619 7620/7620/7620 7621/7621/7621
f 7619/7619/7619 7621/7621/7621 7622/7622/7622
f 7619/7619/7619 7622/7622/7622 7623/7623/7623
f 7619/7619/7619 7623/7623/7623 7624/7624/7624
f 7619/7619/7619 7624/7624/7624 7625/7625/7625
f 7619/7619/7619 7625/7625/7625 7626/7626/7626
f 7619/7619/7619 7626/7626/7626 7627/7627/7627
f 7619/7619/7619 7627/7627/7627 7628/7628/7628
f 7619/7619/7619 7628/7628/7628 7629/7629/7629
f 7619/7619/7619 7629/7629/7629 7630/7630/7630
f 7619/7619/7619 7630/7630/7630 7631/7631/7631
f 7619/7619/7619 7631/7631/7631 7632/7632/7632
f 7619/7619/7619 7632/7632/7632 7633/7633/7633
f 7619/7619/7619 7633/7633/7633 7634/7634/7634
f 7635/7635/7635 7636/7636/7636 7637/7637/7637
f 7635/7635/7635 7637/7637/7637 7638/7638/7638
f 7635/7635/7635 7638/7638/7638 7639/7639/7639
f 7635/7635/7635 7639/7639/7639 7640/7640/7640
f 7635/7635/7635 7640/7640/7640 7641/7641/7641
f 7635/7635/7635 7641/7641/7641 7642/7642/7642
f 7635/7635/7635 7642/7642/7642 7643/7643/7643
f 7635/7635/7635 7643/7643/7643 7644/7644/7644
f 7635/7635/7635 7644/7644/7644 7645/7645/7645
f 7635/7635/7635 7645/7645/7645 7646/7646/7646
f 7635/7635/7635 7646/7646/7646 7647/7647/7647
f 7635/7635/7635 7647/7647/7647 7648/7648/7648
f 7635/7635/7635 7648/7648/7648 7649/7649/7649
f 7635/7635/7635 7649/7649/7649 7650/7650/7650
f 7651/7651/7651 7652/7652/7652 7653/7653/7653
f 7651/7651/7651 7653/7653/7653 7654/7654/7654
f 7654/7654/7654 7653/7653/7653 7655/7655/7655
f 7654/7654/7654 7655/7655/7655 7656/7656/7656
f 7656/7656/7656 7655/7655/7655 7657/7657/7657
f 7656/7656/7656 7657/7657/7657 7658/7658/7658
f 7658/7658/7658 7657/7657/7657 7659/7659/7659
f 7658/7658/7658 7659/7659/7659 7660/7660/7660
f 7660/7660/7660 7659/7659/7659 7661/7661/7661
f 7660/7660/7660 7661/7661/7661 7662/7662/7662
f 7662/7662/7662 7661/7661/7661 7663/7663/7663
f 7662/7662/7662 7663/7663/7663 7664/7664/7664
f 7664/7664/7664 7663/7663/7663 7665/7665/7665
f 7664/7664/7664 7665/7665/7665 7666/7666/7666
f 7666/7666/7666 7665/7665/7665 7667/7667/7667
f 7666/7666/7666 7667/7667/7667 7668/7668/7668
f 7668/7668/7668 7667/7667/7667 7669/7669/7669
f 7668/7668/7668 7669/7669/7669 7670/7670/7670
f 7670/7670/7670 7669/7669/7669 7671/7671/7671
f 7670/7670/7670 7671/7671/7671 7672/7672/7672
f 7672/7672/7672 7671/7671/7671 7673/7673/7673
f 7672/7672/7672 7673/7673/7673 7674/7674/7674
f 7674/7674/7674 7673/7673/7673 7675/7675/7675
f 7674/7674/7674 7675/7675/7675 7676/7676/7676
f 7676/7676/7676 7675/7675/7675 7677/7677/7677
f 7676/7676/7676 7677/7677/7677 7678/7678/7678
f 7678/7678/7678 7677/7677/7677 7679/7679/7679
f 7678/7678/7678 7679/7679/7679 7680/7680/7680
f 7680/7680/7680 7679/7679/7679 7681/7681/7681
f 7680/7680/7680 7681/7681/7681 7682/7682/7682
f 7682/7682/7682 7681/7681/7681 7683/7683/7683
f 7682/7682/7682 7683/7683/7683 7684/7684/7684
f 7685/7685/7685 7686/7686/7686 7687/7687/7687
f 7685/7685/7685 7687/7687/7687 7688/7688/7688
f 7685/7685/7685 7688/7688/7688 7689/7689/7689
f 7685/7685/7685 7689/7689/7689 7690/7690/7690
f 7685/7685/7685 7690/7690/7690 7691/7691/7691
f 7685/7685/7685 7691/7691/7691 7692/7692/7692
f 7685/7685/7685 7692/7692/7692 7693/7693/7693
f 7685/7685/7685 7693/7693/7693 7694/7694/7694
f 7685/7685/7685 7694/7694/7694 7695/7695/7695
f 7685/7685/7685 7695/7695/7695 7696/7696/7696
f 7685/7685/7685 7696/7696/7696 7697/7697/7697
f 7685/7685/7685 7697/7697/7697 7698/7698/7698
f 7685/7685/7685 7698/7698/7698 7699/7699/7699
f 7685/7685/7685 7699/7699/7699 7700/7700/7700
f 7701/7701/7701 7702/7702/7702 7703/7703/7703
f 7701/7701/7701 7703/7703/7703 7704/7704/7704
f 7701/7701/7701 7704/7704/7704 7705/7705/7705
f 7701/7701/7701 7705/7705/7705 7706/7706/7706
f 7701/7701/7701 7706/7706/7706 7707/7707/7707
f 7701/7701/7701 7707/7707/7707 7708/7708/7708
f 7701/7701/7701 7708/7708/7708 7709/7709/7709
f 7701/7701/7701 7709/7709/7709 7710/7710/7710
f 7701/7701/7701 7710/7710/7710 7711/7711/7711
f 7701/7701/7701 7711/7711/7711 7712/7712/7712
f 7701/7701/7701 7712/7712/7712 7713/7713/7713
f 7701/7701/7701 7713/7713/7713 7714/7714/7714
f 7701/7701/7701 7714/7714/7714 7715/7715/7715
f 7701/7701/7701 7715/7715/7715 7716/7716/7716
f 7717/7717/7717 7718/7718/7718 7719/7719/7719
f 7717/7717/7717 7719/7719/7719 7720/7720/7720
f 7721/7721/7721 7722/7722/7722 7723/7723/7723
f 7721/7721/7721 7723/7723/7723 7724/7724/7724
f 7725/7725/7725 7726/7726/7726 7727/7727/7727
f 7725/7725/7725 7727/7727/7727 7728/7728/7728
f 7729/7729/7729 7730/7730/7730 7731/7731/7731
f 7729/7729/7729 7731/7731/7731 7732/7732/7732
f 7733/7733/7733 7734/7734/7734 7735/7735/7735
f 7733/7733/7733 7735/7735/7735 7736/7736/7736
f 7737/7737/7737 7738/7738/7738 7739/7739/7739
f 7737/7737/7737 7739/7739/7739 7740/7740/7740
f 7741/7741/7741 7742/7742/7742 7743/7743/7743
f 7741/7741/7741 7743/7743/7743 7744/7744/7744
f 7745/7745/7745 7746/7746/7746 7747/7747/7747
f 7745/7745/7745 7747/7747/7747 7748/7748/7748
f 7749/7749/7749 7750/7750/7750 7751/7751/7751
f 7749/7749/7749 7751/7751/7751 7752/7752/7752
f 7753/7753/7753 7754/7754/7754 7755/7755/7755
f 7753/7753/7753 7755/7755/7755 7756/7756/7756
f 7757/7757/7757 7758/7758/7758 7759/7759/7759
f 7757/7757/7757 7759/7759/7759 7760/7760/7760
f 7761/7761/7761 7762/7762/7762 7763/7763/7763
f 7761/7761/7761 7763/7763/7763 7764/7764/7764
f 7765/7765/7765 7766/7766/7766 7767/7767/7767
f 7765/7765/7765 7767/7767/7767 7768/7768/7768
f 7769/7769/7769 7770/7770/7770 7771/7771/7771
f 7769/7769/7769 7771/7771/7771 7772/7772/7772
f 7773/7773/7773 7774/7774/7774 7775/7775/7775
f 7773/7773/7773 7775/7775/7775 7776/7776/7776
f 7777/7777/7777 7778/7778/7778 7779/7779/7779
f 7777/7777/7777 7779/7779/7779 7780/7780/7780
f 7781/7781/7781 7782/7782/7782 7783/7783/7783
f 7781/7781/7781 7783/7783/7783 7784/7784/7784
f 7785/7785/7785 7786/7786/7786 7787/7787/7787
f 7785/7785/7785 7787/7787/7787 7788/7788/7788
f 7789/7789/7789 7790/7790/7790 7791/7791/7791
f 7789/7789/7789 7791/7791/7791 7792/7792/7792
f 7793/7793/7793 7794/7794/7794 7795/7795/7795
f 7796/7796/7796 7797/7797/7797 7798/7798/7798
f 7799/7799/7799 7800/7800/7800 7801/7801/7801
f 7802/7802/7802 7803/7803/7803 7804/7804/7804
f 7805/7805/7805 7806/7806/7806 7807/7807/7807
f 7808/7808/7808 7809/7809/7809 7810/7810/7810
f 7811/7811/7811 7812/7812/7812 7813/7813/7813
f 7814/7814/7814 7815/7815/7815 7816/7816/7816
